userId,avg_rating,rating_std,num_ratings,min_rating,max_rating,first_rating_time,last_rating_time,rating_range,rating_consistency,user_activity_days,ratings_per_day,avg_(no genres listed),avg_Action,avg_Adventure,avg_Animation,avg_Children,avg_Comedy,avg_Crime,avg_Documentary,avg_Drama,avg_Fantasy,avg_Film-Noir,avg_Horror,avg_IMAX,avg_Musical,avg_Mystery,avg_Romance,avg_Sci-Fi,avg_Thriller,avg_War,avg_Western,count_(no genres listed),count_Action,count_Adventure,count_Animation,count_Children,count_Comedy,count_Crime,count_Documentary,count_Drama,count_Fantasy,count_Film-Noir,count_Horror,count_IMAX,count_Musical,count_Mystery,count_Romance,count_Sci-Fi,count_Thriller,count_War,count_Western,num_tags,tag_diversity,high_ratings_ratio,low_ratings_ratio,extreme_ratings_ratio
1,4.366379310344827,0.8000480467733436,232,1.0,5.0,964980499,965719662,4.0,1.1110517972734704,8.555127314814815,24.280157904363445,0.0,4.322222222222222,4.3882352941176475,4.689655172413793,4.5476190476190474,4.27710843373494,4.355555555555555,0.0,4.529411764705882,4.297872340425532,5.0,3.4705882352941178,0.0,4.681818181818182,4.166666666666667,4.3076923076923075,4.225,4.1454545454545455,4.5,4.285714285714286,0.0,90.0,85.0,29.0,42.0,83.0,45.0,0.0,68.0,47.0,1.0,17.0,0.0,22.0,18.0,26.0,40.0,55.0,22.0,7.0,0.0,0.0,0.8620689655172413,0.02586206896551724,0.5387931034482759
2,3.9482758620689653,0.8056145345791144,29,2.0,5.0,1445714835,1445715340,3.0,1.104222560280298,0.005844907407407407,28.831482653472182,0.0,3.9545454545454546,4.166666666666667,0.0,0.0,4.0,3.8,4.333333333333333,3.8823529411764706,0.0,0.0,3.0,3.75,0.0,4.0,4.5,3.875,3.7,4.5,3.5,0.0,11.0,3.0,0.0,0.0,7.0,10.0,3.0,17.0,0.0,0.0,1.0,4.0,0.0,2.0,1.0,4.0,10.0,1.0,1.0,9.0,9.0,0.6551724137931034,0.034482758620689655,0.20689655172413793
3,2.4358974358974357,2.0906417019771424,39,0.5,5.0,1306463323,1306464293,4.5,0.45648724713742994,0.011226851851851852,38.5670138491473,0.0,3.5714285714285716,2.727272727272727,0.5,0.5,1.0,0.5,0.0,0.75,3.375,0.0,4.6875,0.0,0.5,5.0,0.5,4.2,4.142857142857143,0.5,0.0,0.0,14.0,11.0,4.0,5.0,9.0,2.0,0.0,16.0,4.0,0.0,8.0,0.0,1.0,1.0,5.0,15.0,7.0,5.0,0.0,0.0,0.0,0.41025641025641024,0.5384615384615384,0.2564102564102564
4,3.5555555555555554,1.3142038589753633,216,1.0,5.0,945078428,1007574542,4.0,0.7071116329187027,723.3346527777778,0.29820470299419416,0.0,3.32,3.6551724137931036,4.0,3.8,3.5096153846153846,3.814814814814815,4.0,3.4833333333333334,3.6842105263157894,4.0,4.25,3.0,4.0,3.4782608695652173,3.3793103448275863,2.8333333333333335,3.5526315789473686,3.5714285714285716,3.8,0.0,25.0,29.0,6.0,10.0,104.0,27.0,2.0,120.0,19.0,4.0,4.0,1.0,16.0,23.0,58.0,12.0,38.0,7.0,10.0,0.0,0.0,0.5925925925925926,0.22685185185185186,0.4027777777777778
5,3.6363636363636362,0.9904405665441197,44,1.0,5.0,847434747,847435337,4.0,0.9170605264340553,0.006828703703703704,43.701574893665935,0.0,3.111111111111111,3.25,4.333333333333333,4.111111111111111,3.466666666666667,3.8333333333333335,0.0,3.8,4.142857142857143,0.0,3.0,3.6666666666666665,4.4,4.0,3.090909090909091,2.5,3.5555555555555554,3.3333333333333335,3.0,0.0,9.0,8.0,6.0,9.0,15.0,12.0,0.0,25.0,7.0,0.0,1.0,3.0,5.0,1.0,11.0,2.0,9.0,3.0,2.0,0.0,0.0,0.5227272727272727,0.09090909090909091,0.25
6,3.4936305732484074,0.8506476787198631,314,1.0,5.0,845553109,845556915,4.0,1.051914418332767,0.044050925925925924,300.7516129747467,0.0,3.609375,3.893617021276596,4.071428571428571,3.617021276595745,3.37007874015748,3.2857142857142856,0.0,3.6142857142857143,3.5384615384615383,2.5,3.263157894736842,4.666666666666667,4.166666666666667,3.7333333333333334,3.6142857142857143,3.4761904761904763,3.5441176470588234,3.5833333333333335,3.8181818181818183,0.0,64.0,47.0,14.0,47.0,127.0,35.0,0.0,140.0,26.0,2.0,19.0,3.0,12.0,15.0,70.0,21.0,68.0,12.0,11.0,0.0,0.0,0.45222929936305734,0.06369426751592357,0.14968152866242038
7,3.2302631578947367,1.3295938469468669,152,0.5,5.0,1106635416,1176181731,4.5,0.6994993732909978,804.9342013888889,0.1886010045709118,0.0,3.2578125,3.314814814814815,3.392857142857143,3.2,3.163265306122449,3.3076923076923075,0.0,3.1315789473684212,3.0652173913043477,3.25,4.0,2.4545454545454546,3.6666666666666665,3.1785714285714284,2.65,3.1547619047619047,3.4302325581395348,3.2916666666666665,1.5,0.0,64.0,54.0,14.0,15.0,49.0,26.0,0.0,57.0,23.0,2.0,5.0,11.0,9.0,14.0,30.0,42.0,43.0,12.0,1.0,1.0,1.0,0.4605263157894737,0.26973684210526316,0.16447368421052633
8,3.574468085106383,0.972327571638279,47,1.0,5.0,839463422,839464076,4.0,0.9325508608085322,0.007569444444444445,46.64690881521814,0.0,3.3333333333333335,3.5454545454545454,5.0,4.25,3.2083333333333335,3.888888888888889,0.0,3.789473684210526,3.25,0.0,4.5,4.5,5.0,4.0,3.5,3.25,3.75,3.6666666666666665,3.0,0.0,12.0,11.0,1.0,4.0,24.0,9.0,0.0,19.0,4.0,0.0,2.0,2.0,1.0,3.0,14.0,4.0,16.0,3.0,2.0,0.0,0.0,0.46808510638297873,0.0851063829787234,0.23404255319148937
9,3.260869565217391,1.2725264914718217,46,1.0,5.0,1044656650,1044657338,4.0,0.728583387070114,0.007962962962962963,45.636597464633475,0.0,3.125,3.8,4.0,4.0,3.6666666666666665,3.142857142857143,0.0,3.4285714285714284,5.0,4.0,1.8,3.0,3.0,4.0,3.1666666666666665,3.0,2.5454545454545454,3.5,4.0,0.0,8.0,10.0,1.0,1.0,15.0,7.0,0.0,21.0,2.0,1.0,5.0,1.0,1.0,3.0,6.0,8.0,11.0,2.0,1.0,0.0,0.0,0.4782608695652174,0.2608695652173913,0.30434782608695654
10,3.2785714285714285,1.1757003554462786,140,0.5,5.0,1455301553,1455619275,4.5,0.7838831397441837,3.677337962962963,29.931555322402644,0.0,3.5,3.5806451612903225,3.8666666666666667,3.607142857142857,3.2658227848101267,3.1153846153846154,0.0,3.1527777777777777,3.4411764705882355,0.0,1.75,3.361111111111111,3.3333333333333335,2.1666666666666665,3.3333333333333335,2.0,3.076923076923077,3.75,0.0,0.0,26.0,31.0,15.0,14.0,79.0,13.0,0.0,72.0,17.0,0.0,2.0,18.0,9.0,3.0,78.0,5.0,13.0,4.0,0.0,0.0,0.0,0.35714285714285715,0.15,0.14285714285714285
11,3.78125,0.9338221509065896,64,1.0,5.0,901200037,904510567,4.0,0.9672843623277659,38.316319444444446,1.6278227693829428,0.0,3.5434782608695654,3.5555555555555554,0.0,0.0,3.4166666666666665,3.6923076923076925,0.0,4.166666666666667,2.0,0.0,5.0,5.0,0.0,4.333333333333333,4.230769230769231,3.5,3.65625,4.333333333333333,4.0,0.0,46.0,18.0,0.0,0.0,12.0,13.0,0.0,24.0,1.0,0.0,1.0,1.0,0.0,3.0,13.0,10.0,32.0,6.0,2.0,0.0,0.0,0.640625,0.078125,0.25
12,4.390625,0.726618049818872,32,3.0,5.0,1247263318,1247264471,2.0,1.2097485655184028,0.013344907407407408,31.578586684636733,0.0,4.0,3.0,3.0,0.0,4.305555555555555,3.0,0.0,4.5625,4.25,0.0,0.0,0.0,0.0,0.0,4.571428571428571,4.5,4.0,4.5,0.0,0.0,2.0,2.0,1.0,0.0,18.0,1.0,0.0,16.0,4.0,0.0,0.0,0.0,0.0,0.0,21.0,3.0,3.0,1.0,0.0,0.0,0.0,0.75,0.0,0.5
13,3.6451612903225805,0.9848311901632074,31,1.0,5.0,987456818,987896183,4.0,0.9218024048972586,5.085243055555556,5.0942911757153855,0.0,4.2,4.166666666666667,0.0,0.0,3.272727272727273,3.6666666666666665,0.0,3.5,3.0,0.0,4.0,0.0,0.0,4.5,3.6666666666666665,4.2,3.8181818181818183,3.5,4.0,0.0,10.0,6.0,0.0,0.0,11.0,3.0,0.0,16.0,1.0,0.0,5.0,0.0,0.0,2.0,6.0,5.0,11.0,2.0,1.0,0.0,0.0,0.5806451612903226,0.0967741935483871,0.22580645161290322
14,3.3958333333333335,1.0260351977151438,48,1.0,5.0,835440976,835442447,4.0,0.8880717068428376,0.017025462962962964,47.196458444765625,0.0,3.3333333333333335,3.4444444444444446,0.0,3.0,2.7058823529411766,2.7142857142857144,0.0,3.7083333333333335,1.0,0.0,4.0,4.0,4.0,4.5,3.5714285714285716,3.5,3.4615384615384617,4.25,4.25,0.0,12.0,9.0,0.0,2.0,17.0,7.0,0.0,24.0,1.0,0.0,1.0,1.0,1.0,2.0,14.0,2.0,13.0,4.0,4.0,0.0,0.0,0.4375,0.125,0.20833333333333334
15,3.448148148148148,1.133404055934043,135,1.0,5.0,1299424762,1510578158,4.0,0.8107643194368379,2443.9050462962964,0.0552168683215354,0.0,3.2033898305084745,3.3421052631578947,2.9545454545454546,2.6904761904761907,3.357142857142857,3.5789473684210527,0.0,3.740740740740741,2.90625,0.0,3.8181818181818183,3.3055555555555554,2.7,3.4166666666666665,3.8846153846153846,3.5847457627118646,3.4318181818181817,4.1,2.5,0.0,59.0,57.0,22.0,21.0,28.0,19.0,0.0,54.0,16.0,0.0,11.0,18.0,5.0,12.0,13.0,59.0,44.0,5.0,2.0,0.0,0.0,0.4148148148148148,0.17777777777777778,0.22962962962962963
16,3.7244897959183674,0.5520460955820452,98,1.5,5.0,1377476573,1377477957,3.5,1.533633905295232,0.01601851851851852,96.45493484006198,0.0,3.52,3.775,3.9583333333333335,4.0,3.74,3.75,4.0,3.7291666666666665,3.9375,4.0,3.5,4.125,0.0,3.769230769230769,3.6538461538461537,3.6875,3.793103448275862,3.6818181818181817,3.0,0.0,25.0,20.0,12.0,8.0,25.0,24.0,1.0,48.0,16.0,5.0,5.0,4.0,0.0,13.0,13.0,16.0,29.0,11.0,1.0,0.0,0.0,0.5408163265306123,0.02040816326530612,0.01020408163265306
17,4.20952380952381,0.508490187773836,105,3.0,5.0,1305696226,1326943248,2.0,1.6434118743286632,245.91460648148148,0.4252482325620334,0.0,4.230769230769231,4.285714285714286,4.4,4.214285714285714,4.157894736842105,4.25,3.5,4.186274509803922,4.323529411764706,3.75,4.166666666666667,4.166666666666667,4.0,4.05,3.9285714285714284,4.4,4.277777777777778,4.444444444444445,4.25,0.0,39.0,35.0,10.0,7.0,19.0,32.0,1.0,51.0,17.0,2.0,3.0,6.0,3.0,10.0,7.0,20.0,27.0,9.0,6.0,0.0,0.0,0.8,0.0,0.1523809523809524
18,3.7320717131474104,0.6321613993017284,502,0.5,5.0,1455049328,1534786448,4.5,1.3658190679728714,922.8833333333333,0.5433586491800912,0.0,3.588516746411483,3.6338028169014085,3.7580645161290325,3.5428571428571427,3.5067567567567566,3.9347826086956523,3.9444444444444446,3.8944954128440368,3.644230769230769,3.875,3.3,3.675675675675676,3.7083333333333335,4.026785714285714,3.6818181818181817,3.640909090909091,3.7928994082840237,3.9375,4.181818181818182,0.0,209.0,142.0,31.0,35.0,148.0,138.0,9.0,218.0,52.0,8.0,15.0,37.0,12.0,56.0,44.0,110.0,169.0,16.0,11.0,16.0,14.0,0.5418326693227091,0.017928286852589643,0.01593625498007968
19,2.607396870554765,0.927301584334504,703,1.0,5.0,965701107,965712882,4.0,0.9734239830339692,0.1362847222222222,618.6829640947287,0.0,2.7266666666666666,2.8152866242038215,2.9375,2.696078431372549,2.64021164021164,2.9027777777777777,0.0,2.609271523178808,2.8333333333333335,3.3333333333333335,2.267857142857143,3.0,2.8378378378378377,2.9655172413793105,2.6791044776119404,2.559055118110236,2.5467980295566504,3.0,2.5454545454545454,0.0,150.0,157.0,48.0,102.0,378.0,72.0,0.0,151.0,96.0,9.0,112.0,1.0,37.0,58.0,134.0,127.0,203.0,9.0,11.0,0.0,0.0,0.14935988620199148,0.492176386913229,0.12375533428165007
20,3.590909090909091,1.1648375307436851,242,0.5,5.0,1054036159,1054147519,4.5,0.7906153760412462,1.288888888888889,105.72815533980584,0.0,2.75531914893617,3.441860465116279,4.184615384615385,3.90990990990991,3.6714285714285713,3.24,3.75,3.8098591549295775,3.8645833333333335,1.5,3.125,4.6,4.472727272727273,3.21875,3.9875,3.227272727272727,2.72972972972973,3.5,1.5,0.0,47.0,86.0,65.0,111.0,105.0,25.0,2.0,71.0,48.0,1.0,12.0,5.0,55.0,16.0,40.0,22.0,37.0,4.0,2.0,0.0,0.0,0.5,0.1322314049586777,0.2066115702479339
21,3.260722347629797,1.0035418823410291,443,0.5,5.0,1376822671,1500702132,4.5,0.9061731285437234,1433.7900578703704,0.3087559727431732,4.0,3.4557522123893807,3.6638418079096047,3.2413793103448274,3.2049180327868854,3.201492537313433,3.1780821917808217,0.0,2.952127659574468,3.0873015873015874,3.5,1.7666666666666666,3.5964912280701755,2.8,3.361111111111111,3.2384615384615385,3.44811320754717,3.5450819672131146,3.625,4.0,1.0,226.0,177.0,58.0,61.0,201.0,73.0,0.0,94.0,63.0,2.0,15.0,57.0,15.0,18.0,65.0,106.0,122.0,8.0,4.0,4.0,4.0,0.3227990970654628,0.14221218961625282,0.04740406320541761
22,2.5714285714285716,1.5435564731996092,119,0.5,5.0,1268330584,1268727474,4.5,0.6084366532615946,4.593634259259259,21.27418320263196,0.0,2.783333333333333,2.3461538461538463,2.7083333333333335,2.75,2.4871794871794872,2.533333333333333,2.0,2.6095890410958904,1.875,4.5,2.5,1.75,4.5,2.4583333333333335,2.2045454545454546,2.1,2.783333333333333,2.3333333333333335,4.0,0.0,30.0,26.0,12.0,12.0,39.0,30.0,5.0,73.0,16.0,1.0,6.0,6.0,1.0,12.0,22.0,15.0,30.0,6.0,1.0,0.0,0.0,0.3025210084033613,0.4117647058823529,0.14285714285714285
23,3.6487603305785123,0.6145615920420208,121,2.0,5.0,1107162524,1108703148,3.0,1.3994594883588336,17.831296296296298,6.425473748389697,0.0,3.537037037037037,3.388888888888889,3.8,3.5,3.4166666666666665,3.6538461538461537,3.25,3.642857142857143,3.8214285714285716,3.9545454545454546,4.0,3.0,0.0,4.068181818181818,3.3333333333333335,3.911764705882353,3.723684210526316,3.75,3.5,0.0,27.0,18.0,10.0,3.0,24.0,39.0,2.0,77.0,14.0,11.0,3.0,1.0,0.0,22.0,12.0,17.0,38.0,6.0,3.0,0.0,0.0,0.4132231404958678,0.008264462809917356,0.08264462809917356
24,3.65,0.5399201436026348,110,2.0,4.5,1458940973,1458976352,2.5,1.5626949862371586,0.40947916666666667,78.04301234202941,0.0,3.642857142857143,3.6515151515151514,4.25,4.25,3.59,3.9130434782608696,0.0,3.6875,3.7333333333333334,0.0,3.625,3.85,3.5,3.769230769230769,3.5454545454545454,3.64,3.6470588235294117,3.7142857142857144,0.0,0.0,56.0,33.0,2.0,2.0,50.0,23.0,0.0,40.0,15.0,0.0,4.0,10.0,1.0,13.0,33.0,25.0,34.0,7.0,0.0,0.0,0.0,0.4909090909090909,0.02727272727272727,0.0
25,4.8076923076923075,0.376215977250384,26,4.0,5.0,1535470418,1535470534,1.0,2.09988754634795,0.0013425925925925925,25.965139396181055,0.0,4.833333333333333,4.75,4.666666666666667,4.666666666666667,4.5,5.0,0.0,4.958333333333333,5.0,0.0,0.0,5.0,0.0,4.75,5.0,4.722222222222222,4.875,5.0,0.0,0.0,15.0,14.0,3.0,3.0,2.0,4.0,0.0,12.0,3.0,0.0,0.0,3.0,0.0,2.0,1.0,9.0,4.0,4.0,0.0,0.0,0.0,1.0,0.0,0.7692307692307693
26,3.238095238095238,0.6248809410409237,21,2.0,4.0,836950245,836950483,2.0,1.3795368913466084,0.0027546296296296294,20.94231168771209,0.0,3.0,2.6666666666666665,0.0,3.0,3.2,3.5,0.0,3.25,0.0,0.0,4.0,3.0,0.0,4.0,3.0,2.0,3.4285714285714284,3.0,0.0,0.0,10.0,6.0,0.0,1.0,5.0,8.0,0.0,8.0,0.0,0.0,1.0,1.0,0.0,1.0,2.0,1.0,14.0,1.0,0.0,0.0,0.0,0.3333333333333333,0.09523809523809523,0.0
27,3.5481481481481483,1.063074382189431,135,1.0,5.0,962684796,965151428,4.0,0.8597902381080292,28.54898148148148,4.5686853905473965,0.0,3.642857142857143,3.6440677966101696,3.3636363636363638,3.2448979591836733,3.4,3.5714285714285716,0.0,3.8,3.3636363636363638,4.0,1.5,4.0,3.923076923076923,4.333333333333333,4.130434782608695,3.375,3.4285714285714284,3.6,3.9,0.0,42.0,59.0,22.0,49.0,50.0,7.0,0.0,45.0,22.0,1.0,2.0,2.0,13.0,3.0,23.0,32.0,14.0,15.0,10.0,0.0,0.0,0.6074074074074074,0.1925925925925926,0.2074074074074074
28,3.020175438596491,0.7937785129939784,570,0.5,5.0,1234334902,1277002828,4.5,1.118845424746452,493.8417361111111,1.1518834374795197,0.0,3.063775510204082,3.1596638655462184,3.4,3.125,2.828125,2.97,3.25,2.9985994397759104,3.1,3.0,2.7777777777777777,3.769230769230769,3.5,2.9285714285714284,2.8902439024390243,3.182926829268293,2.9310344827586206,3.3333333333333335,3.2916666666666665,0.0,196.0,119.0,5.0,4.0,96.0,150.0,2.0,357.0,30.0,6.0,27.0,13.0,5.0,56.0,41.0,123.0,203.0,51.0,24.0,0.0,0.0,0.19649122807017544,0.1649122807017544,0.01929824561403509
29,4.1419753086419755,0.68572301214318,81,1.5,5.0,1307905797,1405816293,3.5,1.27271313751184,1133.2233333333334,0.07141450684315552,0.0,4.016129032258065,4.166666666666667,3.5,4.25,3.590909090909091,4.033333333333333,4.25,4.21,3.875,5.0,4.25,4.1,3.1666666666666665,4.357142857142857,4.333333333333333,4.111111111111111,3.9761904761904763,4.318181818181818,4.444444444444445,0.0,31.0,21.0,1.0,2.0,11.0,15.0,2.0,50.0,4.0,1.0,2.0,5.0,3.0,7.0,6.0,18.0,21.0,22.0,9.0,0.0,0.0,0.8271604938271605,0.037037037037037035,0.16049382716049382
30,4.735294117647059,0.5537105429905546,34,3.0,5.0,1500370339,1500370457,2.0,1.5297290379091362,0.0013657407407407407,33.95362814674403,0.0,4.72,4.7894736842105265,4.6,4.666666666666667,4.6,4.857142857142857,0.0,5.0,4.75,0.0,3.0,5.0,0.0,5.0,5.0,4.647058823529412,4.3,5.0,0.0,0.0,25.0,19.0,5.0,3.0,5.0,7.0,0.0,7.0,4.0,0.0,1.0,8.0,0.0,1.0,2.0,17.0,5.0,1.0,0.0,0.0,0.0,0.9117647058823529,0.0,0.7941176470588235
31,3.92,1.006914867811777,50,1.0,5.0,850466616,852208599,4.0,0.9034118423008144,20.161840277777777,2.3627434733313533,0.0,4.333333333333333,4.0,4.0,4.142857142857143,3.8636363636363638,3.3333333333333335,5.0,3.6666666666666665,3.7,0.0,3.5,0.0,4.6,5.0,3.75,3.7777777777777777,4.454545454545454,5.0,0.0,0.0,15.0,15.0,5.0,7.0,22.0,3.0,1.0,15.0,10.0,0.0,2.0,0.0,5.0,1.0,16.0,9.0,11.0,1.0,0.0,0.0,0.0,0.72,0.1,0.34
32,3.7549019607843137,0.8376803722988448,102,1.0,5.0,856736119,856737388,4.0,1.0664614825501473,0.0146875,100.52356020942409,0.0,3.566666666666667,3.5555555555555554,3.0,3.5,3.7209302325581395,4.052631578947368,4.0,3.977272727272727,3.5833333333333335,0.0,3.3333333333333335,0.0,4.0,3.625,3.7333333333333334,3.3636363636363638,3.6363636363636362,3.3333333333333335,3.0,0.0,30.0,18.0,2.0,6.0,43.0,19.0,1.0,44.0,12.0,0.0,3.0,0.0,2.0,8.0,30.0,11.0,33.0,3.0,1.0,0.0,0.0,0.5882352941176471,0.029411764705882353,0.21568627450980393
33,3.7884615384615383,1.0411508234741227,156,1.0,5.0,939646424,940422746,4.0,0.8763083541889732,8.985208333333333,15.6231091823322,0.0,4.0,3.9,3.8333333333333335,3.875,3.8275862068965516,3.923076923076923,0.0,3.791304347826087,3.5,5.0,4.5,3.0,4.0,3.6666666666666665,3.8545454545454545,4.142857142857143,3.6333333333333333,4.125,4.0,0.0,14.0,10.0,6.0,8.0,58.0,26.0,0.0,115.0,6.0,2.0,2.0,1.0,6.0,9.0,55.0,7.0,30.0,8.0,1.0,0.0,0.0,0.6346153846153846,0.12179487179487179,0.3141025641025641
34,3.4186046511627906,1.3565970946285353,86,0.5,5.0,1162047944,1168811769,4.5,0.686531645358679,78.28501157407408,1.0846942983624626,0.0,3.735294117647059,3.8076923076923075,3.642857142857143,2.75,3.2027027027027026,3.772727272727273,2.0,3.25,3.25,0.0,3.4444444444444446,3.1666666666666665,0.0,3.0714285714285716,3.1,3.347826086956522,3.769230769230769,2.1,3.5,0.0,51.0,26.0,7.0,2.0,37.0,11.0,1.0,24.0,14.0,0.0,9.0,3.0,0.0,7.0,20.0,23.0,26.0,5.0,2.0,0.0,0.0,0.5116279069767442,0.22093023255813954,0.22093023255813954
35,4.086956521739131,0.9001536978993627,23,2.0,5.0,830939391,830940246,3.0,0.9998463257200512,0.009895833333333333,22.774626095925733,0.0,4.0,4.2,3.0,4.0,3.9,4.75,0.0,4.222222222222222,4.0,0.0,0.0,4.0,3.0,5.0,3.5555555555555554,3.0,4.75,2.0,3.5,0.0,4.0,5.0,1.0,2.0,10.0,4.0,0.0,9.0,2.0,0.0,0.0,2.0,1.0,1.0,9.0,1.0,4.0,1.0,2.0,0.0,0.0,0.7391304347826086,0.043478260869565216,0.391304347826087
36,2.6333333333333333,0.9909192217102272,60,0.5,4.5,1100803337,1100804003,4.0,0.9166581540586536,0.0077083333333333335,59.54103783336778,0.0,2.638888888888889,2.8076923076923075,0.0,1.8333333333333333,2.347826086956522,2.735294117647059,0.0,2.5555555555555554,2.0,3.25,3.0,0.0,1.5,3.0,2.3461538461538463,2.3,2.892857142857143,2.9,2.0,0.0,18.0,13.0,0.0,3.0,23.0,17.0,0.0,27.0,3.0,2.0,1.0,0.0,1.0,10.0,13.0,5.0,14.0,5.0,1.0,0.0,0.0,0.16666666666666666,0.4166666666666667,0.016666666666666666
37,4.142857142857143,0.9102589898327995,21,2.0,5.0,845239387,845927014,3.0,0.9898451882774164,7.958645833333334,2.3441042754322523,0.0,3.7142857142857144,3.75,3.0,3.5,4.125,4.142857142857143,0.0,4.125,3.5,0.0,5.0,5.0,3.5,0.0,3.0,4.25,4.111111111111111,4.0,4.0,0.0,7.0,8.0,1.0,2.0,8.0,7.0,0.0,8.0,2.0,0.0,1.0,1.0,2.0,0.0,2.0,4.0,9.0,1.0,1.0,0.0,0.0,0.7619047619047619,0.047619047619047616,0.42857142857142855
38,3.217948717948718,1.052485442999383,78,1.0,5.0,841341160,841341785,4.0,0.8676899184057939,0.007233796296296296,77.43981614478598,0.0,3.0526315789473686,2.9375,3.2,3.125,3.2,3.3333333333333335,5.0,3.2857142857142856,3.142857142857143,0.0,2.0,3.3333333333333335,3.2,4.333333333333333,3.111111111111111,2.3333333333333335,3.388888888888889,3.7142857142857144,2.6,0.0,19.0,16.0,5.0,8.0,35.0,9.0,1.0,35.0,7.0,0.0,3.0,3.0,5.0,3.0,27.0,6.0,18.0,7.0,5.0,0.0,0.0,0.3333333333333333,0.19230769230769232,0.20512820512820512
39,4.0,1.0540925533894598,100,1.0,5.0,974787064,974789854,4.0,0.8664816327452207,0.03229166666666667,96.87184661957619,0.0,4.25,3.875,3.2916666666666665,3.130434782608696,4.0,4.4,0.0,4.114285714285714,3.75,3.5,4.461538461538462,4.0,3.125,3.75,3.6,4.0,4.217391304347826,4.0,4.0,0.0,28.0,32.0,24.0,23.0,28.0,25.0,0.0,35.0,16.0,2.0,13.0,1.0,16.0,8.0,10.0,21.0,23.0,1.0,1.0,0.0,0.0,0.71,0.1,0.43
40,3.766990291262136,1.0403985237110398,103,1.0,5.0,832058854,832060442,4.0,0.8768864385634589,0.01837962962962963,101.14106469063962,0.0,3.5217391304347827,3.4782608695652173,3.625,3.7222222222222223,3.6341463414634148,4.0,0.0,4.2,3.75,0.0,2.6666666666666665,4.333333333333333,3.4285714285714284,4.333333333333333,3.6818181818181817,3.0,3.8666666666666667,4.0,4.0,0.0,23.0,23.0,8.0,18.0,41.0,13.0,0.0,50.0,12.0,0.0,3.0,3.0,7.0,3.0,22.0,11.0,15.0,3.0,6.0,0.0,0.0,0.6116504854368932,0.08737864077669903,0.32038834951456313
41,3.2534562211981566,1.1447543563005067,217,0.5,5.0,1458933677,1459369130,4.5,0.8033713599300563,5.039965277777778,35.92735885393013,0.0,2.5256410256410255,2.6818181818181817,3.6666666666666665,3.2222222222222223,3.403409090909091,3.3846153846153846,1.5,3.4346153846153844,2.75,4.25,2.9583333333333335,1.5,3.0,3.3,3.316666666666667,2.3,3.267857142857143,2.923076923076923,4.0,0.0,39.0,33.0,12.0,9.0,88.0,52.0,2.0,130.0,20.0,2.0,12.0,6.0,3.0,20.0,60.0,20.0,56.0,13.0,2.0,0.0,0.0,0.43317972350230416,0.21658986175115208,0.12903225806451613
42,3.565909090909091,1.0630345487581225,440,1.0,5.0,996212624,996262677,4.0,0.8598196855525836,0.5793171296296297,278.60142320066245,0.0,3.4,3.513888888888889,4.0,2.9285714285714284,3.4123222748815167,3.7464788732394365,4.333333333333333,3.818713450292398,3.590909090909091,3.5,3.0,4.5,3.857142857142857,3.962962962962963,3.640449438202247,3.25,3.5775862068965516,3.8095238095238093,3.9166666666666665,0.0,125.0,72.0,5.0,14.0,211.0,71.0,3.0,171.0,22.0,2.0,17.0,2.0,7.0,27.0,89.0,44.0,116.0,21.0,12.0,0.0,0.0,0.5886363636363636,0.19772727272727272,0.22045454545454546
43,4.552631578947368,0.6795639578430088,114,3.0,5.0,848993627,848995341,2.0,1.2827683860178967,0.019837962962962963,111.78246362666545,0.0,4.32258064516129,4.676470588235294,5.0,4.9375,4.5227272727272725,4.25,0.0,4.428571428571429,4.882352941176471,0.0,4.6,5.0,5.0,4.5,4.52,4.666666666666667,4.310344827586207,4.0,4.0,0.0,31.0,34.0,13.0,32.0,44.0,16.0,0.0,42.0,17.0,0.0,5.0,3.0,12.0,4.0,25.0,15.0,29.0,3.0,3.0,0.0,0.0,0.8947368421052632,0.0,0.6578947368421053
44,3.3541666666666665,1.1575760318456607,48,1.0,5.0,869251860,895853739,4.0,0.7951805494673483,307.89211805555556,0.1553940589425043,0.0,3.4545454545454546,3.45,2.75,2.3333333333333335,3.391304347826087,4.0,0.0,3.5833333333333335,2.3333333333333335,0.0,2.3333333333333335,0.0,3.0,3.0,3.375,3.111111111111111,3.176470588235294,0.0,0.0,0.0,22.0,20.0,4.0,3.0,23.0,4.0,0.0,12.0,3.0,0.0,3.0,0.0,1.0,1.0,8.0,9.0,17.0,0.0,0.0,0.0,0.0,0.4791666666666667,0.20833333333333334,0.25
45,3.8759398496240602,0.9766225033045172,399,1.0,5.0,950718561,1193289356,4.0,0.9288306689955514,2807.532349537037,0.14206708356618067,0.0,4.009433962264151,4.015151515151516,4.435483870967742,3.861111111111111,3.68552036199095,4.196078431372549,4.0,4.037190082644628,3.7555555555555555,0.0,4.03125,4.714285714285714,4.296296296296297,4.2105263157894735,3.920289855072464,3.72,4.017647058823529,4.428571428571429,3.6666666666666665,0.0,106.0,99.0,31.0,54.0,221.0,51.0,1.0,121.0,45.0,0.0,16.0,7.0,27.0,19.0,69.0,75.0,85.0,14.0,3.0,0.0,0.0,0.6766917293233082,0.08270676691729323,0.3082706766917293
46,4.0,0.8553989227683018,42,3.0,5.0,834787617,834788227,2.0,1.0466831981581737,0.007060185185185185,41.70555108608205,0.0,3.888888888888889,4.076923076923077,5.0,5.0,3.9166666666666665,4.0,0.0,4.0,4.666666666666667,0.0,4.5,5.0,5.0,4.333333333333333,4.5,4.0,3.9444444444444446,4.333333333333333,4.333333333333333,0.0,18.0,13.0,4.0,4.0,12.0,12.0,0.0,15.0,3.0,0.0,2.0,2.0,3.0,3.0,6.0,7.0,18.0,3.0,3.0,0.0,0.0,0.6428571428571429,0.0,0.35714285714285715
47,3.0535714285714284,0.9757793943899049,140,0.5,5.0,1496205029,1496212183,4.5,0.9295586113797235,0.08280092592592593,129.29431130683884,0.0,2.8125,2.95,0.0,3.0,2.4714285714285715,3.275,3.2857142857142856,3.2242990654205608,2.5,0.0,2.0833333333333335,2.9166666666666665,2.9285714285714284,2.6875,2.896551724137931,2.85,2.840909090909091,3.5,3.5,0.0,8.0,10.0,0.0,3.0,35.0,20.0,7.0,107.0,7.0,0.0,6.0,6.0,7.0,8.0,29.0,10.0,22.0,5.0,1.0,0.0,0.0,0.2357142857142857,0.20714285714285716,0.06428571428571428
48,4.03030303030303,0.6607215981811329,33,2.5,5.0,1127128586,1127129756,2.5,1.3145413544074154,0.013541666666666667,32.55909558067832,0.0,4.0227272727272725,4.038461538461538,4.375,4.375,4.1875,4.25,0.0,4.0,4.5,0.0,4.333333333333333,4.25,4.25,4.5,4.0,4.166666666666667,3.966666666666667,0.0,0.0,0.0,22.0,13.0,4.0,4.0,8.0,2.0,0.0,8.0,5.0,0.0,3.0,2.0,2.0,2.0,4.0,18.0,15.0,0.0,0.0,0.0,0.0,0.7272727272727273,0.0,0.12121212121212122
49,4.261904761904762,0.2558831578595795,21,4.0,4.5,1493089770,1493093231,0.5,2.8099110000439222,0.04005787037037037,20.19118416220607,0.0,4.357142857142857,4.25,4.0,4.1,4.0,4.166666666666667,0.0,4.35,0.0,0.0,4.25,4.333333333333333,0.0,4.25,4.0,4.333333333333333,4.25,4.25,0.0,0.0,7.0,4.0,4.0,5.0,5.0,3.0,0.0,10.0,0.0,0.0,2.0,3.0,0.0,2.0,1.0,9.0,4.0,4.0,0.0,3.0,3.0,1.0,0.0,0.0
50,2.7806451612903227,0.8468175163779227,310,0.5,4.5,1500573696,1536870006,4.0,1.0561697293323515,420.0961805555556,0.7361738584069191,2.75,2.450617283950617,2.475,2.6226415094339623,2.261904761904762,2.590909090909091,2.933333333333333,3.142857142857143,3.0396825396825395,2.8295454545454546,3.5,2.625,2.0681818181818183,2.566666666666667,3.225,2.8181818181818183,2.55,2.824561403508772,3.4545454545454546,3.1666666666666665,2.0,81.0,80.0,53.0,42.0,121.0,45.0,14.0,126.0,44.0,2.0,16.0,22.0,15.0,20.0,33.0,50.0,57.0,11.0,6.0,0.0,0.0,0.12258064516129032,0.23870967741935484,0.06451612903225806
51,3.7757660167130918,1.241394022171547,359,0.5,5.0,1230928764,1231041354,4.5,0.7454931090129108,1.303125,155.87516960651288,0.0,3.478021978021978,3.591549295774648,3.0588235294117645,3.1333333333333333,3.8048780487804876,3.8461538461538463,5.0,4.066666666666666,3.875,4.166666666666667,3.7596153846153846,3.25,3.607142857142857,3.6956521739130435,3.9705882352941178,3.774193548387097,3.4597701149425286,4.2727272727272725,3.5555555555555554,0.0,91.0,71.0,17.0,30.0,164.0,52.0,2.0,120.0,40.0,3.0,52.0,6.0,14.0,23.0,68.0,62.0,87.0,11.0,9.0,0.0,0.0,0.5766016713091922,0.11142061281337047,0.3231197771587744
52,4.476923076923077,0.6314175588086336,130,3.0,5.0,1468051091,1468052169,2.0,1.3672080851174067,0.012476851851851852,128.39799721072725,0.0,4.534246575342466,4.589743589743589,4.464285714285714,4.461538461538462,4.428571428571429,4.625,4.5,4.421875,4.545454545454546,0.0,4.333333333333333,4.5,4.666666666666667,4.666666666666667,4.388888888888889,4.592592592592593,4.578431372549019,4.375,4.0,0.0,73.0,39.0,14.0,13.0,35.0,36.0,3.0,64.0,11.0,0.0,6.0,16.0,3.0,12.0,18.0,27.0,51.0,12.0,2.0,0.0,0.0,0.8769230769230769,0.0,0.5076923076923077
53,5.0,0.0,20,5.0,5.0,1237748056,1237748115,0.0,10.0,0.0006828703703703704,19.986351912467182,0.0,5.0,5.0,0.0,0.0,5.0,5.0,0.0,5.0,0.0,5.0,5.0,0.0,5.0,5.0,5.0,5.0,5.0,5.0,0.0,0.0,4.0,1.0,0.0,0.0,6.0,2.0,0.0,10.0,0.0,1.0,1.0,0.0,2.0,1.0,6.0,2.0,3.0,1.0,0.0,0.0,0.0,1.0,0.0,1.0
54,3.0303030303030303,0.3940850546557561,33,2.0,4.0,830247106,839923068,2.0,2.02394302474243,111.99030092592592,0.29206046651414896,0.0,2.857142857142857,3.0,3.0,2.8,2.923076923076923,3.125,0.0,3.1333333333333333,3.0,0.0,4.0,3.0,3.0,3.0,3.1666666666666665,3.0,3.0,3.3333333333333335,3.0,0.0,7.0,6.0,3.0,5.0,13.0,8.0,0.0,15.0,3.0,0.0,1.0,2.0,2.0,3.0,6.0,4.0,14.0,3.0,1.0,0.0,0.0,0.09090909090909091,0.06060606060606061,0.0
55,2.84,1.7953644012660313,25,0.5,5.0,1312747620,1312749156,4.5,0.527603029439636,0.017777777777777778,24.56331877729258,0.0,2.9,2.625,0.5,1.25,2.5555555555555554,4.35,0.0,2.9166666666666665,1.75,0.0,0.0,0.0,0.5,3.5,0.5,1.3333333333333333,4.055555555555555,2.25,0.0,0.0,10.0,4.0,1.0,2.0,9.0,10.0,0.0,12.0,4.0,0.0,0.0,0.0,1.0,2.0,5.0,3.0,9.0,2.0,0.0,0.0,0.0,0.44,0.36,0.24
56,3.8043478260869565,0.718627247446788,46,3.0,5.0,835799034,835799457,2.0,1.2215571899407143,0.004895833333333334,45.7758888773712,0.0,3.5833333333333335,3.9166666666666665,5.0,4.0,3.9375,3.5384615384615383,0.0,3.9411764705882355,3.3333333333333335,0.0,3.6666666666666665,5.0,5.0,4.0,4.25,3.5555555555555554,3.8095238095238093,4.333333333333333,0.0,0.0,24.0,12.0,1.0,2.0,16.0,13.0,0.0,17.0,3.0,0.0,3.0,1.0,1.0,2.0,4.0,9.0,21.0,3.0,0.0,0.0,0.0,0.6304347826086957,0.0,0.17391304347826086
57,3.392857142857143,1.0736418243144656,476,1.0,5.0,965795589,972175891,4.0,0.8520487079472552,73.84608796296297,6.359717828345886,0.0,3.207865168539326,3.3555555555555556,3.757575757575758,3.3488372093023258,3.4019607843137254,3.463768115942029,4.0,3.5491329479768785,3.42,4.153846153846154,2.823529411764706,3.75,3.7142857142857144,3.7941176470588234,3.4,3.1473684210526316,3.15625,4.147058823529412,3.6842105263157894,0.0,178.0,135.0,33.0,43.0,204.0,69.0,1.0,173.0,50.0,13.0,17.0,4.0,28.0,34.0,100.0,95.0,128.0,34.0,19.0,0.0,0.0,0.5021008403361344,0.20378151260504201,0.19957983193277312
58,3.9017857142857144,1.039402300775375,112,1.0,5.0,847718380,847719802,4.0,0.8776531338575406,0.016458333333333332,110.1865136298422,0.0,3.8076923076923075,3.764705882352941,4.375,4.2727272727272725,3.765957446808511,3.6470588235294117,0.0,4.020408163265306,4.0,0.0,2.3333333333333335,4.333333333333333,4.444444444444445,4.5,4.0,3.7,4.03125,4.2,3.3333333333333335,0.0,26.0,17.0,8.0,11.0,47.0,17.0,0.0,49.0,11.0,0.0,3.0,3.0,9.0,6.0,30.0,10.0,32.0,5.0,3.0,0.0,0.0,0.625,0.08035714285714286,0.39285714285714285
59,4.355140186915888,0.9639965596176585,107,1.0,5.0,953608307,953611186,4.0,0.939852663019272,0.03332175925925926,103.54954692592884,0.0,4.0,3.6818181818181817,3.0,3.0,3.9583333333333335,4.222222222222222,4.5,4.677966101694915,3.25,4.666666666666667,5.0,5.0,0.0,4.5,4.6,3.8461538461538463,4.4,4.72,0.0,0.0,34.0,22.0,3.0,3.0,24.0,18.0,2.0,59.0,8.0,6.0,5.0,1.0,0.0,18.0,20.0,13.0,40.0,25.0,0.0,0.0,0.0,0.822429906542056,0.056074766355140186,0.6261682242990654
60,3.727272727272727,0.702500173314209,22,3.0,5.0,1393541695,1393542084,2.0,1.2461056498843426,0.004502314814814815,21.901393033679383,0.0,4.0,3.5,3.5,3.4,3.5,4.0,0.0,3.933333333333333,3.0,0.0,0.0,5.0,3.5,3.5,3.4,0.0,3.5,4.0,0.0,0.0,3.0,6.0,2.0,5.0,2.0,6.0,0.0,15.0,2.0,0.0,0.0,1.0,2.0,2.0,5.0,0.0,6.0,3.0,0.0,0.0,0.0,0.5909090909090909,0.0,0.13636363636363635
61,4.051282051282051,0.7051956782832447,39,1.5,5.0,1145531565,1145532720,3.5,1.2419341372175483,0.013368055555555555,38.48552338530067,0.0,3.8636363636363638,4.0,0.0,0.0,3.5,4.1923076923076925,0.0,4.194444444444445,4.25,0.0,4.0,0.0,0.0,4.4,3.125,3.7222222222222223,4.166666666666667,4.166666666666667,3.875,0.0,11.0,5.0,0.0,0.0,5.0,13.0,0.0,18.0,4.0,0.0,5.0,0.0,0.0,5.0,4.0,9.0,15.0,3.0,4.0,0.0,0.0,0.8205128205128205,0.05128205128205128,0.05128205128205128
62,4.081967213114754,0.7139336978665961,366,1.0,5.0,1521488565,1536874696,4.0,1.2286013008444088,178.0802199074074,2.043776806780998,4.5,3.9880239520958085,3.933333333333333,3.392857142857143,3.6458333333333335,3.8736263736263736,4.468253968253968,0.0,4.28125,3.8943661971830985,4.5,4.023809523809524,4.0588235294117645,3.4166666666666665,4.22093023255814,3.782608695652174,3.973913043478261,4.1521739130434785,4.157894736842105,4.5,3.0,167.0,135.0,14.0,24.0,91.0,63.0,0.0,144.0,71.0,1.0,21.0,51.0,6.0,43.0,46.0,115.0,115.0,19.0,5.0,370.0,273.0,0.7622950819672131,0.02459016393442623,0.1721311475409836
63,3.6309963099630997,1.0392298269967366,271,0.5,5.0,1443199663,1443735650,4.5,0.8777860062145867,6.2035532407407405,37.6203230465932,0.0,3.5833333333333335,3.5280898876404496,4.242424242424242,3.8,3.75,3.794642857142857,4.357142857142857,3.6,3.5921052631578947,4.4,3.0416666666666665,3.380952380952381,4.2,3.9047619047619047,3.5,3.413793103448276,3.536231884057971,3.46875,4.0,0.0,108.0,89.0,33.0,30.0,110.0,56.0,7.0,95.0,38.0,5.0,12.0,21.0,10.0,21.0,33.0,58.0,69.0,16.0,1.0,2.0,2.0,0.5461254612546126,0.08487084870848709,0.2066420664206642
64,3.7688588007736943,0.7446561907533173,517,0.5,5.0,1161519628,1161620718,4.5,1.1839136573522742,1.1700231481481482,238.24630646967836,0.0,3.654471544715447,3.7572815533980584,3.878787878787879,3.816326530612245,3.6627906976744184,3.882978723404255,4.083333333333333,3.9177215189873418,3.8208955223880596,4.0,3.7363636363636363,3.7142857142857144,3.7857142857142856,3.669642857142857,3.707547169811321,3.5083333333333333,3.6690647482014387,4.314814814814815,3.9444444444444446,0.0,123.0,103.0,33.0,49.0,215.0,94.0,6.0,237.0,67.0,3.0,55.0,7.0,28.0,56.0,106.0,60.0,139.0,27.0,9.0,0.0,0.0,0.5261121856866537,0.025145067698259187,0.10444874274661509
65,4.029411764705882,0.5357121636491371,34,3.0,5.0,1494767041,1494802728,2.0,1.5730389587950704,0.41304398148148147,24.06152989261756,0.0,3.966666666666667,3.7857142857142856,0.0,0.0,3.7,4.181818181818182,0.0,4.12,3.625,0.0,0.0,4.333333333333333,0.0,4.25,3.6666666666666665,4.055555555555555,4.083333333333333,3.8333333333333335,0.0,0.0,15.0,7.0,0.0,0.0,5.0,11.0,0.0,25.0,4.0,0.0,0.0,6.0,0.0,6.0,3.0,9.0,12.0,6.0,0.0,0.0,0.0,0.7352941176470589,0.0,0.029411764705882353
66,4.0202898550724635,0.736028727586653,345,0.5,5.0,1093143913,1182723476,4.5,1.196131145979492,1036.8004976851853,0.33243383556812967,0.0,3.8398058252427183,3.9130434782608696,4.1875,3.973684210526316,3.95578231292517,4.068965517241379,0.0,4.196666666666666,4.1,4.875,3.923076923076923,5.0,4.25,4.22,4.279661016949152,3.7872340425531914,3.9691358024691357,4.392857142857143,4.55,0.0,103.0,69.0,16.0,19.0,147.0,58.0,0.0,150.0,40.0,4.0,26.0,1.0,6.0,25.0,59.0,47.0,81.0,14.0,10.0,0.0,0.0,0.7101449275362319,0.02318840579710145,0.17391304347826086
67,3.9722222222222223,0.7923242882669809,36,2.0,5.0,1501273541,1501274294,3.0,1.1206688119429546,0.008715277777777778,35.68896079308802,0.0,4.119047619047619,3.607142857142857,3.9,3.9,4.323529411764706,4.2,0.0,4.038461538461538,3.0833333333333335,0.0,0.0,4.0,0.0,3.5,3.875,4.055555555555555,4.222222222222222,4.333333333333333,3.75,0.0,21.0,14.0,5.0,5.0,17.0,10.0,0.0,13.0,6.0,0.0,0.0,1.0,0.0,2.0,4.0,9.0,9.0,3.0,2.0,0.0,0.0,0.7222222222222222,0.08333333333333333,0.1111111111111111
68,3.233730158730159,0.8967403986310138,1260,0.5,5.0,1158530999,1532897372,4.5,1.003270261116599,4332.944131944444,0.2907282515971647,0.0,3.34125,3.410652920962199,3.33125,3.107476635514019,3.174858223062382,3.2162162162162162,3.787878787878788,3.2177914110429446,3.2907801418439715,3.8333333333333335,2.8446601941747574,3.8596491228070176,3.037037037037037,3.1219512195121952,3.3315972222222223,3.198019801980198,3.2063253012048194,3.336734693877551,3.3863636363636362,0.0,400.0,291.0,80.0,107.0,529.0,185.0,33.0,489.0,141.0,3.0,103.0,57.0,54.0,82.0,288.0,202.0,332.0,49.0,22.0,0.0,0.0,0.2785714285714286,0.1388888888888889,0.0626984126984127
69,4.369565217391305,0.7988518330752766,46,2.0,5.0,1021642769,1021647579,3.0,1.1125304118017552,0.055671296296296295,43.574169498958454,0.0,4.444444444444445,4.333333333333333,0.0,0.0,4.666666666666667,4.571428571428571,0.0,4.315789473684211,5.0,4.0,3.8333333333333335,0.0,0.0,4.6,4.25,4.352941176470588,4.153846153846154,4.0,5.0,0.0,18.0,12.0,0.0,0.0,9.0,7.0,0.0,19.0,1.0,1.0,6.0,0.0,0.0,5.0,4.0,17.0,13.0,2.0,4.0,0.0,0.0,0.8913043478260869,0.043478260869565216,0.5217391304347826
70,4.32258064516129,0.6278820383204784,62,1.5,5.0,1355184504,1355198948,3.5,1.3738489856232874,0.16717592592592592,53.11966998532386,0.0,3.75,4.375,4.0,4.625,4.138888888888889,4.357142857142857,4.5,4.411764705882353,4.625,0.0,4.5,4.0,0.0,4.0,4.464285714285714,4.25,3.0,4.3,4.0,0.0,4.0,8.0,1.0,4.0,18.0,7.0,2.0,51.0,4.0,0.0,1.0,1.0,0.0,2.0,14.0,6.0,3.0,5.0,1.0,0.0,0.0,0.9032258064516129,0.016129032258064516,0.25806451612903225
71,3.6,1.1167178800079325,35,1.0,5.0,864737933,864740028,4.0,0.8218832125599078,0.024247685185185185,34.17142211424375,0.0,3.857142857142857,3.8125,5.0,3.8,3.625,3.2,0.0,3.111111111111111,4.0,0.0,0.0,0.0,3.0,3.5,3.857142857142857,3.3636363636363638,3.7333333333333334,4.0,0.0,0.0,21.0,16.0,1.0,5.0,8.0,5.0,0.0,9.0,4.0,0.0,0.0,0.0,1.0,2.0,7.0,11.0,15.0,1.0,0.0,0.0,0.0,0.5714285714285714,0.14285714285714285,0.2857142857142857
72,4.155555555555556,0.5416958034121582,45,2.5,5.0,1217323400,1217324969,2.5,1.5583707960728315,0.018159722222222223,44.19738771612727,0.0,4.147058823529412,4.2,0.0,0.0,3.8333333333333335,4.5,0.0,4.15,0.0,0.0,4.333333333333333,4.25,0.0,4.375,4.125,4.25,4.214285714285714,4.375,4.0,0.0,17.0,10.0,0.0,0.0,9.0,8.0,0.0,20.0,0.0,0.0,3.0,2.0,0.0,4.0,8.0,10.0,14.0,4.0,1.0,0.0,0.0,0.7777777777777778,0.0,0.08888888888888889
73,3.711904761904762,1.0126478581748992,210,1.0,5.0,1464196138,1464282996,4.0,0.8987569541007538,1.005300925925926,104.72243705918339,0.0,4.132352941176471,3.9516129032258065,3.42,3.38,3.504032258064516,4.074074074074074,0.0,3.8661971830985915,3.68,0.0,3.8,4.038461538461538,3.1,4.375,3.3513513513513513,3.945945945945946,4.132352941176471,4.8,4.75,0.0,68.0,62.0,25.0,25.0,124.0,27.0,0.0,71.0,25.0,0.0,5.0,26.0,5.0,12.0,37.0,37.0,34.0,5.0,2.0,0.0,0.0,0.5523809523809524,0.10952380952380952,0.20952380952380953
74,4.271186440677966,0.6439537446662188,177,2.5,5.0,1207499090,1207503035,2.5,1.3441695900713002,0.04565972222222222,169.27112734517684,0.0,4.071428571428571,4.181818181818182,0.0,0.0,4.351851851851852,4.263888888888889,5.0,4.276729559748428,4.5,4.75,3.6363636363636362,0.0,4.0,4.28125,4.25,3.9375,4.23469387755102,4.181818181818182,4.1,0.0,14.0,11.0,0.0,0.0,27.0,36.0,1.0,159.0,6.0,4.0,11.0,0.0,1.0,16.0,28.0,8.0,49.0,11.0,5.0,0.0,0.0,0.807909604519774,0.0,0.3389830508474576
75,3.2318840579710146,1.2735421600475523,69,0.5,5.0,1158967045,1158990239,4.5,0.7280446345857923,0.2684490740740741,54.39713852948154,0.0,3.2142857142857144,3.3846153846153846,4.2,4.2,3.8125,3.15,0.0,2.98,3.388888888888889,0.0,3.5,4.5,4.333333333333333,2.9642857142857144,3.227272727272727,2.9482758620689653,3.22,2.375,4.5,0.0,35.0,26.0,5.0,5.0,8.0,10.0,0.0,25.0,9.0,0.0,4.0,1.0,3.0,14.0,11.0,29.0,25.0,4.0,2.0,0.0,0.0,0.5217391304347826,0.2608695652173913,0.17391304347826086
76,3.0840336134453783,1.292611546068676,119,0.5,5.0,1439165536,1439169012,4.5,0.7180753332276949,0.04023148148148148,114.3976144910766,0.0,3.161764705882353,2.5172413793103448,0.5555555555555556,0.7692307692307693,2.641025641025641,3.6527777777777777,3.5,3.1923076923076925,1.96875,0.0,3.933333333333333,3.0,0.75,3.6333333333333333,1.7272727272727273,3.2,3.576923076923077,3.111111111111111,2.8,0.0,34.0,29.0,9.0,13.0,39.0,36.0,1.0,52.0,16.0,0.0,15.0,7.0,4.0,15.0,11.0,25.0,39.0,9.0,5.0,2.0,2.0,0.3865546218487395,0.2689075630252101,0.06722689075630252
77,4.0,1.3228756555322954,29,1.0,5.0,1535107459,1535107575,4.0,0.7028021008806294,0.0013425925925925925,28.96111701881733,0.0,4.421052631578948,4.928571428571429,5.0,5.0,3.625,3.5,0.0,3.2777777777777777,4.8,0.0,0.0,4.416666666666667,0.0,2.125,3.1666666666666665,4.045454545454546,2.9375,0.0,0.0,0.0,19.0,14.0,1.0,1.0,4.0,5.0,0.0,9.0,5.0,0.0,0.0,6.0,0.0,4.0,3.0,11.0,8.0,0.0,0.0,0.0,0.0,0.6551724137931034,0.13793103448275862,0.6206896551724138
78,3.1639344262295084,1.1787044847183208,61,0.5,5.0,1252573252,1252575324,4.5,0.7820415208915802,0.023981481481481482,59.57138981824759,0.0,3.3088235294117645,3.0,2.25,2.5,3.1607142857142856,3.3333333333333335,0.0,2.8333333333333335,2.5,0.0,2.5,4.0,1.5,2.3333333333333335,3.5,3.026315789473684,3.14,3.0,2.0,0.0,34.0,25.0,2.0,3.0,28.0,12.0,0.0,12.0,3.0,0.0,4.0,2.0,1.0,3.0,6.0,19.0,25.0,3.0,1.0,0.0,0.0,0.39344262295081966,0.22950819672131148,0.09836065573770492
79,4.203125,0.857824629652294,64,2.0,5.0,975281314,975282111,3.0,1.0440324554642288,0.009224537037037036,63.41502574629862,0.0,4.2,4.25,0.0,0.0,4.142857142857143,4.5,4.333333333333333,3.9565217391304346,4.0,5.0,4.166666666666667,0.0,4.5,4.5,4.0,4.357142857142857,4.217391304347826,4.0,0.0,0.0,40.0,20.0,0.0,0.0,14.0,12.0,6.0,23.0,4.0,1.0,6.0,0.0,4.0,2.0,6.0,14.0,23.0,6.0,0.0,0.0,0.0,0.84375,0.0625,0.421875
80,4.2604790419161676,0.4586462641758352,167,3.0,5.0,1377306348,1377473870,2.0,1.7900415059166093,1.938912037037037,56.823749025291235,0.0,4.357142857142857,4.196969696969697,4.0,4.0,3.8181818181818183,4.430232558139535,0.0,4.2785714285714285,4.346153846153846,4.0,4.127659574468085,4.270833333333333,0.0,4.472222222222222,4.375,4.1909090909090905,4.2923728813559325,4.083333333333333,0.0,0.0,77.0,33.0,1.0,3.0,11.0,43.0,0.0,70.0,13.0,1.0,47.0,24.0,0.0,36.0,4.0,55.0,118.0,6.0,0.0,0.0,0.0,0.9101796407185628,0.0,0.16766467065868262
81,2.769230769230769,1.1766968108291043,26,1.0,5.0,845299424,845299983,4.0,0.7832713229310774,0.006469907407407408,25.83286376338274,0.0,2.769230769230769,2.4545454545454546,2.0,2.0,1.875,2.7142857142857144,0.0,2.875,1.0,0.0,0.0,2.5,2.0,4.0,2.3333333333333335,3.8333333333333335,3.0833333333333335,2.6666666666666665,0.0,0.0,13.0,11.0,2.0,2.0,8.0,7.0,0.0,8.0,1.0,0.0,0.0,2.0,2.0,2.0,3.0,6.0,12.0,3.0,0.0,0.0,0.0,0.23076923076923078,0.34615384615384615,0.2692307692307692
82,3.381057268722467,0.7679663590055158,227,1.0,4.5,1084463716,1084944803,3.5,1.1521183852629537,5.5681365740740745,34.560791700955264,0.0,3.5478260869565217,3.3716216216216215,3.0384615384615383,2.608695652173913,3.4734513274336285,3.451923076923077,3.0,3.3229166666666665,3.25,1.0,3.357142857142857,3.25,3.2142857142857144,3.142857142857143,3.3823529411764706,3.526315789473684,3.303030303030303,3.857142857142857,3.625,0.0,115.0,74.0,13.0,23.0,113.0,52.0,1.0,48.0,26.0,1.0,14.0,2.0,7.0,14.0,34.0,38.0,66.0,7.0,8.0,0.0,0.0,0.3524229074889868,0.0881057268722467,0.01762114537444934
83,3.309322033898305,1.2792216709554223,118,0.5,5.0,1332837807,1334193300,4.5,0.7250466122006872,15.688576388888889,7.070704969092713,0.0,3.0,3.1818181818181817,3.45,3.1666666666666665,3.0,3.392857142857143,2.0,3.6301369863013697,3.2,0.0,2.5,3.727272727272727,4.125,3.3333333333333335,3.675,3.4,3.107142857142857,3.4375,0.5,0.0,41.0,33.0,10.0,9.0,23.0,14.0,1.0,73.0,15.0,0.0,10.0,11.0,4.0,12.0,20.0,25.0,28.0,24.0,1.0,0.0,0.0,0.3728813559322034,0.19491525423728814,0.16101694915254236
84,3.689419795221843,0.7601757217663369,293,1.0,5.0,857653240,860399107,4.0,1.162553155937184,31.780868055555555,8.938140366003628,0.0,3.5625,3.56,3.0,3.3529411764705883,3.4871794871794872,3.727272727272727,3.75,3.8848484848484848,3.5625,3.6666666666666665,3.5454545454545454,5.0,3.764705882352941,3.933333333333333,3.6989247311827955,3.357142857142857,3.574468085106383,4.352941176470588,4.0,0.0,32.0,25.0,2.0,17.0,117.0,33.0,4.0,165.0,16.0,3.0,11.0,1.0,17.0,15.0,93.0,14.0,47.0,17.0,8.0,0.0,0.0,0.5802047781569966,0.020477815699658702,0.15017064846416384
85,3.7058823529411766,1.360245338047201,34,1.0,5.0,889466862,889468582,4.0,0.6848164304618214,0.01990740740740741,33.33635950975942,0.0,1.0,5.0,0.0,5.0,3.3333333333333335,2.0,0.0,3.8333333333333335,5.0,0.0,0.0,0.0,0.0,3.6666666666666665,4.0,2.0,3.0,3.6666666666666665,0.0,0.0,1.0,1.0,0.0,1.0,6.0,1.0,0.0,30.0,1.0,0.0,0.0,0.0,0.0,3.0,6.0,2.0,1.0,3.0,0.0,0.0,0.0,0.6764705882352942,0.20588235294117646,0.47058823529411764
86,3.9285714285714284,0.5335532672816418,70,1.5,5.0,1343944682,1344204970,3.5,1.5783992469814805,3.0125925925925925,17.4450803027506,0.0,3.8548387096774195,3.9107142857142856,4.041666666666667,4.045454545454546,4.071428571428571,4.111111111111111,0.0,3.9444444444444446,3.9444444444444446,0.0,4.0,3.857142857142857,4.0,4.25,3.8529411764705883,3.911764705882353,3.9166666666666665,3.1666666666666665,4.0,0.0,31.0,28.0,12.0,11.0,14.0,9.0,0.0,27.0,18.0,0.0,2.0,7.0,2.0,6.0,17.0,17.0,18.0,6.0,1.0,0.0,0.0,0.7285714285714285,0.014285714285714285,0.014285714285714285
87,3.9523809523809526,0.7730582433549543,21,2.0,5.0,1270702619,1296109099,3.0,1.1453989554662916,294.05648148148146,0.0711728137425038,0.0,3.0,3.9,4.333333333333333,3.8,4.222222222222222,0.0,0.0,3.909090909090909,4.3,0.0,3.5,0.0,4.0,4.0,4.25,3.642857142857143,3.6666666666666665,0.0,0.0,0.0,3.0,5.0,3.0,5.0,9.0,0.0,0.0,11.0,5.0,0.0,2.0,0.0,1.0,1.0,2.0,7.0,3.0,0.0,0.0,0.0,0.0,0.6190476190476191,0.047619047619047616,0.19047619047619047
88,4.035714285714286,1.1396057645963793,56,0.5,5.0,1331420128,1331421968,4.5,0.806708091040222,0.021296296296296296,54.83227561196736,0.0,4.235294117647059,4.571428571428571,0.0,0.5,3.2083333333333335,4.5588235294117645,0.0,4.166666666666667,4.7,0.0,4.166666666666667,4.666666666666667,0.0,4.25,3.5,3.7857142857142856,4.309523809523809,4.25,4.0,0.0,17.0,7.0,0.0,2.0,12.0,17.0,0.0,33.0,5.0,0.0,3.0,3.0,0.0,10.0,3.0,7.0,21.0,4.0,2.0,0.0,0.0,0.7678571428571429,0.07142857142857142,0.19642857142857142
89,3.472972972972973,1.1928393881174988,518,0.5,5.0,1520408265,1520409658,4.5,0.7734912852988631,0.016122685185185184,509.7809620356976,3.0,3.3771929824561404,3.5229885057471266,4.022222222222222,3.893939393939394,3.465481171548117,3.3181818181818183,4.5,3.410377358490566,3.4649122807017543,0.0,4.235294117647059,4.125,3.0526315789473686,3.7,3.090909090909091,3.378787878787879,3.738095238095238,3.4615384615384617,4.5,1.0,57.0,87.0,90.0,99.0,478.0,44.0,4.0,106.0,57.0,0.0,34.0,8.0,19.0,15.0,110.0,33.0,21.0,13.0,4.0,0.0,0.0,0.4749034749034749,0.17953667953667954,0.19884169884169883
90,4.074074074074074,0.8207647573223,54,2.0,5.0,856353996,856354612,3.0,1.0860537309313685,0.00712962962962963,53.61772547577456,0.0,4.0,3.75,3.0,3.5,4.045454545454546,4.4,4.25,4.212121212121212,3.5,0.0,4.0,0.0,4.333333333333333,4.0,4.277777777777778,4.0,4.0,4.0,0.0,0.0,3.0,4.0,1.0,2.0,22.0,5.0,4.0,33.0,2.0,0.0,1.0,0.0,3.0,1.0,18.0,4.0,6.0,1.0,0.0,0.0,0.0,0.7407407407407407,0.018518518518518517,0.35185185185185186
91,3.3956521739130436,0.9714918396392644,575,0.5,5.0,1112710847,1112718186,4.5,0.933278222946305,0.08494212962962963,529.9821845763237,0.0,3.6097560975609757,3.6094890510948905,3.9714285714285715,3.3,3.0870646766169156,3.53,3.5,3.325870646766169,3.8384615384615386,3.5,3.8263157894736843,3.7857142857142856,3.0952380952380953,3.75,2.9594594594594597,3.7142857142857144,3.669230769230769,3.3333333333333335,3.5833333333333335,0.0,205.0,137.0,35.0,35.0,201.0,100.0,8.0,201.0,65.0,2.0,95.0,7.0,21.0,46.0,74.0,119.0,195.0,21.0,18.0,0.0,0.0,0.41391304347826086,0.1391304347826087,0.09739130434782609
92,3.9375,0.6479482668560346,24,3.0,5.0,1294941362,1294942995,2.0,1.3369908646268451,0.018900462962962963,23.554803312394213,0.0,3.5,3.875,4.0,4.0,4.111111111111111,3.0,0.0,3.85,4.5,0.0,3.8333333333333335,4.5,4.5,4.0,4.375,3.6666666666666665,3.5,4.25,0.0,0.0,4.0,8.0,3.0,8.0,9.0,1.0,0.0,10.0,4.0,0.0,3.0,1.0,3.0,1.0,4.0,3.0,3.0,2.0,0.0,0.0,0.0,0.6666666666666666,0.0,0.125
93,4.288659793814433,0.5943968036063594,97,3.0,5.0,942766804,942947377,2.0,1.4400987948194552,2.089965277777778,31.391938510635907,0.0,4.326086956521739,4.196428571428571,3.75,4.0588235294117645,4.111111111111111,4.375,0.0,4.5,4.2631578947368425,0.0,4.333333333333333,5.0,4.0,4.5,4.3478260869565215,4.5,4.363636363636363,5.0,4.0,0.0,46.0,56.0,4.0,17.0,36.0,8.0,0.0,26.0,19.0,0.0,3.0,1.0,1.0,2.0,23.0,22.0,22.0,4.0,4.0,0.0,0.0,0.9278350515463918,0.0,0.36082474226804123
94,3.0357142857142856,1.008406226122745,56,1.0,5.0,843406616,843406960,4.0,0.9021963035141412,0.003981481481481482,55.777921239509354,0.0,3.05,3.2777777777777777,4.0,3.6666666666666665,2.727272727272727,3.1818181818181817,0.0,3.3333333333333335,2.8333333333333335,0.0,2.0,4.0,4.0,3.3333333333333335,2.3,3.3333333333333335,3.1904761904761907,3.75,3.3333333333333335,0.0,20.0,18.0,2.0,6.0,22.0,11.0,0.0,21.0,6.0,0.0,2.0,2.0,2.0,3.0,10.0,9.0,21.0,4.0,3.0,0.0,0.0,0.30357142857142855,0.21428571428571427,0.16071428571428573
95,4.0625,0.7989279868321758,168,1.0,5.0,1043339248,1105401227,4.0,1.1124361624605796,718.3099421296296,0.23355717773427367,0.0,4.177966101694915,4.173913043478261,4.7,4.2,3.85,4.142857142857143,4.5,4.2214285714285715,4.0,4.0,3.3333333333333335,4.125,3.6666666666666665,4.25,4.172413793103448,4.267241379310345,4.0978260869565215,4.25,0.0,0.0,59.0,46.0,5.0,5.0,60.0,35.0,2.0,70.0,11.0,3.0,6.0,4.0,3.0,12.0,29.0,58.0,46.0,4.0,0.0,0.0,0.0,0.7916666666666666,0.047619047619047616,0.23809523809523808
96,3.8846153846153846,1.2377269618005549,78,1.0,5.0,964772610,964774290,4.0,0.747536701102308,0.019444444444444445,76.51226158038148,0.0,3.864864864864865,3.8518518518518516,5.0,4.2,3.95,4.5,0.0,3.90625,3.625,5.0,4.0,5.0,4.0,4.428571428571429,3.5454545454545454,3.8125,3.814814814814815,4.0,4.0,0.0,37.0,27.0,2.0,5.0,20.0,14.0,0.0,32.0,8.0,1.0,4.0,1.0,2.0,7.0,11.0,16.0,27.0,5.0,1.0,0.0,0.0,0.6794871794871795,0.15384615384615385,0.48717948717948717
97,4.194444444444445,0.8218253010201289,36,2.0,5.0,1043381823,1047481515,3.0,1.0848042453308235,47.45013888888889,0.7430319257197405,0.0,4.181818181818182,4.285714285714286,4.5,4.333333333333333,4.111111111111111,4.5,0.0,3.9166666666666665,5.0,0.0,5.0,4.0,0.0,0.0,4.4,4.428571428571429,4.545454545454546,3.75,0.0,0.0,22.0,14.0,2.0,3.0,9.0,6.0,0.0,12.0,2.0,0.0,1.0,1.0,0.0,0.0,5.0,7.0,11.0,4.0,0.0,0.0,0.0,0.8055555555555556,0.027777777777777776,0.4166666666666667
98,3.9130434782608696,1.1133769432986687,92,0.5,5.0,1532457409,1532458398,4.5,0.8241462024829768,0.011446759259259259,90.95881632699768,0.0,3.625,3.6,3.975,3.85,4.0,4.25,0.0,3.875,3.4210526315789473,0.0,4.2727272727272725,3.2916666666666665,3.7857142857142856,4.6,3.875,3.68,3.90625,4.666666666666667,0.0,0.0,28.0,35.0,20.0,20.0,35.0,6.0,0.0,36.0,19.0,0.0,11.0,12.0,7.0,5.0,16.0,25.0,16.0,3.0,0.0,0.0,0.0,0.6847826086956522,0.11956521739130435,0.31521739130434784
99,3.8679245283018866,1.2095411693482496,53,1.0,5.0,829827514,829828007,4.0,0.763626240553929,0.005706018518518518,52.699296836338945,0.0,3.8095238095238093,4.0,5.0,5.0,3.869565217391304,4.142857142857143,0.0,4.388888888888889,0.0,0.0,3.3333333333333335,5.0,5.0,3.6666666666666665,4.7,2.8333333333333335,4.0,3.5,4.333333333333333,0.0,21.0,9.0,1.0,1.0,23.0,14.0,0.0,18.0,0.0,0.0,3.0,1.0,1.0,3.0,10.0,6.0,21.0,2.0,3.0,0.0,0.0,0.660377358490566,0.16981132075471697,0.4528301886792453
100,3.945945945945946,0.6754568500222322,148,1.0,5.0,1100183731,1100277691,4.0,1.2895624043701854,1.0875,70.89820359281437,0.0,3.980769230769231,4.029411764705882,3.5,4.0,3.929411764705882,4.125,0.0,3.97972972972973,3.95,0.0,2.4,4.5,4.083333333333333,3.7,4.0886075949367084,3.5714285714285716,3.6315789473684212,4.0,4.3,0.0,26.0,17.0,2.0,6.0,85.0,12.0,0.0,74.0,10.0,0.0,5.0,1.0,12.0,5.0,79.0,7.0,19.0,6.0,5.0,0.0,0.0,0.722972972972973,0.0472972972972973,0.0472972972972973
101,3.557377049180328,1.0571122640466406,61,1.0,5.0,968440698,968443804,4.0,0.864220379535872,0.03594907407407407,58.88320336066856,0.0,3.3333333333333335,3.3333333333333335,4.0,4.0,3.36,4.0,0.0,4.083333333333333,3.6666666666666665,0.0,3.6,4.0,4.0,4.0,3.0,3.857142857142857,3.5,0.0,0.0,0.0,15.0,9.0,3.0,2.0,25.0,7.0,0.0,24.0,3.0,0.0,5.0,1.0,2.0,5.0,6.0,7.0,14.0,0.0,0.0,0.0,0.0,0.639344262295082,0.18032786885245902,0.19672131147540983
102,3.357142857142857,0.7960943623504901,56,1.0,5.0,835875690,840635071,4.0,1.1159539017486522,55.08542824074074,0.998476819319734,0.0,3.125,3.142857142857143,4.0,3.75,3.5714285714285716,3.357142857142857,0.0,3.526315789473684,0.0,0.0,3.5,3.5,4.0,3.6666666666666665,3.2857142857142856,2.8333333333333335,3.3333333333333335,3.6666666666666665,3.4,0.0,24.0,14.0,2.0,4.0,21.0,14.0,0.0,19.0,0.0,0.0,2.0,2.0,2.0,3.0,14.0,6.0,24.0,3.0,5.0,0.0,0.0,0.35714285714285715,0.07142857142857142,0.10714285714285714
103,3.907161803713528,0.7884651517717446,377,0.5,5.0,1431954229,1522172366,4.5,1.1255365480636317,1044.191400462963,0.3606994851211075,0.0,3.6686046511627906,3.5,3.6545454545454548,3.6292134831460676,3.8205128205128207,4.388888888888889,3.5,4.163793103448276,3.636986301369863,4.75,3.6,3.15,3.8703703703703702,3.8461538461538463,3.8363636363636364,3.4615384615384617,4.0396825396825395,4.166666666666667,4.4375,0.0,86.0,112.0,55.0,89.0,156.0,63.0,2.0,174.0,73.0,4.0,15.0,30.0,27.0,26.0,55.0,39.0,63.0,12.0,8.0,5.0,4.0,0.6445623342175066,0.03978779840848806,0.15384615384615385
104,3.5073260073260073,0.7693230121379155,273,0.5,5.0,1048586179,1416242008,4.5,1.15032040569214,4255.275798611111,0.06414058038463677,0.0,3.125,3.5384615384615383,3.857142857142857,3.75,3.5718232044198897,3.5,0.0,3.5472972972972974,3.6847826086956523,4.5,2.375,3.857142857142857,3.7439024390243905,3.5,3.74468085106383,3.2580645161290325,3.259259259259259,3.3125,2.8333333333333335,0.0,52.0,78.0,42.0,56.0,181.0,16.0,0.0,74.0,46.0,1.0,4.0,14.0,41.0,8.0,94.0,31.0,27.0,8.0,3.0,0.0,0.0,0.4652014652014652,0.0695970695970696,0.04395604395604396
105,4.116343490304709,0.6127710946547568,722,0.5,5.0,1446571534,1526208332,4.5,1.402974962788534,921.7221990740741,0.7824673566155738,4.833333333333333,3.894578313253012,3.932142857142857,4.268518518518518,4.112903225806452,4.03265306122449,4.2293233082706765,4.454545454545454,4.1602209944751385,3.9767441860465116,4.166666666666667,4.066666666666666,3.9242424242424243,3.892857142857143,4.25,4.012096774193548,3.9627659574468086,4.071428571428571,4.113636363636363,4.0,3.0,166.0,140.0,108.0,62.0,245.0,133.0,22.0,362.0,86.0,6.0,30.0,33.0,14.0,70.0,124.0,94.0,147.0,44.0,7.0,0.0,0.0,0.7673130193905817,0.006925207756232687,0.1883656509695291
106,4.4393939393939394,0.7881701093115122,33,2.5,5.0,1467360283,1489498472,2.5,1.1259104416103078,256.22903935185184,0.1282903364377177,0.0,4.2894736842105265,4.44,4.25,4.1,4.666666666666667,5.0,0.0,4.388888888888889,4.5,0.0,3.5,4.7727272727272725,0.0,4.5,5.0,3.9166666666666665,4.071428571428571,0.0,0.0,0.0,19.0,25.0,2.0,5.0,6.0,2.0,0.0,9.0,20.0,0.0,2.0,11.0,0.0,4.0,1.0,6.0,7.0,0.0,0.0,2.0,2.0,0.7272727272727273,0.0,0.6060606060606061
107,3.911764705882353,0.7534827041035808,34,3.0,5.0,829322340,832003891,2.0,1.1716699063636065,31.036469907407408,1.0612904635956344,0.0,3.6363636363636362,3.769230769230769,4.0,4.0,3.6923076923076925,3.7142857142857144,0.0,4.235294117647059,4.0,0.0,4.0,5.0,0.0,4.0,4.2,3.4,3.6666666666666665,4.333333333333333,4.333333333333333,0.0,11.0,13.0,1.0,3.0,13.0,7.0,0.0,17.0,4.0,0.0,1.0,1.0,0.0,1.0,5.0,5.0,9.0,3.0,3.0,0.0,0.0,0.6764705882352942,0.0,0.23529411764705882
108,3.986842105263158,1.0892617812400176,76,1.0,5.0,1042838877,1042841782,4.0,0.8408577621634502,0.033622685185185186,73.52779799563294,0.0,3.6,4.0,3.5,4.0,4.107142857142857,4.6,0.0,4.191489361702128,3.0,0.0,2.0,3.0,5.0,4.75,3.9743589743589745,4.230769230769231,3.8333333333333335,3.5,5.0,0.0,10.0,10.0,2.0,3.0,28.0,5.0,0.0,47.0,2.0,0.0,1.0,1.0,1.0,4.0,39.0,13.0,12.0,2.0,1.0,0.0,0.0,0.6710526315789473,0.09210526315789473,0.4605263157894737
109,3.220472440944882,0.6890686816595241,127,2.0,5.0,841106309,844079136,3.0,1.2673168042823058,34.407719907407404,3.5867884272726416,0.0,3.1785714285714284,2.888888888888889,3.0,3.0,3.04,3.590909090909091,3.0,3.390625,2.888888888888889,3.0,3.2,3.0,3.1666666666666665,3.4,3.375,2.923076923076923,3.2972972972972974,3.8333333333333335,3.3333333333333335,0.0,28.0,18.0,6.0,11.0,50.0,22.0,1.0,64.0,9.0,1.0,5.0,2.0,6.0,5.0,24.0,13.0,37.0,6.0,6.0,0.0,0.0,0.2125984251968504,0.07086614173228346,0.07874015748031496
110,3.7254901960784315,0.9397538267556885,51,1.0,5.0,1175329437,1175330233,4.0,0.9617661164280288,0.009212962962962963,50.534428184779124,0.0,3.3,3.7,0.0,2.0,3.75,4.0,5.0,3.9310344827586206,0.0,0.0,2.25,0.0,0.0,3.875,3.8125,2.7,3.6333333333333333,3.9166666666666665,0.0,0.0,15.0,5.0,0.0,2.0,20.0,13.0,1.0,29.0,0.0,0.0,2.0,0.0,0.0,4.0,8.0,5.0,15.0,6.0,0.0,0.0,0.0,0.5882352941176471,0.0784313725490196,0.11764705882352941
111,3.3397832817337463,1.0708741409841747,646,0.5,5.0,1516139571,1519415307,4.5,0.8540627596057874,37.91361111111111,16.600875157935313,3.0,3.4398496240601504,3.2767857142857144,3.1475409836065573,3.2384615384615385,3.415766738660907,3.588235294117647,4.2631578947368425,3.3260869565217392,3.184931506849315,0.0,2.0405405405405403,2.933333333333333,3.3035714285714284,2.842857142857143,3.2542372881355934,2.8823529411764706,2.88,4.1,3.375,5.0,133.0,112.0,61.0,65.0,463.0,85.0,19.0,138.0,73.0,0.0,37.0,30.0,28.0,35.0,118.0,51.0,100.0,5.0,4.0,0.0,0.0,0.39473684210526316,0.13777089783281735,0.06811145510835913
112,3.5923076923076924,1.4681310070447238,65,0.5,5.0,1442535627,1518888248,4.5,0.637701821791398,883.7108912037037,0.07347032872124304,0.0,4.111111111111111,3.880952380952381,3.5,3.0,2.642857142857143,3.8214285714285716,0.0,3.56,3.5,0.0,4.25,4.583333333333333,3.5,4.6,2.1666666666666665,4.194444444444445,3.75,3.6,4.0,0.0,27.0,21.0,4.0,4.0,14.0,14.0,0.0,25.0,7.0,0.0,2.0,6.0,1.0,5.0,9.0,18.0,20.0,5.0,1.0,3.0,3.0,0.6307692307692307,0.2153846153846154,0.2923076923076923
113,3.6466666666666665,1.2268619142346673,150,1.0,5.0,980051234,980307560,4.0,0.7536579272280937,2.966736111111111,37.81446403249243,0.0,3.125,4.4,4.0,4.375,3.5806451612903225,3.8125,0.0,3.8152173913043477,3.6666666666666665,4.5,3.3333333333333335,0.0,4.2,3.55,3.7411764705882353,3.25,3.46875,4.6,0.0,0.0,8.0,5.0,3.0,8.0,62.0,16.0,0.0,92.0,9.0,2.0,9.0,0.0,5.0,20.0,85.0,4.0,32.0,5.0,0.0,0.0,0.0,0.6133333333333333,0.18,0.37333333333333335
114,3.435483870967742,0.8826280406063,31,0.5,5.0,1485387458,1485391411,4.5,1.0176790796474535,0.045752314814814815,29.643730700696157,0.0,3.25,3.282608695652174,3.1,3.25,3.5454545454545454,3.8333333333333335,0.0,3.7142857142857144,3.269230769230769,0.0,4.0,3.1,3.5,2.25,3.0,3.3,3.6,0.0,0.0,0.0,14.0,23.0,5.0,6.0,11.0,3.0,0.0,7.0,13.0,0.0,2.0,10.0,1.0,2.0,5.0,10.0,5.0,0.0,0.0,0.0,0.0,0.3548387096774194,0.0967741935483871,0.03225806451612903
115,3.767857142857143,1.1777375077094372,112,1.0,5.0,944950739,977610946,4.0,0.7826333608948138,378.0116550925926,0.2955054244245824,0.0,3.75,3.742857142857143,3.923076923076923,3.9285714285714284,3.7058823529411766,3.642857142857143,0.0,3.8846153846153846,3.3333333333333335,4.0,3.8,4.0,4.0,4.090909090909091,2.9,3.8947368421052633,3.8181818181818183,4.142857142857143,4.285714285714286,0.0,44.0,35.0,13.0,14.0,51.0,14.0,0.0,26.0,15.0,1.0,20.0,2.0,9.0,11.0,10.0,19.0,33.0,7.0,14.0,0.0,0.0,0.6517857142857143,0.16071428571428573,0.38392857142857145
116,3.4367816091954024,1.075100313602879,87,0.5,5.0,1337195649,1337200417,4.5,0.8509911778799393,0.055185185185185184,82.44998244998244,0.0,3.7666666666666666,3.5,3.5,3.2,3.393939393939394,3.1818181818181817,0.0,3.1470588235294117,3.2222222222222223,0.0,3.0625,1.0,3.857142857142857,3.8,3.5806451612903225,3.576923076923077,3.522727272727273,3.0,4.5,0.0,30.0,22.0,3.0,5.0,33.0,11.0,0.0,34.0,9.0,0.0,8.0,1.0,7.0,5.0,31.0,13.0,22.0,8.0,1.0,0.0,0.0,0.4482758620689655,0.14942528735632185,0.12643678160919541
117,3.3393939393939394,0.6197655900002926,165,2.0,5.0,844162743,844163992,3.0,1.3893412159361405,0.014456018518518519,162.64874670560988,0.0,3.111111111111111,3.176470588235294,3.7142857142857144,3.52,3.3559322033898304,3.24,0.0,3.4583333333333335,3.3333333333333335,0.0,3.8,4.0,3.769230769230769,3.3333333333333335,3.4390243902439024,3.1875,3.2127659574468086,3.888888888888889,3.8,0.0,45.0,34.0,14.0,25.0,59.0,25.0,0.0,72.0,18.0,0.0,5.0,3.0,13.0,6.0,41.0,16.0,47.0,9.0,5.0,0.0,0.0,0.3575757575757576,0.048484848484848485,0.030303030303030304
118,3.8181818181818183,0.8528028654224418,22,2.0,5.0,944923551,944924731,3.0,1.0495350468500455,0.013657407407407408,21.703585293445993,0.0,3.5,3.3333333333333335,0.0,0.0,3.5,3.888888888888889,0.0,4.0,0.0,0.0,3.0,0.0,0.0,3.5,2.5,4.0,3.8333333333333335,4.0,4.0,0.0,4.0,3.0,0.0,0.0,6.0,9.0,0.0,15.0,0.0,0.0,1.0,0.0,0.0,2.0,2.0,1.0,6.0,2.0,1.0,0.0,0.0,0.7272727272727273,0.09090909090909091,0.18181818181818182
119,4.176744186046512,0.5648741524314939,215,1.5,5.0,1435942458,1505333121,3.5,1.5040440305025038,803.1326736111112,0.267368814942566,0.0,4.137755102040816,4.176056338028169,4.140625,4.115384615384615,4.070422535211268,4.28125,3.875,4.284090909090909,4.0,4.0,4.0,4.2272727272727275,5.0,4.2727272727272725,4.305555555555555,3.986842105263158,4.156716417910448,4.416666666666667,3.875,0.0,98.0,71.0,32.0,26.0,71.0,48.0,4.0,88.0,27.0,1.0,6.0,22.0,1.0,11.0,18.0,38.0,67.0,12.0,4.0,14.0,12.0,0.8232558139534883,0.004651162790697674,0.18604651162790697
120,3.409090909090909,0.9591211706105854,22,2.0,5.0,860069973,860070306,3.0,0.9441790304536147,0.0038541666666666668,21.915533879838122,0.0,3.5714285714285716,3.5555555555555554,3.0,3.0,3.2,5.0,0.0,3.5714285714285716,2.6666666666666665,0.0,3.0,0.0,2.6666666666666665,3.0,3.0,3.75,3.3333333333333335,0.0,0.0,0.0,7.0,9.0,2.0,4.0,10.0,2.0,0.0,7.0,3.0,0.0,1.0,0.0,3.0,2.0,6.0,4.0,6.0,0.0,0.0,0.0,0.0,0.36363636363636365,0.13636363636363635,0.18181818181818182
121,3.293103448275862,0.8378883376105017,58,1.0,5.0,847655899,847656405,4.0,1.0662250077101318,0.005856481481481482,57.66230179734426,0.0,3.25,3.0,3.5,3.5,3.2,3.9,3.0,3.423076923076923,2.6,0.0,3.0,3.0,3.0,3.0,3.411764705882353,3.0,3.3,3.4,3.25,0.0,16.0,10.0,2.0,2.0,20.0,10.0,1.0,26.0,5.0,0.0,2.0,2.0,1.0,2.0,17.0,4.0,20.0,5.0,4.0,0.0,0.0,0.3620689655172414,0.10344827586206896,0.10344827586206896
122,4.546232876712328,0.4926464621281338,292,2.0,5.0,1461561133,1461563274,3.0,1.6873466120241412,0.024780092592592593,284.9391807185372,0.0,4.397058823529412,4.414634146341464,4.608695652173913,4.552631578947368,4.547008547008547,4.661016949152542,4.5,4.65625,4.472222222222222,5.0,4.4743589743589745,4.238095238095238,4.875,4.648148148148148,4.480769230769231,4.48125,4.50561797752809,4.545454545454546,4.5625,0.0,102.0,82.0,23.0,19.0,117.0,59.0,2.0,112.0,36.0,1.0,39.0,21.0,4.0,27.0,26.0,80.0,89.0,11.0,8.0,0.0,0.0,0.9417808219178082,0.003424657534246575,0.4246575342465753
123,4.035714285714286,0.3675118162249142,56,3.5,4.5,1447269071,1448836089,1.0,2.138983369607309,18.136782407407406,2.9263017579341706,0.0,3.9375,3.892857142857143,4.0,4.25,3.9,4.026315789473684,0.0,4.044117647058823,3.8,0.0,4.0,4.25,0.0,4.2,3.8333333333333335,4.0625,4.064516129032258,4.166666666666667,4.5,0.0,24.0,14.0,3.0,2.0,5.0,19.0,0.0,34.0,5.0,0.0,1.0,6.0,0.0,10.0,3.0,16.0,31.0,3.0,1.0,0.0,0.0,0.7678571428571429,0.0,0.0
124,3.99,0.8359889658484784,50,0.5,5.0,1336409551,1336584611,4.5,1.0683886632076858,2.0261574074074074,16.522603839975524,0.0,3.6666666666666665,4.125,4.3,4.2,3.9,4.363636363636363,0.0,4.413043478260869,3.75,4.0,2.3333333333333335,0.0,0.0,3.8333333333333335,4.285714285714286,3.625,3.8846153846153846,4.25,0.0,0.0,9.0,12.0,5.0,5.0,20.0,11.0,0.0,23.0,2.0,1.0,3.0,0.0,0.0,6.0,7.0,8.0,13.0,2.0,0.0,0.0,0.0,0.74,0.04,0.14
125,3.859722222222222,0.8024439900485046,360,0.5,5.0,1474141453,1513774320,4.5,1.108102010792107,458.71373842592595,0.7830960223913497,4.5,3.706140350877193,3.6216216216216215,3.925925925925926,3.6578947368421053,3.921232876712329,3.8727272727272726,2.5,4.003164556962025,3.8452380952380953,3.8333333333333335,3.7413793103448274,3.6136363636363638,3.9166666666666665,4.14,3.9661016949152543,3.755434782608696,3.8440860215053765,3.727272727272727,3.875,1.0,114.0,74.0,27.0,19.0,146.0,55.0,1.0,158.0,42.0,3.0,29.0,22.0,6.0,25.0,59.0,92.0,93.0,11.0,4.0,48.0,39.0,0.65,0.04722222222222222,0.10833333333333334
126,3.289473684210526,1.333718531366489,38,1.0,5.0,845925577,845925854,4.0,0.6974869739926509,0.0032060185185185186,37.878560633155274,0.0,3.3125,3.25,4.0,3.4,3.0,3.3,0.0,3.5,3.6666666666666665,0.0,2.0,4.333333333333333,4.0,5.0,4.2,2.6666666666666665,3.5,3.6666666666666665,4.0,0.0,16.0,12.0,3.0,5.0,11.0,10.0,0.0,16.0,3.0,0.0,2.0,3.0,3.0,1.0,5.0,6.0,16.0,3.0,1.0,0.0,0.0,0.47368421052631576,0.23684210526315788,0.3684210526315789
127,3.1136363636363638,1.3621745411361499,22,0.5,5.0,1263527011,1263527555,4.5,0.6839128789802156,0.006296296296296296,21.86234817813765,0.0,4.0,0.5,0.5,1.25,3.3333333333333335,4.0,0.0,2.9583333333333335,2.0,5.0,1.0,0.0,4.0,3.5,2.75,1.0,2.6666666666666665,5.0,4.0,0.0,1.0,1.0,1.0,2.0,9.0,1.0,0.0,12.0,2.0,1.0,1.0,0.0,1.0,4.0,4.0,1.0,6.0,1.0,1.0,0.0,0.0,0.5,0.36363636363636365,0.22727272727272727
128,4.363636363636363,0.6990252954195322,33,3.0,5.0,899032461,899033642,2.0,1.2515248337350136,0.013668981481481482,32.55500622281089,0.0,4.3,4.5,0.0,0.0,4.6,4.142857142857143,0.0,4.363636363636363,4.0,4.0,4.0,0.0,5.0,4.222222222222222,4.7,4.333333333333333,4.2,5.0,0.0,0.0,10.0,8.0,0.0,0.0,10.0,7.0,0.0,11.0,2.0,3.0,3.0,0.0,3.0,9.0,10.0,3.0,10.0,1.0,0.0,0.0,0.0,0.8787878787878788,0.0,0.48484848484848486
129,3.9214285714285713,0.6065334587538205,140,0.5,5.0,1167375395,1167378423,4.5,1.4153611376930317,0.0350462962962963,135.25965022140716,0.0,4.0131578947368425,3.920289855072464,4.113636363636363,3.9444444444444446,3.858974358974359,4.071428571428571,0.0,3.986842105263158,4.083333333333333,4.5,3.5,3.9375,4.055555555555555,3.5454545454545454,4.125,3.895348837209302,3.824324324324324,4.25,0.0,0.0,76.0,69.0,22.0,18.0,39.0,14.0,0.0,38.0,30.0,1.0,7.0,8.0,9.0,11.0,24.0,43.0,37.0,8.0,0.0,0.0,0.0,0.6785714285714286,0.014285714285714285,0.04285714285714286
130,3.5357142857142856,0.8811668550592597,28,2.0,5.0,832589516,832589692,3.0,1.0191946403852001,0.002037037037037037,27.943078913324708,0.0,3.4545454545454546,3.1818181818181817,2.3333333333333335,2.75,3.5,3.5714285714285716,0.0,3.8461538461538463,3.0,0.0,4.0,3.0,2.0,0.0,3.0,3.5,3.6,4.5,3.0,0.0,11.0,11.0,3.0,4.0,10.0,7.0,0.0,13.0,4.0,0.0,1.0,2.0,2.0,0.0,3.0,4.0,10.0,2.0,1.0,0.0,0.0,0.5,0.10714285714285714,0.14285714285714285
131,3.4420289855072466,0.709889344546336,69,1.0,4.5,1349838570,1349840772,3.5,1.2347365806623318,0.025486111111111112,67.28516286314078,0.0,3.261904761904762,3.375,3.5,0.0,3.3333333333333335,3.782608695652174,3.0,3.5,3.4,4.0,3.0,4.0,0.0,3.6,3.4166666666666665,3.088235294117647,3.4285714285714284,3.2142857142857144,2.0,0.0,21.0,16.0,1.0,0.0,12.0,23.0,1.0,41.0,5.0,1.0,5.0,4.0,0.0,10.0,6.0,17.0,28.0,7.0,1.0,0.0,0.0,0.42028985507246375,0.057971014492753624,0.014492753623188406
132,3.0389048991354466,0.7710903320482245,347,0.5,4.5,1157919800,1329984112,4.0,1.1479865671894967,1991.4850925925925,0.17415437700890835,0.0,2.919642857142857,2.7890625,2.90625,2.8444444444444446,2.91025641025641,3.2413793103448274,2.75,3.1920903954802258,3.0964912280701755,3.875,2.8,3.45,3.4444444444444446,3.2,3.1271929824561404,2.8780487804878048,3.140845070422535,3.357142857142857,2.5,0.0,56.0,64.0,32.0,45.0,156.0,58.0,2.0,177.0,57.0,4.0,25.0,10.0,27.0,30.0,114.0,41.0,71.0,7.0,3.0,4.0,4.0,0.1988472622478386,0.2017291066282421,0.005763688760806916
133,3.0,0.6859943405700354,35,1.0,4.0,843490780,843491793,3.0,1.2722737917867946,0.011724537037037037,34.594396714447505,0.0,2.642857142857143,2.5714285714285716,3.0,3.0,3.0,2.6666666666666665,0.0,3.0,3.0,0.0,2.5,3.0,3.0,3.6666666666666665,3.25,3.25,3.0,3.6666666666666665,2.0,0.0,14.0,7.0,1.0,1.0,9.0,12.0,0.0,14.0,1.0,0.0,2.0,1.0,1.0,3.0,4.0,4.0,18.0,3.0,1.0,0.0,0.0,0.2,0.17142857142857143,0.02857142857142857
134,3.5714285714285716,0.7390659560519331,35,2.0,5.0,832840928,832841791,3.0,1.1918014225071314,0.009988425925925927,34.65386246175355,0.0,3.4705882352941178,3.4166666666666665,3.4,3.4,3.111111111111111,3.75,0.0,3.7857142857142856,3.6666666666666665,0.0,4.0,4.0,3.5,3.5,3.3333333333333335,3.5,3.5833333333333335,4.5,4.0,0.0,17.0,12.0,5.0,5.0,9.0,8.0,0.0,14.0,3.0,0.0,3.0,2.0,4.0,2.0,6.0,6.0,12.0,2.0,3.0,0.0,0.0,0.4857142857142857,0.02857142857142857,0.11428571428571428
135,3.630824372759857,1.0439529717250753,279,1.0,5.0,1009690737,1009694943,4.0,0.8741618097219548,0.04868055555555555,266.04860605257926,0.0,3.4220183486238533,3.5,4.0,3.7777777777777777,3.6611570247933884,3.627450980392157,4.5,3.755813953488372,3.909090909090909,3.0,3.8181818181818183,0.0,4.111111111111111,3.75,3.6285714285714286,3.508771929824561,3.520408163265306,3.875,4.0,0.0,109.0,72.0,7.0,18.0,121.0,51.0,2.0,86.0,44.0,1.0,22.0,0.0,9.0,24.0,35.0,57.0,98.0,8.0,3.0,0.0,0.0,0.6272401433691757,0.14695340501792115,0.23655913978494625
136,3.315315315315315,1.2790762432458964,111,1.0,5.0,832449136,832451540,4.0,0.7251230705318551,0.027824074074074074,107.99513535426333,0.0,3.15,3.1739130434782608,3.0,2.7,3.1627906976744184,3.611111111111111,0.0,3.6578947368421053,3.4444444444444446,0.0,3.111111111111111,3.3333333333333335,3.5,4.2,3.7777777777777777,2.625,3.4838709677419355,4.0,2.5,0.0,40.0,23.0,5.0,10.0,43.0,18.0,0.0,38.0,9.0,0.0,9.0,3.0,4.0,5.0,18.0,16.0,31.0,6.0,6.0,0.0,0.0,0.40540540540540543,0.2072072072072072,0.36936936936936937
137,3.978723404255319,0.7143237071962639,141,2.0,5.0,1204858999,1204864005,3.0,1.2280128788624172,0.05793981481481481,133.27790298229874,0.0,3.727272727272727,3.893939393939394,3.8,4.0,3.9027777777777777,3.775,4.416666666666667,4.0394736842105265,4.035714285714286,4.1,3.769230769230769,3.5,4.0,4.181818181818182,3.892857142857143,3.5555555555555554,3.6724137931034484,4.2105263157894735,4.0,0.0,33.0,33.0,5.0,8.0,36.0,20.0,6.0,76.0,14.0,5.0,13.0,2.0,5.0,11.0,28.0,27.0,29.0,19.0,3.0,0.0,0.0,0.6312056737588653,0.014184397163120567,0.19148936170212766
138,3.522727272727273,1.599682057154697,22,0.5,5.0,1222675936,1222676555,4.5,0.5883453295224053,0.0071643518518518514,21.843505441340398,0.0,3.75,4.083333333333333,4.166666666666667,4.166666666666667,4.055555555555555,1.6666666666666667,0.0,3.4,3.3333333333333335,0.0,0.0,5.0,0.0,0.5,4.0,4.0,1.8333333333333333,1.5,0.0,0.0,10.0,6.0,3.0,3.0,9.0,3.0,0.0,10.0,3.0,0.0,0.0,1.0,0.0,1.0,5.0,3.0,3.0,1.0,0.0,2.0,2.0,0.5454545454545454,0.22727272727272727,0.36363636363636365
139,2.1443298969072164,0.8945973792243165,194,0.5,4.0,1453923961,1453925402,3.5,1.0054319676368915,0.01667824074074074,190.81749980077643,0.0,2.2181818181818183,2.4207317073170733,2.466666666666667,2.25,2.0306122448979593,2.176470588235294,0.0,2.1491228070175437,2.418918918918919,0.0,1.5909090909090908,2.4545454545454546,2.5,2.0869565217391304,1.875,2.0223880597014925,1.9545454545454546,2.5454545454545454,2.6666666666666665,0.0,110.0,82.0,15.0,14.0,49.0,34.0,0.0,57.0,37.0,0.0,22.0,33.0,4.0,23.0,16.0,67.0,77.0,11.0,3.0,0.0,0.0,0.06701030927835051,0.5618556701030928,0.0979381443298969
140,3.4991776315789473,0.8074504680447067,608,0.5,5.0,942839914,1186077792,4.5,1.1019885219241892,2815.2532175925926,0.21588967788902677,0.0,3.4691011235955056,3.5166666666666666,3.15625,3.521276595744681,3.3421052631578947,3.5393700787401574,3.5,3.587818696883853,3.370967741935484,3.5,3.5,4.2,3.576923076923077,3.2613636363636362,3.6315789473684212,3.423076923076923,3.385869565217391,3.8046875,3.7875,0.0,178.0,120.0,16.0,47.0,152.0,127.0,3.0,353.0,31.0,5.0,7.0,5.0,13.0,44.0,114.0,39.0,184.0,64.0,40.0,0.0,0.0,0.46875,0.06414473684210527,0.09868421052631579
141,3.5386904761904763,0.7502435209630783,168,2.0,5.0,1513129787,1513133075,3.0,1.1761336315356936,0.03805555555555556,161.84104896976186,0.0,3.490740740740741,3.675,3.7916666666666665,3.7291666666666665,3.48989898989899,3.55,0.0,3.7403846153846154,3.716666666666667,2.5,3.3333333333333335,3.736842105263158,3.3125,3.3333333333333335,3.519230769230769,3.6129032258064515,3.5,3.3333333333333335,4.25,0.0,54.0,60.0,24.0,24.0,99.0,30.0,0.0,52.0,30.0,1.0,6.0,19.0,8.0,9.0,26.0,31.0,29.0,6.0,2.0,0.0,0.0,0.36904761904761907,0.023809523809523808,0.08928571428571429
142,3.8157894736842106,0.7660097789896835,38,2.0,5.0,838931919,838934522,3.0,1.154721371814801,0.030127314814814815,36.88864420300439,0.0,3.3076923076923075,3.7777777777777777,4.333333333333333,4.25,4.111111111111111,3.888888888888889,0.0,3.888888888888889,4.0,0.0,5.0,4.333333333333333,4.333333333333333,4.5,4.0,3.0,3.736842105263158,4.666666666666667,4.0,0.0,13.0,9.0,3.0,4.0,9.0,9.0,0.0,18.0,2.0,0.0,1.0,3.0,3.0,2.0,6.0,3.0,19.0,3.0,1.0,0.0,0.0,0.6578947368421053,0.02631578947368421,0.18421052631578946
143,3.323943661971831,1.328529239285996,71,1.0,5.0,1444768522,1444881588,4.0,0.700020673360398,1.3086342592592592,30.75411348299961,0.0,2.1666666666666665,3.5,3.8181818181818183,3.727272727272727,3.341666666666667,3.5,5.0,3.2777777777777777,3.4,0.0,1.0,3.2,3.3333333333333335,2.0,3.451219512195122,3.125,2.6666666666666665,4.5,0.0,0.0,9.0,13.0,11.0,11.0,60.0,2.0,1.0,18.0,10.0,0.0,1.0,5.0,3.0,2.0,41.0,4.0,3.0,2.0,0.0,0.0,0.0,0.49295774647887325,0.2676056338028169,0.3380281690140845
144,3.62890625,0.7077915463125395,128,1.5,5.0,1136811763,1137324296,3.5,1.2379431359053785,5.932094907407407,18.464836634481653,0.0,3.418918918918919,3.6666666666666665,4.076923076923077,3.823529411764706,3.463636363636364,3.710526315789474,3.5,3.798076923076923,3.7777777777777777,0.0,3.9166666666666665,3.8333333333333335,4.375,4.0,3.7125,3.0,3.4838709677419355,3.6666666666666665,3.625,0.0,37.0,39.0,13.0,17.0,55.0,19.0,2.0,52.0,18.0,0.0,6.0,3.0,8.0,8.0,40.0,14.0,31.0,6.0,4.0,0.0,0.0,0.4453125,0.0234375,0.0625
145,3.347826086956522,0.7751067757631797,23,2.0,5.0,832105148,832105479,3.0,1.1427176976522677,0.0038310185185185183,22.912222849961378,0.0,2.875,3.272727272727273,4.333333333333333,4.333333333333333,3.375,3.5714285714285716,0.0,3.4444444444444446,4.5,0.0,0.0,3.5,4.0,5.0,3.3333333333333335,2.75,3.5555555555555554,4.0,4.0,0.0,8.0,11.0,3.0,3.0,8.0,7.0,0.0,9.0,2.0,0.0,0.0,2.0,2.0,1.0,3.0,4.0,9.0,1.0,1.0,0.0,0.0,0.34782608695652173,0.08695652173913043,0.08695652173913043
146,3.140625,0.9856582457522255,32,0.5,5.0,1312507689,1312509085,4.5,0.9211001748594697,0.01615740740740741,31.49118410861543,0.0,2.1,3.5,3.75,3.2142857142857144,3.125,3.0,0.0,3.4583333333333335,3.4,0.0,3.3333333333333335,3.0,0.0,3.6,3.25,2.875,2.8636363636363638,3.0,0.0,0.0,5.0,2.0,2.0,7.0,12.0,6.0,0.0,12.0,5.0,0.0,3.0,1.0,0.0,5.0,12.0,4.0,11.0,1.0,0.0,0.0,0.0,0.28125,0.1875,0.0625
147,3.375,1.4407143695878242,20,0.5,5.0,1203267692,1203267737,4.5,0.6490495706011508,0.0005208333333333333,19.989588755856325,0.0,3.0,4.75,3.0,3.0,3.576923076923077,4.333333333333333,0.0,2.9285714285714284,3.0,0.0,4.5,0.0,3.0,0.0,2.857142857142857,4.5,3.5,2.75,4.5,0.0,7.0,2.0,1.0,1.0,13.0,3.0,0.0,7.0,1.0,0.0,1.0,0.0,1.0,0.0,7.0,2.0,4.0,2.0,1.0,0.0,0.0,0.55,0.25,0.15
148,3.7395833333333335,0.6840864644035445,48,1.5,5.0,1482548446,1482550089,3.5,1.2753695483835463,0.019016203703703705,47.10425587497019,0.0,3.5555555555555554,3.661290322580645,3.710526315789474,3.769230769230769,3.7142857142857144,2.5,0.0,3.75,3.7045454545454546,0.0,0.0,3.75,4.1,3.1666666666666665,4.115384615384615,3.65,3.5833333333333335,4.25,0.0,0.0,18.0,31.0,19.0,13.0,14.0,2.0,0.0,14.0,22.0,0.0,0.0,16.0,5.0,3.0,13.0,10.0,6.0,2.0,0.0,0.0,0.0,0.6041666666666666,0.020833333333333332,0.0625
149,2.7241379310344827,1.2813521291537595,58,1.0,5.0,902084716,902085272,4.0,0.7239283734355392,0.006435185185185185,57.62914577487465,0.0,2.7714285714285714,2.5,3.3333333333333335,1.6,2.8,2.3333333333333335,0.0,2.857142857142857,2.0,0.0,3.8333333333333335,0.0,0.0,2.5,4.0,2.7454545454545456,2.8333333333333335,5.0,2.0,0.0,35.0,28.0,3.0,5.0,10.0,3.0,0.0,7.0,3.0,0.0,6.0,0.0,0.0,2.0,1.0,55.0,18.0,1.0,1.0,0.0,0.0,0.3103448275862069,0.4482758620689655,0.3103448275862069
150,3.576923076923077,0.7027418828034613,26,3.0,5.0,854203071,854203230,2.0,1.2457304414062003,0.0018402777777777777,25.952240668214746,0.0,3.6,3.7142857142857144,0.0,3.0,3.4444444444444446,3.75,0.0,3.5,3.0,0.0,0.0,0.0,3.0,4.0,3.4,4.666666666666667,3.6666666666666665,0.0,0.0,0.0,10.0,7.0,0.0,1.0,9.0,4.0,0.0,10.0,2.0,0.0,0.0,0.0,1.0,3.0,5.0,3.0,15.0,0.0,0.0,0.0,0.0,0.46153846153846156,0.0,0.11538461538461539
151,3.542372881355932,0.8773399038218348,59,1.0,5.0,855947195,855948920,4.0,1.0231854814170118,0.019965277777777776,57.84510638297873,0.0,3.5,3.466666666666667,4.2,3.5714285714285716,3.710526315789474,4.5,0.0,3.4285714285714284,3.9166666666666665,0.0,3.0,0.0,3.5,3.0,4.0,3.75,3.4,0.0,0.0,0.0,10.0,15.0,5.0,14.0,38.0,2.0,0.0,14.0,12.0,0.0,7.0,0.0,4.0,1.0,9.0,4.0,15.0,0.0,0.0,0.0,0.0,0.559322033898305,0.0847457627118644,0.13559322033898305
152,4.023809523809524,0.6564111333888739,63,2.0,5.0,1450572429,1450867906,3.0,1.3220323655467616,3.4198726851851853,14.253804235395167,0.0,3.588235294117647,3.5,4.5,4.5,3.75,4.136363636363637,4.375,4.048780487804878,3.1666666666666665,4.0,4.5,3.5,3.5,4.0625,4.0,3.625,4.04,4.333333333333333,0.0,0.0,17.0,10.0,1.0,1.0,16.0,22.0,4.0,41.0,3.0,1.0,1.0,3.0,1.0,8.0,7.0,8.0,25.0,6.0,0.0,0.0,0.0,0.6984126984126984,0.015873015873015872,0.14285714285714285
153,2.217877094972067,1.4319837605320351,179,0.5,5.0,1525548096,1525553119,4.5,0.6527484336078829,0.05813657407407408,169.1653085109874,0.0,0.9285714285714286,1.351063829787234,1.71875,1.6521739130434783,2.1333333333333333,1.7,1.0,2.7387387387387387,1.94,2.5,1.125,1.0909090909090908,2.5555555555555554,3.375,2.673076923076923,1.4782608695652173,1.8333333333333333,1.6111111111111112,0.75,0.0,35.0,47.0,16.0,23.0,75.0,15.0,1.0,111.0,25.0,1.0,4.0,11.0,9.0,4.0,52.0,23.0,21.0,9.0,2.0,0.0,0.0,0.19553072625698323,0.5083798882681564,0.1452513966480447
154,4.382352941176471,1.2064148209229704,34,0.5,5.0,1486297008,1486297276,4.5,0.7654536552896031,0.0031018518518518517,33.89486315595145,0.0,4.181818181818182,4.571428571428571,4.625,4.9375,4.4375,3.2,0.0,4.0,4.8125,0.0,0.0,4.428571428571429,0.0,5.0,5.0,4.733333333333333,2.5,4.5,0.0,0.0,22.0,21.0,8.0,8.0,8.0,5.0,0.0,7.0,8.0,0.0,0.0,14.0,0.0,2.0,3.0,15.0,4.0,2.0,0.0,0.0,0.0,0.8235294117647058,0.058823529411764705,0.6764705882352942
155,3.608695652173913,0.7142443052179217,46,2.0,5.0,961860688,965939614,3.0,1.2281326299633908,47.20979166666667,0.9541630114905771,0.0,3.75,3.6666666666666665,3.5714285714285716,3.3,3.5384615384615383,3.5714285714285716,0.0,3.2857142857142856,3.2,0.0,4.0,0.0,3.0,0.0,4.0,4.0,3.5714285714285716,4.0,4.0,0.0,20.0,21.0,7.0,10.0,26.0,7.0,0.0,7.0,5.0,0.0,1.0,0.0,1.0,0.0,4.0,10.0,7.0,2.0,1.0,0.0,0.0,0.5652173913043478,0.043478260869565216,0.08695652173913043
156,3.692211055276382,0.9193495870190144,398,1.0,5.0,939842396,1109452344,4.0,0.9810177124065942,1963.078101851852,0.20263959952750427,0.0,3.2916666666666665,3.5816326530612246,3.3181818181818183,3.272727272727273,3.521951219512195,3.8785714285714286,3.8333333333333335,3.8171296296296298,3.640625,4.666666666666667,3.5,4.0,3.75,3.986111111111111,3.7475247524752477,3.3,3.782258064516129,3.875,3.75,0.0,48.0,49.0,11.0,22.0,205.0,70.0,3.0,216.0,32.0,12.0,6.0,1.0,20.0,36.0,101.0,25.0,62.0,28.0,6.0,0.0,0.0,0.542713567839196,0.0728643216080402,0.1984924623115578
157,3.4761904761904763,1.0304876330673562,21,2.0,5.0,992479516,992480059,3.0,0.8845740287195325,0.006284722222222222,20.868845105413893,0.0,3.4,3.5,4.0,3.0,3.230769230769231,4.333333333333333,0.0,3.6666666666666665,3.5,0.0,0.0,0.0,0.0,3.5,2.5,3.0,4.333333333333333,5.0,0.0,0.0,5.0,6.0,1.0,4.0,13.0,3.0,0.0,9.0,2.0,0.0,0.0,0.0,0.0,2.0,2.0,2.0,3.0,1.0,0.0,0.0,0.0,0.47619047619047616,0.19047619047619047,0.19047619047619047
158,3.423076923076923,0.7306477631842541,26,2.5,5.0,1290764747,1290765104,2.5,1.2038797241402794,0.004131944444444444,25.893011514920985,0.0,3.7142857142857144,3.375,0.0,2.5,3.2,3.6,4.0,3.357142857142857,3.0,0.0,3.7,0.0,0.0,4.0,3.0,4.0,3.6,0.0,0.0,0.0,7.0,4.0,0.0,1.0,10.0,5.0,1.0,7.0,6.0,0.0,5.0,0.0,0.0,1.0,4.0,4.0,10.0,0.0,0.0,0.0,0.0,0.38461538461538464,0.0,0.038461538461538464
159,3.2731958762886597,1.1814993532158553,97,0.5,5.0,1508640105,1508641313,4.5,0.7803359381263458,0.013981481481481482,95.6624965756552,0.0,3.4375,3.710526315789474,3.8076923076923075,3.9,3.4215686274509802,1.8333333333333333,0.0,3.1842105263157894,3.9615384615384617,0.0,0.0,4.333333333333333,3.4,4.0,3.1923076923076925,2.4166666666666665,2.875,3.6666666666666665,0.0,0.0,8.0,19.0,13.0,10.0,51.0,6.0,0.0,57.0,13.0,0.0,0.0,3.0,5.0,1.0,52.0,6.0,8.0,3.0,0.0,0.0,0.0,0.422680412371134,0.21649484536082475,0.12371134020618557
160,2.708237986270023,1.5463410076823205,437,0.5,5.0,971112529,1077750008,4.5,0.6074075755470466,1234.2300810185186,0.3537802444380793,0.0,2.284090909090909,2.2948717948717947,3.6153846153846154,2.894230769230769,2.75,3.198529411764706,0.0,3.1948051948051948,2.819672131147541,5.0,2.341666666666667,3.75,3.6904761904761907,3.0,2.8425925925925926,2.4770992366412212,2.4615384615384617,3.611111111111111,2.3333333333333335,0.0,176.0,117.0,26.0,52.0,120.0,68.0,0.0,154.0,61.0,2.0,60.0,4.0,21.0,36.0,54.0,131.0,156.0,18.0,3.0,0.0,0.0,0.3524027459954233,0.4919908466819222,0.4897025171624714
161,3.8333333333333335,1.1316809419557992,39,0.5,5.0,1176498494,1186073290,4.5,0.8118985736777654,110.81939814814815,0.34877669390000987,0.0,3.875,4.214285714285714,4.269230769230769,4.266666666666667,3.86,4.666666666666667,4.5,3.7222222222222223,3.5555555555555554,0.0,4.0,0.0,4.071428571428571,4.0,3.25,4.083333333333333,3.8333333333333335,0.0,0.0,0.0,4.0,14.0,13.0,15.0,25.0,3.0,2.0,9.0,9.0,0.0,1.0,0.0,7.0,1.0,12.0,6.0,3.0,0.0,0.0,1.0,1.0,0.6153846153846154,0.07692307692307693,0.28205128205128205
162,4.2368421052631575,0.8198289381992818,38,3.0,5.0,836488862,836684340,2.0,1.0871586644769693,2.2624768518518517,11.647592220747985,0.0,4.0,4.0,4.0,4.0,4.0,4.444444444444445,0.0,4.257142857142857,3.0,0.0,0.0,4.0,4.0,4.0,4.142857142857143,4.0,4.0,4.666666666666667,4.0,0.0,5.0,3.0,1.0,1.0,10.0,9.0,0.0,35.0,1.0,0.0,0.0,1.0,1.0,1.0,14.0,1.0,9.0,3.0,2.0,0.0,0.0,0.7631578947368421,0.0,0.47368421052631576
163,3.0,0.674199862463242,23,2.0,4.0,894217532,894217570,2.0,1.2916561323304014,0.0004398148148148148,22.989888706356002,0.0,2.8,2.0,0.0,4.0,3.0833333333333335,2.5,0.0,3.0,2.0,3.0,3.0,0.0,0.0,3.0,3.142857142857143,2.5,3.0,0.0,0.0,0.0,5.0,2.0,0.0,1.0,12.0,2.0,0.0,10.0,1.0,1.0,2.0,0.0,0.0,5.0,7.0,2.0,8.0,0.0,0.0,0.0,0.0,0.21739130434782608,0.21739130434782608,0.0
164,4.25,0.8742343589025283,36,3.0,5.0,999707976,999708390,2.0,1.0264470667268362,0.004791666666666666,35.828322620775445,0.0,4.34375,4.277777777777778,0.0,4.0,3.4,3.6666666666666665,0.0,4.333333333333333,3.5,0.0,4.0,0.0,0.0,0.0,3.75,4.25,4.230769230769231,5.0,5.0,0.0,32.0,18.0,0.0,2.0,5.0,3.0,0.0,9.0,2.0,0.0,2.0,0.0,0.0,0.0,4.0,16.0,13.0,2.0,1.0,0.0,0.0,0.7222222222222222,0.0,0.5277777777777778
165,3.5384615384615383,0.7305161505085604,65,2.0,5.0,1046741213,1046742038,3.0,1.2040705040927349,0.009548611111111112,64.38521066208082,0.0,3.7241379310344827,3.8823529411764706,4.0,3.3333333333333335,3.4545454545454546,3.5294117647058822,0.0,3.2941176470588234,3.75,0.0,3.5,0.0,4.0,4.0,3.6666666666666665,3.6,3.6842105263157894,3.5,3.3333333333333335,0.0,29.0,17.0,2.0,3.0,22.0,17.0,0.0,34.0,4.0,0.0,2.0,0.0,1.0,3.0,15.0,10.0,19.0,2.0,3.0,0.0,0.0,0.49230769230769234,0.046153846153846156,0.09230769230769231
166,4.073684210526316,0.6443421691665884,190,2.0,5.0,1188773610,1190828796,3.0,1.343468154061004,23.786875,7.665347083890164,0.0,3.994047619047619,4.084905660377358,4.5,4.2,4.0673076923076925,4.201923076923077,4.0,4.166666666666667,4.0344827586206895,4.666666666666667,3.75,4.428571428571429,4.5,3.975,4.214285714285714,4.029411764705882,4.014705882352941,4.136363636363637,4.333333333333333,0.0,84.0,53.0,15.0,15.0,52.0,52.0,2.0,84.0,29.0,3.0,14.0,7.0,3.0,20.0,28.0,34.0,68.0,11.0,3.0,6.0,5.0,0.7210526315789474,0.005263157894736842,0.1368421052631579
167,3.439306358381503,1.1325334759747818,173,0.5,5.0,1154718679,1177516044,4.5,0.8113369896173598,263.8583912037037,0.6531792299038204,0.0,3.451923076923077,3.8220338983050848,3.92,3.703125,3.378787878787879,3.4310344827586206,0.0,3.1842105263157894,3.9047619047619047,4.5,2.9545454545454546,4.0625,3.34375,3.5,2.8653846153846154,3.442857142857143,3.096774193548387,2.75,2.75,0.0,52.0,59.0,25.0,32.0,99.0,29.0,0.0,38.0,42.0,1.0,11.0,8.0,16.0,5.0,26.0,35.0,31.0,6.0,2.0,1.0,1.0,0.4393063583815029,0.14450867052023122,0.15028901734104047
168,4.462765957446808,0.7304416166866338,94,0.5,5.0,1306793285,1306806646,4.5,1.2041785718662374,0.1546412037037037,81.41057126532412,0.0,4.53125,4.2,4.5,4.4,4.26,4.64,4.75,4.571428571428571,4.4,4.75,3.0,0.0,4.5,4.735294117647059,4.366666666666666,2.25,4.48,4.576923076923077,4.8,0.0,16.0,10.0,3.0,5.0,25.0,25.0,2.0,63.0,5.0,6.0,3.0,0.0,2.0,17.0,15.0,4.0,25.0,13.0,5.0,0.0,0.0,0.925531914893617,0.0425531914893617,0.35106382978723405
169,4.24907063197026,0.601032282572244,269,2.5,5.0,1059426977,1092373285,2.5,1.4264678315965376,381.32300925925927,0.7035935412864123,0.0,3.857142857142857,4.092592592592593,4.333333333333333,4.315217391304348,4.224137931034483,4.108695652173913,4.333333333333333,4.393203883495145,4.357142857142857,0.0,3.75,4.416666666666667,4.42,4.166666666666667,4.265432098765432,3.84,3.816666666666667,4.35,4.333333333333333,0.0,42.0,54.0,24.0,46.0,145.0,23.0,3.0,103.0,42.0,0.0,6.0,6.0,50.0,6.0,81.0,25.0,30.0,10.0,3.0,0.0,0.0,0.828996282527881,0.0,0.23048327137546468
170,3.34,0.7174216873994125,50,1.0,5.0,840380827,840473337,4.0,1.2233587821500695,1.0707175925925927,24.14621876921357,0.0,3.2777777777777777,3.1666666666666665,3.2,3.0,3.1176470588235294,3.2857142857142856,0.0,3.625,2.6,0.0,4.0,3.0,3.2,3.0,3.75,3.3333333333333335,3.1578947368421053,4.0,3.75,0.0,18.0,12.0,5.0,10.0,17.0,7.0,0.0,24.0,5.0,0.0,1.0,3.0,5.0,1.0,12.0,3.0,19.0,4.0,4.0,0.0,0.0,0.38,0.06,0.06
171,4.634146341463414,0.5986032120530903,82,3.0,5.0,866904157,866905925,2.0,1.431427715685918,0.020462962962962964,80.35568460212322,0.0,4.571428571428571,4.636363636363637,4.75,4.636363636363637,4.612903225806452,4.777777777777778,0.0,4.676470588235294,4.4,0.0,4.666666666666667,0.0,4.5,4.75,4.5,4.7,4.684210526315789,4.5,4.8,0.0,21.0,22.0,8.0,11.0,31.0,18.0,0.0,34.0,15.0,0.0,3.0,0.0,8.0,8.0,8.0,10.0,19.0,2.0,5.0,0.0,0.0,0.9390243902439024,0.0,0.6951219512195121
172,3.826923076923077,0.546668230141604,26,3.0,5.0,1238715927,1291065652,2.0,1.5463880138058201,605.8995949074074,0.04284069427327058,0.0,3.7,3.75,3.5,3.75,4.0,3.8333333333333335,0.0,3.8333333333333335,3.9,0.0,3.75,0.0,3.5,4.5,5.0,3.875,3.7,3.6666666666666665,3.5,0.0,10.0,10.0,1.0,2.0,9.0,3.0,0.0,9.0,5.0,0.0,6.0,0.0,1.0,1.0,1.0,4.0,5.0,3.0,1.0,0.0,0.0,0.5384615384615384,0.0,0.038461538461538464
173,3.48,0.9183318209303941,25,1.0,5.0,843397856,844086390,4.0,0.9819981851164727,7.969143518518519,2.7873341471660815,0.0,3.125,3.4285714285714284,3.0,3.0,3.5,2.3333333333333335,0.0,3.727272727272727,3.0,0.0,3.0,3.5,3.0,0.0,3.7142857142857144,3.5,2.8333333333333335,4.333333333333333,0.0,0.0,8.0,7.0,2.0,4.0,12.0,3.0,0.0,11.0,3.0,0.0,1.0,2.0,2.0,0.0,7.0,4.0,6.0,3.0,0.0,0.0,0.0,0.4,0.04,0.2
174,3.656716417910448,0.9931925689254789,67,1.0,5.0,848486904,848487313,4.0,0.9147519187611385,0.004733796296296297,66.68432996578696,0.0,3.75,3.6842105263157894,3.5,3.4,3.607142857142857,3.4444444444444446,0.0,3.6923076923076925,3.4,0.0,3.5,4.0,3.5,3.6,3.9285714285714284,3.4545454545454546,3.75,3.0,4.0,0.0,24.0,19.0,2.0,5.0,28.0,9.0,0.0,26.0,5.0,0.0,2.0,2.0,2.0,5.0,14.0,11.0,24.0,3.0,4.0,0.0,0.0,0.47761194029850745,0.07462686567164178,0.2835820895522388
175,3.5416666666666665,1.6934443076725039,24,0.5,5.0,1234188140,1234189781,4.5,0.5575863135096623,0.018993055555555555,23.55266296384639,0.0,0.0,0.0,0.0,4.25,3.7222222222222223,0.0,0.0,4.033333333333333,0.0,0.0,0.5,0.0,4.166666666666667,0.0,4.277777777777778,0.5,0.5,0.0,0.0,0.0,0.0,0.0,0.0,2.0,9.0,0.0,0.0,15.0,0.0,0.0,1.0,0.0,3.0,0.0,9.0,3.0,2.0,0.0,0.0,0.0,0.0,0.5833333333333334,0.20833333333333334,0.3333333333333333
176,4.055555555555555,0.8600479868487222,36,2.0,5.0,840108527,840109138,3.0,1.0416146002059927,0.007071759259259259,35.74720437645815,0.0,4.111111111111111,4.071428571428571,3.0,3.0,3.4166666666666665,3.857142857142857,0.0,4.25,3.0,0.0,5.0,4.0,3.0,5.0,4.25,4.2,4.1875,4.5,4.25,0.0,18.0,14.0,1.0,1.0,12.0,7.0,0.0,12.0,1.0,0.0,1.0,1.0,1.0,1.0,4.0,5.0,16.0,2.0,4.0,0.0,0.0,0.7222222222222222,0.027777777777777776,0.3611111111111111
177,3.375553097345133,0.9591603721731972,904,0.5,5.0,1435523517,1449721445,4.5,0.9441440845716204,164.32787037037036,5.467922607209804,0.0,3.132701421800948,3.212328767123288,3.5396039603960396,3.317241379310345,3.2933673469387754,3.4798387096774195,3.8333333333333335,3.5872395833333335,3.38,3.111111111111111,3.0327868852459017,3.6339285714285716,3.62,3.5714285714285716,3.517167381974249,3.076923076923077,3.272020725388601,3.585714285714286,3.3461538461538463,0.0,211.0,219.0,101.0,145.0,392.0,124.0,3.0,384.0,150.0,9.0,61.0,56.0,75.0,63.0,233.0,104.0,193.0,35.0,13.0,3.0,3.0,0.3893805309734513,0.12057522123893805,0.12057522123893805
178,4.090909090909091,0.8100002953511187,77,1.5,5.0,1163673592,1164355572,3.5,1.09890074224004,7.893287037037037,8.65821598688149,0.0,3.891304347826087,3.75,2.875,3.0,3.9791666666666665,4.25,3.75,4.368421052631579,3.625,0.0,4.333333333333333,3.25,2.0,4.416666666666667,4.078947368421052,4.1,4.1923076923076925,4.5625,4.5,0.0,23.0,18.0,4.0,5.0,24.0,16.0,2.0,38.0,8.0,0.0,3.0,2.0,2.0,6.0,19.0,10.0,26.0,8.0,1.0,0.0,0.0,0.7792207792207793,0.05194805194805195,0.16883116883116883
179,3.782608695652174,0.7043888719056045,69,3.0,5.0,840907313,852115743,2.0,1.243179803856549,129.72719907407406,0.5278167090606942,0.0,3.8076923076923075,3.7222222222222223,4.0,4.0,3.566666666666667,3.7142857142857144,0.0,4.181818181818182,3.75,0.0,3.6666666666666665,4.0,4.0,3.5,4.111111111111111,3.888888888888889,3.9655172413793105,5.0,4.0,0.0,26.0,18.0,2.0,4.0,30.0,14.0,0.0,22.0,4.0,0.0,3.0,2.0,1.0,4.0,9.0,9.0,29.0,3.0,1.0,0.0,0.0,0.6231884057971014,0.0,0.15942028985507245
180,3.5625,0.7845311532595646,24,1.5,4.5,1270237506,1270237909,3.0,1.1305424306593657,0.004664351851851852,23.888575279656234,0.0,3.8,3.75,4.0,4.0,3.388888888888889,4.5,0.0,3.642857142857143,3.5714285714285716,3.5,3.25,0.0,0.0,0.0,3.5,3.8125,3.3333333333333335,3.5,0.0,0.0,10.0,10.0,1.0,1.0,9.0,2.0,0.0,7.0,7.0,1.0,2.0,0.0,0.0,0.0,2.0,8.0,6.0,1.0,0.0,0.0,0.0,0.5,0.08333333333333333,0.0
181,2.940677966101695,0.9271993753948392,118,1.0,5.0,845469279,845472271,4.0,0.9735208411858854,0.03462962962962963,114.05047431537498,0.0,2.75,3.0588235294117645,3.5,3.2,2.92,2.8,0.0,3.18,3.0,0.0,2.75,4.0,3.3333333333333335,3.2,3.037037037037037,2.5,3.0434782608695654,3.1666666666666665,2.0,0.0,36.0,17.0,4.0,10.0,50.0,20.0,0.0,50.0,11.0,0.0,4.0,1.0,6.0,5.0,27.0,8.0,46.0,6.0,8.0,0.0,0.0,0.2288135593220339,0.2711864406779661,0.11864406779661017
182,3.5112589559877176,1.0012165507215025,977,0.5,5.0,1054779587,1161623947,4.5,0.9080866059857284,1236.624537037037,0.7894155058843685,0.0,3.0924528301886793,3.119186046511628,3.5806451612903225,3.103448275862069,3.4483282674772036,3.675392670157068,3.2666666666666666,3.867075664621677,3.3313953488372094,4.2272727272727275,3.189655172413793,2.5714285714285716,3.6,3.765432098765432,3.6512345679012346,3.0727848101265822,3.2864583333333335,3.959016393442623,3.4545454545454546,0.0,265.0,172.0,31.0,29.0,329.0,191.0,15.0,489.0,86.0,11.0,58.0,7.0,20.0,81.0,162.0,158.0,288.0,61.0,11.0,0.0,0.0,0.49948822927328557,0.1187308085977482,0.06038894575230297
183,3.824561403508772,0.8477450555432305,57,2.0,5.0,992331144,992331702,3.0,1.0551360771033702,0.006458333333333333,56.6342372179673,0.0,3.911111111111111,3.75,0.0,3.0,3.5,3.6666666666666665,0.0,4.055555555555555,3.0,0.0,3.5,0.0,4.0,4.0,4.333333333333333,3.466666666666667,3.8095238095238093,4.25,3.75,0.0,45.0,20.0,0.0,1.0,8.0,9.0,0.0,18.0,1.0,0.0,6.0,0.0,1.0,1.0,3.0,15.0,21.0,8.0,4.0,0.0,0.0,0.6842105263157895,0.07017543859649122,0.21052631578947367
184,3.705223880597015,1.0676597388314641,134,0.5,5.0,1537094239,1537110051,4.5,0.8564138736176262,0.18300925925925926,113.27045748053067,4.5,3.5403225806451615,3.513157894736842,3.4310344827586206,3.2142857142857144,3.574074074074074,4.041666666666667,4.4375,3.9761904761904763,3.35,0.0,3.1,3.9166666666666665,0.0,4.115384615384615,4.166666666666667,3.817073170731707,3.7586206896551726,4.0,0.0,1.0,62.0,38.0,29.0,7.0,27.0,12.0,8.0,42.0,20.0,0.0,5.0,12.0,0.0,13.0,6.0,41.0,29.0,6.0,0.0,35.0,32.0,0.5895522388059702,0.11940298507462686,0.14925373134328357
185,3.5319148936170213,0.9290262276867538,47,1.0,5.0,1044311071,1044337449,4.0,0.9717925287949125,0.30530092592592595,36.00702264626079,0.0,3.6666666666666665,3.5,3.4615384615384617,3.466666666666667,3.35,3.2,0.0,3.590909090909091,3.25,0.0,1.5,4.0,3.75,4.333333333333333,3.5714285714285716,2.5,4.0,3.0,0.0,0.0,3.0,12.0,13.0,15.0,20.0,5.0,0.0,22.0,8.0,0.0,2.0,2.0,12.0,3.0,21.0,2.0,7.0,1.0,0.0,0.0,0.0,0.5531914893617021,0.1276595744680851,0.14893617021276595
186,4.079646017699115,0.5756788135426285,226,2.0,5.0,1031072107,1031088055,3.0,1.4799931268481459,0.18458333333333332,190.78438269433698,0.0,4.0476190476190474,4.11578947368421,4.125,4.054054054054054,4.097222222222222,4.0588235294117645,4.0,4.074626865671642,4.136363636363637,4.0,4.1,4.333333333333333,4.294117647058823,4.333333333333333,4.097560975609756,4.090909090909091,4.0508474576271185,4.0,4.25,0.0,84.0,95.0,16.0,37.0,72.0,17.0,1.0,67.0,44.0,3.0,20.0,3.0,17.0,15.0,41.0,88.0,59.0,7.0,4.0,0.0,0.0,0.8805309734513275,0.004424778761061947,0.20353982300884957
187,3.7751937984496124,1.0418504196507157,258,0.5,5.0,1161849108,1180734881,4.5,0.875771452013735,218.58533564814815,1.1749418477261409,0.0,3.3733333333333335,3.267857142857143,4.173913043478261,3.611111111111111,3.6323529411764706,3.857142857142857,4.029411764705882,3.914285714285714,4.212121212121212,4.4375,4.203125,2.1666666666666665,4.25,4.12962962962963,3.396551724137931,3.2083333333333335,3.6091954022988504,3.875,3.5,0.0,75.0,56.0,23.0,9.0,68.0,63.0,17.0,140.0,33.0,8.0,32.0,6.0,4.0,27.0,29.0,48.0,87.0,16.0,7.0,0.0,0.0,0.7054263565891473,0.12790697674418605,0.16666666666666666
188,4.395833333333333,0.7646326703505257,48,2.0,5.0,962559391,962560423,3.0,1.1565605074749208,0.011944444444444445,47.43343398298106,0.0,4.0,5.0,4.5,4.75,4.304347826086956,4.0,0.0,4.3478260869565215,4.75,5.0,0.0,0.0,4.714285714285714,4.222222222222222,4.294117647058823,3.0,4.222222222222222,5.0,4.0,0.0,2.0,1.0,2.0,4.0,23.0,1.0,0.0,23.0,4.0,3.0,0.0,0.0,14.0,9.0,17.0,1.0,9.0,4.0,1.0,0.0,0.0,0.875,0.020833333333333332,0.5416666666666666
189,4.1,0.34792618696922967,20,3.5,5.0,1439465054,1439465149,1.5,2.2325106883485137,0.001099537037037037,19.978033412335975,0.0,4.111111111111111,4.0,4.25,4.25,4.0,4.111111111111111,0.0,4.2272727272727275,4.0,0.0,4.0,4.1,0.0,4.25,4.0,4.25,4.166666666666667,4.25,0.0,0.0,9.0,7.0,2.0,2.0,2.0,9.0,0.0,11.0,5.0,0.0,2.0,5.0,0.0,2.0,2.0,2.0,6.0,2.0,0.0,0.0,0.0,0.9,0.0,0.05
190,3.909090909090909,0.7227569594114072,66,2.5,5.0,1504309935,1504310675,2.5,1.2154257567330586,0.008564814814814815,65.4395226072986,0.0,3.7333333333333334,4.166666666666667,3.8,3.9166666666666665,3.7916666666666665,3.8823529411764706,3.5,4.027777777777778,4.416666666666667,4.0,0.0,4.5,3.5,4.0,3.888888888888889,3.5555555555555554,3.71875,4.25,0.0,0.0,15.0,18.0,5.0,6.0,24.0,17.0,2.0,36.0,12.0,1.0,0.0,6.0,1.0,11.0,18.0,9.0,16.0,4.0,0.0,0.0,0.0,0.6060606060606061,0.0,0.21212121212121213
191,3.7411764705882353,1.4322222258440487,85,1.0,5.0,829759809,829760898,4.0,0.6526468439975371,0.012604166666666666,83.94198127764632,0.0,2.466666666666667,2.6923076923076925,4.666666666666667,3.8,3.7096774193548385,3.9285714285714284,5.0,4.056603773584905,4.5,5.0,0.0,2.0,0.0,3.0,3.590909090909091,2.3333333333333335,3.6666666666666665,3.25,1.0,0.0,15.0,13.0,3.0,5.0,31.0,14.0,4.0,53.0,4.0,1.0,0.0,1.0,0.0,7.0,22.0,6.0,21.0,4.0,1.0,0.0,0.0,0.6823529411764706,0.2,0.5647058823529412
192,4.045454545454546,0.7854190708679775,22,3.0,5.0,835128551,835129540,2.0,1.1294086979848974,0.011446759259259259,21.7510212955864,0.0,4.2727272727272725,4.5,0.0,0.0,4.0,3.8,0.0,4.0,3.0,0.0,3.0,5.0,0.0,3.5,4.666666666666667,4.25,4.076923076923077,4.0,4.0,0.0,11.0,8.0,0.0,0.0,5.0,5.0,0.0,12.0,1.0,0.0,1.0,1.0,0.0,2.0,3.0,4.0,13.0,3.0,3.0,0.0,0.0,0.7272727272727273,0.0,0.3181818181818182
193,3.8,1.0860072581276252,35,0.5,5.0,1435856890,1436558923,4.5,0.8431651603707055,8.125381944444445,3.835455897964697,0.0,3.611111111111111,3.75,4.0,2.0,3.0555555555555554,3.9375,0.0,4.0227272727272725,3.5,0.0,4.25,4.0,0.0,4.5,3.5714285714285716,4.071428571428571,4.0,3.5,0.0,0.0,9.0,14.0,3.0,1.0,9.0,8.0,0.0,22.0,6.0,0.0,2.0,1.0,0.0,2.0,7.0,7.0,10.0,2.0,0.0,20.0,17.0,0.6,0.11428571428571428,0.2571428571428571
194,3.475,0.5954874164563803,20,2.0,4.5,1110316591,1110316914,2.5,1.4378405364904518,0.003738425925925926,19.925509956989497,0.0,3.5714285714285716,3.8333333333333335,2.0,2.0,3.409090909090909,3.5,0.0,3.625,0.0,3.5,3.5,0.0,2.8333333333333335,3.5,3.1875,3.5,3.375,4.333333333333333,3.0,0.0,7.0,3.0,1.0,1.0,11.0,3.0,0.0,8.0,0.0,1.0,1.0,0.0,3.0,1.0,8.0,2.0,4.0,3.0,1.0,0.0,0.0,0.25,0.05,0.0
195,3.5294117647058822,1.0332853838010956,187,1.0,5.0,974705240,1017979265,4.0,0.8823902737066547,500.8567708333333,0.37261627394104185,0.0,3.2653061224489797,3.3,2.3333333333333335,2.6666666666666665,3.6346153846153846,3.5952380952380953,0.0,3.630630630630631,2.7777777777777777,3.0,3.25,4.0,2.0,3.55,3.8,3.588235294117647,3.377049180327869,3.4285714285714284,3.5,0.0,49.0,30.0,3.0,6.0,52.0,42.0,0.0,111.0,9.0,2.0,12.0,1.0,3.0,20.0,25.0,17.0,61.0,14.0,4.0,0.0,0.0,0.5828877005347594,0.13368983957219252,0.20855614973262032
196,3.9375,0.8775883376176898,32,2.0,5.0,1460953986,1460954595,3.0,1.0229254600529767,0.007048611111111111,31.77602317001689,0.0,4.107142857142857,4.0,4.5,4.5,3.25,4.3,0.0,3.9375,2.5,0.0,3.75,4.625,5.0,3.25,0.0,3.857142857142857,3.909090909090909,3.1666666666666665,0.0,0.0,14.0,12.0,2.0,2.0,2.0,5.0,0.0,16.0,2.0,0.0,2.0,4.0,1.0,4.0,0.0,7.0,11.0,3.0,0.0,0.0,0.0,0.59375,0.0625,0.21875
197,3.857142857142857,1.0611552290631505,35,2.0,5.0,947461020,947462973,3.0,0.8612112962767479,0.022604166666666668,34.226342059692364,0.0,3.875,3.5,0.0,0.0,3.8181818181818183,3.6666666666666665,0.0,3.823529411764706,0.0,0.0,2.5,0.0,0.0,3.5,4.166666666666667,4.375,3.7857142857142856,3.0,4.0,0.0,16.0,4.0,0.0,0.0,11.0,12.0,0.0,17.0,0.0,0.0,2.0,0.0,0.0,2.0,6.0,8.0,14.0,2.0,2.0,0.0,0.0,0.6,0.11428571428571428,0.37142857142857144
198,3.491304347826087,1.1811522179591198,230,1.0,5.0,1034134297,1039797076,4.0,0.7805473744509482,65.54142361111111,3.4564935271627477,0.0,3.327272727272727,3.611111111111111,4.0,3.8,3.2941176470588234,3.7,0.0,3.71875,3.4545454545454546,3.5,2.764705882352941,3.5,4.0,3.303030303030303,3.6923076923076925,3.380952380952381,3.476923076923077,4.166666666666667,3.75,0.0,55.0,36.0,4.0,5.0,68.0,40.0,0.0,128.0,11.0,4.0,17.0,2.0,1.0,33.0,52.0,63.0,65.0,12.0,4.0,0.0,0.0,0.5304347826086957,0.2,0.3
199,3.3953168044077136,1.021214257430198,363,1.0,5.0,940371931,1401308949,4.0,0.8918901925952861,5334.919189814815,0.06802951601907563,0.0,3.366279069767442,3.7023809523809526,1.0,2.3333333333333335,3.390625,3.5764705882352943,3.1,3.5,3.230769230769231,4.25,3.230769230769231,2.75,2.25,3.359375,3.1569767441860463,3.0454545454545454,3.223404255319149,4.059523809523809,3.875,0.0,86.0,42.0,1.0,3.0,128.0,85.0,5.0,209.0,13.0,4.0,13.0,4.0,2.0,32.0,86.0,33.0,94.0,42.0,8.0,0.0,0.0,0.45454545454545453,0.1763085399449036,0.13774104683195593
200,3.809880239520958,0.8385913313705265,334,0.5,5.0,1229876415,1229889886,4.5,1.065426417842369,0.15591435185185185,288.9487438796047,0.0,3.811926605504587,3.755434782608696,3.3333333333333335,3.28,3.8275862068965516,4.053191489361702,4.0,3.799145299145299,3.6463414634146343,4.666666666666667,3.875,4.0,4.125,4.346153846153846,3.8333333333333335,3.648936170212766,3.8529411764705883,3.772727272727273,3.5,0.0,109.0,92.0,12.0,25.0,174.0,47.0,1.0,117.0,41.0,3.0,8.0,12.0,16.0,13.0,96.0,47.0,68.0,11.0,3.0,0.0,0.0,0.6047904191616766,0.04491017964071856,0.16766467065868262
201,4.1,0.9856772458708395,110,1.0,5.0,939224189,941212999,4.0,0.9210840549558388,23.018634259259258,4.579777468304413,0.0,4.081081081081081,4.25,4.6,4.555555555555555,4.206896551724138,3.6666666666666665,0.0,4.352941176470588,4.066666666666666,1.0,3.5714285714285716,4.0,4.0,4.2,4.176470588235294,4.027777777777778,3.88,5.0,3.5,0.0,37.0,32.0,5.0,9.0,58.0,12.0,0.0,34.0,15.0,1.0,7.0,1.0,3.0,5.0,34.0,36.0,25.0,3.0,2.0,0.0,0.0,0.7909090909090909,0.07272727272727272,0.43636363636363634
202,3.8188585607940446,0.7360251505442897,403,1.0,5.0,974912002,975015944,4.0,1.1961362637822024,1.2030324074074075,182.9296739553015,0.0,3.7142857142857144,3.872340425531915,3.9166666666666665,4.0625,3.8333333333333335,3.913793103448276,4.666666666666667,3.859030837004405,4.0,3.8333333333333335,4.0,4.0,3.888888888888889,3.7777777777777777,3.8,3.7384615384615385,3.7641509433962264,4.096774193548387,3.9375,0.0,133.0,94.0,12.0,16.0,108.0,58.0,3.0,227.0,33.0,6.0,11.0,2.0,9.0,36.0,80.0,65.0,106.0,31.0,16.0,0.0,0.0,0.707196029776675,0.034739454094292806,0.15632754342431762
203,3.8444444444444446,0.9875487457601905,45,1.0,5.0,1390094359,1390095442,4.0,0.9194990145485439,0.012534722222222221,44.442920338808676,0.0,3.95,4.029411764705882,3.8333333333333335,3.75,3.1785714285714284,4.15,0.0,4.3125,4.090909090909091,0.0,4.0,4.0,0.0,4.166666666666667,3.5,3.7222222222222223,3.9375,4.75,3.75,0.0,20.0,17.0,3.0,4.0,14.0,10.0,0.0,16.0,11.0,0.0,1.0,4.0,0.0,3.0,2.0,9.0,16.0,2.0,2.0,0.0,0.0,0.5555555555555556,0.06666666666666667,0.3111111111111111
204,3.9578313253012047,1.0626841856915688,83,0.5,5.0,1327169872,1327185850,4.5,0.8600787834791064,0.18493055555555554,70.04629900955283,0.0,3.7,3.5357142857142856,3.6785714285714284,3.269230769230769,3.9423076923076925,4.195652173913044,0.0,3.9651162790697674,3.75,3.8333333333333335,3.6875,3.75,0.0,4.318181818181818,3.9285714285714284,4.090909090909091,4.333333333333333,4.428571428571429,3.5,0.0,20.0,14.0,14.0,13.0,26.0,23.0,0.0,43.0,12.0,3.0,8.0,6.0,0.0,11.0,7.0,11.0,30.0,7.0,1.0,0.0,0.0,0.7469879518072289,0.0963855421686747,0.24096385542168675
205,3.8703703703703702,0.6443928656046445,27,2.5,5.0,1519899159,1523528510,2.5,1.3433766579529678,42.00637731481481,0.6278138658914443,0.0,4.0,3.9285714285714284,4.0,3.8333333333333335,3.875,4.5,5.0,3.8181818181818183,3.8,0.0,0.0,3.75,2.75,4.166666666666667,3.25,4.166666666666667,3.9,4.0,4.5,0.0,12.0,14.0,1.0,3.0,4.0,2.0,1.0,11.0,10.0,0.0,0.0,8.0,2.0,3.0,4.0,3.0,5.0,4.0,1.0,3.0,3.0,0.6666666666666666,0.0,0.037037037037037035
206,4.04,0.8406346808612325,25,3.0,5.0,850763267,850763507,2.0,1.0631119820974637,0.002777777777777778,24.930747922437675,0.0,3.2857142857142856,3.625,4.666666666666667,4.25,4.25,5.0,0.0,4.583333333333333,4.333333333333333,0.0,0.0,0.0,4.0,3.6666666666666665,4.375,3.3333333333333335,3.4444444444444446,0.0,5.0,0.0,7.0,8.0,3.0,4.0,8.0,2.0,0.0,12.0,3.0,0.0,0.0,0.0,3.0,3.0,8.0,3.0,9.0,0.0,1.0,0.0,0.0,0.68,0.0,0.36
207,2.875,1.4588658175734361,20,0.5,5.0,1258547871,1258548561,4.5,0.6414920314030756,0.00798611111111111,19.8415432311402,0.0,2.75,2.857142857142857,0.0,0.5,2.0714285714285716,3.5,0.0,3.1666666666666665,2.3333333333333335,0.0,3.0,0.0,0.0,0.0,3.0,2.6666666666666665,3.4285714285714284,0.0,3.5,0.0,6.0,7.0,0.0,1.0,7.0,1.0,0.0,6.0,3.0,0.0,4.0,0.0,0.0,0.0,2.0,3.0,7.0,0.0,1.0,0.0,0.0,0.3,0.3,0.15
208,3.3076923076923075,0.9703290480751678,26,2.0,5.0,940638152,940639513,3.0,0.9342921242755725,0.015752314814814816,25.59679128542291,0.0,3.388888888888889,3.125,0.0,0.0,3.0,2.8333333333333335,0.0,3.5,3.0,0.0,3.0,0.0,0.0,3.5,3.3333333333333335,3.8333333333333335,3.0,4.0,0.0,0.0,18.0,8.0,0.0,0.0,5.0,6.0,0.0,10.0,1.0,0.0,3.0,0.0,0.0,4.0,3.0,6.0,16.0,3.0,0.0,0.0,0.0,0.5,0.2692307692307692,0.07692307692307693
209,4.242857142857143,0.9023778112773577,35,1.5,5.0,1524522161,1524607736,3.5,0.9976278292968919,0.9904513888888888,17.583951155691235,0.0,4.205882352941177,4.291666666666667,4.0,4.0,4.083333333333333,4.666666666666667,0.0,4.295454545454546,4.6,0.0,3.0,4.4,0.0,4.583333333333333,4.125,4.0,4.291666666666667,4.5,0.0,0.0,17.0,12.0,1.0,1.0,6.0,9.0,0.0,22.0,5.0,0.0,4.0,5.0,0.0,6.0,4.0,6.0,12.0,3.0,0.0,0.0,0.0,0.8285714285714286,0.08571428571428572,0.3142857142857143
210,4.079710144927536,0.8612636633763979,138,0.5,5.0,1473705468,1537649775,4.5,1.0402973066593846,740.0961458333334,0.1862106567088194,4.0,4.139705882352941,4.230769230769231,4.108695652173913,4.017857142857143,3.896551724137931,3.25,0.0,3.890625,3.9871794871794872,0.0,3.3333333333333335,4.2592592592592595,0.0,4.333333333333333,4.4375,4.201219512195122,3.857142857142857,4.75,0.0,1.0,68.0,91.0,23.0,28.0,29.0,6.0,0.0,32.0,39.0,0.0,3.0,27.0,0.0,6.0,8.0,82.0,21.0,2.0,0.0,0.0,0.0,0.8188405797101449,0.06521739130434782,0.14492753623188406
211,3.904494382022472,0.7829010898225601,89,1.0,5.0,1350911987,1350913324,4.0,1.1326297039694149,0.015474537037037037,87.6437534905456,0.0,3.894230769230769,3.8529411764705883,3.9,3.8333333333333335,3.975,4.224137931034483,0.0,4.071428571428571,3.875,4.0,3.5,3.9166666666666665,4.125,3.6785714285714284,3.875,3.730769230769231,3.792682926829268,4.0,0.0,0.0,52.0,34.0,5.0,6.0,20.0,29.0,0.0,35.0,8.0,1.0,2.0,12.0,4.0,14.0,8.0,26.0,41.0,7.0,0.0,0.0,0.0,0.6853932584269663,0.06741573033707865,0.11235955056179775
212,3.590725806451613,0.6076725004748486,248,1.5,5.0,1490114697,1532362151,3.5,1.4130830282779105,488.975162037037,0.5061481054855058,3.5,3.5046296296296298,3.574712643678161,3.736111111111111,3.683333333333333,3.6149425287356323,3.6382978723404253,0.0,3.6129032258064515,3.727272727272727,4.0,3.4285714285714284,3.4464285714285716,3.75,3.526315789473684,3.625,3.4411764705882355,3.4363636363636365,3.4,3.5,1.0,108.0,87.0,36.0,30.0,87.0,47.0,0.0,93.0,44.0,1.0,14.0,28.0,6.0,19.0,24.0,51.0,55.0,10.0,4.0,0.0,0.0,0.46774193548387094,0.016129032258064516,0.008064516129032258
213,3.8273809523809526,0.5676735848266374,84,2.5,5.0,1316194549,1316197388,2.5,1.4977378508386725,0.032858796296296296,81.32767063727742,0.0,3.9285714285714284,3.783333333333333,4.0,3.8,3.8333333333333335,3.875,0.0,3.9642857142857144,3.7222222222222223,0.0,3.4642857142857144,3.6875,5.0,3.5,4.090909090909091,3.875,3.727272727272727,3.875,0.0,0.0,35.0,30.0,7.0,10.0,21.0,8.0,0.0,28.0,18.0,0.0,14.0,8.0,1.0,8.0,11.0,16.0,33.0,4.0,0.0,0.0,0.0,0.5952380952380952,0.0,0.03571428571428571
214,2.8636363636363638,0.4675625290960757,22,2.0,4.0,853937854,853938223,2.0,1.7619204030129378,0.004270833333333333,21.906441240535216,0.0,2.8,2.8333333333333335,3.0,3.0,2.75,3.0,0.0,3.0,2.8,0.0,0.0,0.0,3.0,3.0,2.75,2.75,2.8333333333333335,0.0,0.0,0.0,5.0,6.0,2.0,3.0,8.0,1.0,0.0,9.0,5.0,0.0,0.0,0.0,2.0,2.0,8.0,4.0,6.0,0.0,0.0,0.0,0.0,0.045454545454545456,0.18181818181818182,0.0
215,3.9081632653061225,0.8625870306472121,98,0.5,5.0,1260905464,1260909446,4.5,1.0388671030895074,0.04608796296296296,93.68237038348344,0.0,3.9523809523809526,4.0625,0.0,4.5,3.8333333333333335,3.8,5.0,4.084905660377358,3.9444444444444446,4.0,2.5,4.0,0.0,4.0,3.9444444444444446,3.75,3.5833333333333335,4.1875,2.5,0.0,21.0,16.0,0.0,1.0,42.0,20.0,1.0,53.0,9.0,1.0,5.0,1.0,0.0,9.0,27.0,8.0,18.0,8.0,1.0,0.0,0.0,0.6632653061224489,0.04081632653061224,0.14285714285714285
216,3.6646341463414633,1.0108457190807751,164,1.0,5.0,974733351,982169980,4.0,0.9002150189024448,86.0720949074074,1.8834966607200372,0.0,3.35,3.45,3.5,3.5555555555555554,3.63302752293578,3.8181818181818183,5.0,3.6774193548387095,3.588235294117647,4.333333333333333,3.0,4.0,3.761904761904762,4.0,3.8974358974358974,3.0,3.4615384615384617,3.4,4.0,0.0,20.0,20.0,18.0,18.0,109.0,22.0,1.0,62.0,17.0,9.0,3.0,2.0,21.0,9.0,39.0,10.0,26.0,5.0,3.0,0.0,0.0,0.5792682926829268,0.14634146341463414,0.24390243902439024
217,2.761827079934747,0.8737519144232474,613,1.0,5.0,955934925,956195431,4.0,1.0269556189702582,3.015115740740741,152.67305840775308,0.0,2.8410041841004183,2.9482758620689653,3.1153846153846154,2.7866666666666666,2.6390728476821192,2.8850574712643677,0.0,2.838323353293413,2.676056338028169,3.0,2.76,0.0,2.8,3.0625,2.5945945945945947,2.911764705882353,2.91875,2.6206896551724137,2.4285714285714284,0.0,239.0,174.0,26.0,75.0,302.0,87.0,0.0,167.0,71.0,3.0,25.0,0.0,25.0,32.0,74.0,102.0,160.0,29.0,14.0,0.0,0.0,0.1598694942903752,0.3605220228384992,0.09951060358890701
218,3.3653846153846154,1.0445830968160676,26,1.0,5.0,1111624812,1111625121,4.0,0.8736805591326132,0.003576388888888889,25.907345258277687,0.0,3.125,3.111111111111111,0.0,0.0,3.4545454545454546,3.8333333333333335,0.0,3.6666666666666665,3.0,4.5,3.75,2.6666666666666665,3.25,3.125,3.6666666666666665,2.75,2.9166666666666665,4.0,0.0,0.0,8.0,9.0,0.0,0.0,11.0,3.0,0.0,6.0,2.0,1.0,2.0,3.0,2.0,4.0,3.0,6.0,6.0,3.0,0.0,0.0,0.0,0.5384615384615384,0.23076923076923078,0.11538461538461539
219,3.165719696969697,1.0918444663680025,528,0.5,5.0,1194680664,1237239231,4.5,0.8390356529047581,492.57600694444443,1.0697440567840046,0.0,3.098790322580645,3.161290322580645,3.5375,2.8333333333333335,3.0920398009950247,3.4390243902439024,3.75,3.394230769230769,2.976923076923077,4.1875,3.0161290322580645,3.375,3.392857142857143,3.7884615384615383,3.016949152542373,3.016949152542373,3.2738693467336684,3.4166666666666665,3.4,0.0,248.0,155.0,40.0,45.0,201.0,123.0,4.0,156.0,65.0,8.0,31.0,20.0,14.0,52.0,59.0,118.0,199.0,12.0,5.0,0.0,0.0,0.3314393939393939,0.19128787878787878,0.08901515151515152
220,3.963768115942029,1.0450490323182668,207,0.5,5.0,1230054576,1266566571,4.5,0.8733250470291211,422.59253472222224,0.4886771674003737,0.0,3.792929292929293,3.9195402298850577,4.153846153846154,4.0,4.033333333333333,4.3088235294117645,4.0,4.110169491525424,4.02,0.0,3.6,3.925,4.3125,3.95,4.2272727272727275,3.9035087719298245,3.7615384615384615,3.857142857142857,4.6,0.0,99.0,87.0,26.0,29.0,75.0,34.0,1.0,59.0,25.0,0.0,5.0,20.0,8.0,10.0,22.0,57.0,65.0,7.0,5.0,0.0,0.0,0.6811594202898551,0.09178743961352658,0.2898550724637681
221,4.126888217522659,0.7521095480814598,331,0.5,5.0,1111175940,1121365559,4.5,1.1735580269597006,117.93540509259259,2.783023270003685,0.0,3.7403846153846154,3.8333333333333335,4.125,3.7142857142857144,3.94954128440367,4.24375,4.423076923076923,4.229381443298969,4.2368421052631575,4.444444444444445,4.25,2.5,3.8333333333333335,4.4,4.194444444444445,3.84,4.130769230769231,4.2407407407407405,4.088235294117647,0.0,52.0,39.0,4.0,7.0,109.0,80.0,13.0,194.0,19.0,18.0,14.0,1.0,6.0,40.0,54.0,25.0,65.0,27.0,17.0,0.0,0.0,0.770392749244713,0.02416918429003021,0.1782477341389728
222,3.166,0.825937461774832,250,1.0,5.0,1391346446,1391375809,4.0,1.0799865447534711,0.339849537037037,186.58811537365133,0.0,3.1948051948051948,3.1857142857142855,3.0,2.45,3.084070796460177,3.253731343283582,2.75,3.234782608695652,3.15,3.0,2.5,3.1818181818181817,3.3,3.1666666666666665,2.9302325581395348,3.3035714285714284,3.1272727272727274,3.4285714285714284,3.625,0.0,77.0,35.0,8.0,10.0,113.0,67.0,2.0,115.0,10.0,3.0,7.0,11.0,5.0,15.0,43.0,28.0,55.0,14.0,4.0,0.0,0.0,0.268,0.14,0.016
223,3.2733333333333334,0.9942175156717308,75,0.5,5.0,1226209125,1226210079,4.5,0.913895076324115,0.011041666666666667,74.18091901916341,0.0,3.4615384615384617,3.5434782608695654,3.8125,3.55,3.32,3.4583333333333335,4.0,3.2333333333333334,3.433333333333333,4.0,2.0,3.5,3.6666666666666665,3.5625,3.6470588235294117,3.423076923076923,3.076923076923077,3.25,3.0,0.0,26.0,23.0,8.0,10.0,25.0,12.0,1.0,30.0,15.0,1.0,6.0,7.0,3.0,8.0,17.0,13.0,26.0,2.0,1.0,0.0,0.0,0.30666666666666664,0.13333333333333333,0.12
224,4.2592592592592595,1.2466587069107655,54,1.0,5.0,971811286,971813062,4.0,0.7425786465926467,0.020555555555555556,52.91235710397387,0.0,3.2857142857142856,3.5714285714285716,4.0,4.333333333333333,4.5,4.333333333333333,0.0,4.333333333333333,4.75,0.0,2.5,0.0,0.0,5.0,4.310344827586207,3.25,3.5,4.0,0.0,0.0,7.0,7.0,1.0,3.0,36.0,3.0,0.0,21.0,8.0,0.0,2.0,0.0,0.0,1.0,29.0,4.0,4.0,4.0,0.0,0.0,0.0,0.8518518518518519,0.14814814814814814,0.7037037037037037
225,3.6533333333333333,0.9794280368047872,75,1.0,5.0,949111013,949261430,4.0,0.9264165520103572,1.7409375,27.362900467449546,0.0,3.7,3.8333333333333335,3.5,3.5,3.7058823529411766,3.8333333333333335,0.0,3.625,3.875,0.0,3.5,0.0,3.5,3.5714285714285716,3.7857142857142856,3.5,3.769230769230769,1.0,0.0,0.0,10.0,12.0,2.0,2.0,51.0,6.0,0.0,16.0,8.0,0.0,24.0,0.0,2.0,7.0,14.0,10.0,13.0,1.0,0.0,0.0,0.0,0.6266666666666667,0.10666666666666667,0.21333333333333335
226,3.4763313609467454,0.9118412683568224,507,0.5,5.0,1095662260,1213033221,4.5,0.9882973063788433,1358.4601967592594,0.3729421436601151,0.0,3.4594594594594597,3.5238095238095237,3.2948717948717947,3.3642857142857143,3.5159010600706715,3.668831168831169,4.166666666666667,3.598159509202454,3.46875,0.0,2.875,3.7142857142857144,3.242857142857143,3.4594594594594597,3.352272727272727,3.4014084507042255,3.4166666666666665,3.590909090909091,3.227272727272727,0.0,111.0,126.0,39.0,70.0,283.0,77.0,6.0,163.0,80.0,0.0,36.0,14.0,35.0,37.0,88.0,71.0,90.0,11.0,11.0,3.0,3.0,0.4911242603550296,0.09467455621301775,0.0670611439842209
227,4.202127659574468,0.5201279254150983,94,2.5,5.0,1447189497,1447210948,2.5,1.6125705020147654,0.24827546296296296,75.30389147991211,0.0,4.086206896551724,4.023809523809524,4.25,4.333333333333333,4.4411764705882355,4.304347826086956,4.0,4.275,4.0,4.0,4.5,3.888888888888889,4.25,4.222222222222222,4.1,4.15,4.333333333333333,4.318181818181818,4.5,0.0,29.0,21.0,4.0,3.0,17.0,23.0,4.0,60.0,7.0,1.0,1.0,9.0,2.0,9.0,15.0,20.0,30.0,11.0,1.0,0.0,0.0,0.8191489361702128,0.0,0.1595744680851064
228,3.74,0.6940220937885672,25,2.0,4.5,1363222599,1363222968,2.5,1.2594107995517323,0.004270833333333333,24.893683227880928,0.0,3.8214285714285716,3.5625,3.5,3.0,2.75,4.0,0.0,3.5833333333333335,4.0,0.0,4.0,0.0,0.0,4.25,3.0,4.045454545454546,3.875,4.0,0.0,0.0,14.0,8.0,2.0,2.0,2.0,4.0,0.0,6.0,1.0,0.0,5.0,0.0,0.0,2.0,2.0,11.0,12.0,1.0,0.0,0.0,0.0,0.64,0.08,0.0
229,3.7384615384615385,0.6909441700700906,65,3.0,5.0,836941246,838147251,2.0,1.2643117401211563,13.958391203703703,4.345387088412688,0.0,3.7,3.769230769230769,4.5,4.0,3.607142857142857,3.7857142857142856,0.0,3.9285714285714284,3.5,0.0,3.5,4.5,4.0,4.0,3.8461538461538463,3.6,3.727272727272727,4.333333333333333,3.0,0.0,20.0,13.0,2.0,5.0,28.0,14.0,0.0,28.0,6.0,0.0,2.0,2.0,1.0,1.0,13.0,5.0,22.0,3.0,1.0,0.0,0.0,0.6,0.0,0.13846153846153847
230,2.8597122302158273,1.1099496936283055,139,0.5,5.0,1196304098,1196305204,4.5,0.8264806423490845,0.012800925925925926,137.24316046899642,0.0,3.142857142857143,3.24468085106383,2.7058823529411766,2.5625,2.8867924528301887,2.764705882352941,0.0,2.5357142857142856,3.0833333333333335,0.0,2.75,3.45,2.4,2.8125,2.625,3.0625,3.1,2.25,2.5,0.0,56.0,47.0,17.0,24.0,53.0,17.0,0.0,42.0,24.0,0.0,16.0,10.0,10.0,8.0,28.0,32.0,40.0,2.0,1.0,0.0,0.0,0.2302158273381295,0.2949640287769784,0.1079136690647482
231,3.8541666666666665,0.949589919119171,24,2.0,5.0,1433089446,1433089651,3.0,0.9527530531535711,0.002372685185185185,23.94319034697766,0.0,4.409090909090909,3.9285714285714284,0.0,0.0,3.25,4.428571428571429,0.0,3.4444444444444446,3.0,0.0,4.333333333333333,4.0,0.0,0.0,3.5,4.166666666666667,4.333333333333333,2.0,0.0,0.0,11.0,7.0,0.0,0.0,4.0,7.0,0.0,9.0,1.0,0.0,3.0,2.0,0.0,0.0,4.0,9.0,6.0,1.0,0.0,0.0,0.0,0.7083333333333334,0.125,0.25
232,3.2505800464037122,0.7604286262863358,862,0.5,5.0,1076951495,1307241965,4.5,1.1622114483987627,2665.398958333333,0.3232824545276616,0.0,3.321167883211679,3.165,2.992857142857143,2.9615384615384617,3.0773333333333333,3.4389312977099236,3.3,3.49388379204893,3.1077586206896552,4.5,2.91875,3.526315789473684,3.127659574468085,3.3253968253968256,3.2745098039215685,3.2560975609756095,3.291497975708502,3.921875,3.75,0.0,274.0,200.0,70.0,117.0,375.0,131.0,15.0,327.0,116.0,1.0,80.0,38.0,47.0,63.0,153.0,123.0,247.0,32.0,6.0,0.0,0.0,0.2529002320185615,0.08816705336426914,0.025522041763341066
233,3.3,0.7530697802725399,150,1.0,5.0,1448815806,1537470566,4.0,1.1722370468691536,1026.0967592592592,0.14604271569134322,0.0,3.108695652173913,3.1153846153846154,3.6,3.409090909090909,3.25,3.5609756097560976,3.25,3.463855421686747,3.2045454545454546,3.0,4.0,3.0384615384615383,3.25,3.28125,3.5833333333333335,2.9423076923076925,3.2093023255813953,3.4583333333333335,3.5,0.0,46.0,39.0,10.0,11.0,42.0,41.0,2.0,83.0,22.0,1.0,4.0,13.0,4.0,16.0,18.0,26.0,43.0,12.0,1.0,0.0,0.0,0.28,0.09333333333333334,0.04
234,3.504950495049505,1.0708601868711078,202,1.0,5.0,1001975811,1004409900,4.0,0.8540729381808617,28.172326388888887,6.924370628080504,0.0,3.465909090909091,3.5576923076923075,3.8,3.404494382022472,3.458823529411765,3.6818181818181817,0.0,3.8043478260869565,3.5106382978723403,0.0,4.2,5.0,4.1,3.75,3.9,3.744186046511628,3.75,2.8,3.625,0.0,88.0,104.0,40.0,89.0,85.0,22.0,0.0,46.0,47.0,0.0,10.0,1.0,20.0,8.0,20.0,43.0,28.0,5.0,8.0,0.0,0.0,0.5198019801980198,0.1782178217821782,0.23267326732673269
235,3.646153846153846,0.9088242615938125,65,1.0,5.0,841422308,841422740,4.0,0.9912529248851814,0.005,64.6766169154229,0.0,3.375,3.466666666666667,4.0,3.6,3.423076923076923,3.75,4.0,3.9310344827586206,3.5,0.0,5.0,5.0,4.0,3.3333333333333335,3.888888888888889,3.2857142857142856,3.6315789473684212,4.25,3.0,0.0,16.0,15.0,6.0,10.0,26.0,8.0,1.0,29.0,6.0,0.0,1.0,3.0,6.0,3.0,18.0,7.0,19.0,4.0,2.0,0.0,0.0,0.5846153846153846,0.09230769230769231,0.18461538461538463
236,3.966666666666667,1.3514572807192966,30,1.0,5.0,943013896,943015701,4.0,0.688962750253615,0.020891203703703703,29.386089223966895,0.0,5.0,5.0,0.0,0.0,4.0588235294117645,4.666666666666667,0.0,4.4,4.333333333333333,0.0,3.5,0.0,4.0,4.333333333333333,4.333333333333333,3.6666666666666665,3.857142857142857,0.0,0.0,0.0,3.0,2.0,0.0,0.0,17.0,3.0,0.0,5.0,3.0,0.0,12.0,0.0,1.0,3.0,3.0,3.0,7.0,0.0,0.0,0.0,0.0,0.7,0.2,0.6
237,3.36,0.7073953373222829,50,1.5,5.0,1410629976,1411233968,3.5,1.238550625417888,6.990648148148148,6.257314684990556,0.0,3.388888888888889,3.0714285714285716,3.0,3.0,3.0,3.392857142857143,0.0,3.5,2.8333333333333335,0.0,3.5,3.75,0.0,3.5,3.1875,3.590909090909091,3.5238095238095237,3.125,0.0,0.0,18.0,7.0,1.0,1.0,16.0,14.0,0.0,25.0,3.0,0.0,1.0,2.0,0.0,9.0,8.0,11.0,21.0,4.0,0.0,0.0,0.0,0.26,0.06,0.02
238,3.6818181818181817,0.856513410278739,44,1.0,5.0,1007930885,1007932168,4.0,1.045463648762215,0.014849537037037038,43.356180787609915,0.0,3.8823529411764706,2.6,0.0,1.6666666666666667,3.6666666666666665,4.0,0.0,3.5833333333333335,0.0,4.0,3.0,0.0,0.0,4.25,4.25,2.0,4.0588235294117645,4.166666666666667,3.75,0.0,17.0,5.0,0.0,3.0,6.0,16.0,0.0,24.0,0.0,1.0,2.0,0.0,0.0,4.0,4.0,1.0,17.0,6.0,4.0,0.0,0.0,0.6818181818181818,0.09090909090909091,0.13636363636363635
239,4.026881720430108,0.7516131024295626,279,0.5,5.0,1221147339,1221866597,4.5,1.1742421495713313,8.32474537037037,29.920388055477634,0.0,3.996031746031746,3.9642857142857144,3.933333333333333,3.9705882352941178,3.8511904761904763,4.284722222222222,4.125,4.1652892561983474,3.9305555555555554,3.75,3.5,4.0,3.75,4.18,3.9871794871794872,3.9076923076923076,4.015,4.46875,4.0,0.0,126.0,84.0,15.0,17.0,84.0,72.0,4.0,121.0,36.0,2.0,8.0,17.0,4.0,25.0,39.0,65.0,100.0,16.0,6.0,0.0,0.0,0.7132616487455197,0.017921146953405017,0.1827956989247312
240,3.9140625,0.9138250814721379,128,1.0,5.0,849122058,849123405,4.0,0.9863634450115764,0.015590277777777778,126.03507812232895,0.0,3.9318181818181817,3.8684210526315788,3.7,3.6551724137931036,4.072727272727272,3.3333333333333335,0.0,3.7142857142857144,4.0,0.0,4.166666666666667,3.6666666666666665,3.625,3.25,3.6666666666666665,4.0476190476190474,3.8333333333333335,4.2,4.8,0.0,44.0,38.0,10.0,29.0,55.0,12.0,0.0,42.0,20.0,0.0,6.0,3.0,8.0,4.0,24.0,21.0,30.0,5.0,5.0,0.0,0.0,0.609375,0.0234375,0.34375
241,3.9802631578947367,0.6188203265013426,76,2.0,5.0,1447536008,1447540959,3.0,1.3911682281818896,0.05730324074074074,71.88098652450438,0.0,3.8,3.9285714285714284,4.0,3.5,4.083333333333333,3.8846153846153846,0.0,3.9692307692307693,3.5,0.0,3.3333333333333335,4.333333333333333,4.125,3.7777777777777777,4.1,4.1,3.772727272727273,3.6666666666666665,4.0,0.0,10.0,7.0,4.0,1.0,18.0,13.0,0.0,65.0,4.0,0.0,3.0,3.0,4.0,9.0,20.0,10.0,22.0,6.0,1.0,0.0,0.0,0.6447368421052632,0.013157894736842105,0.09210526315789473
242,3.6,0.8471405189362209,35,2.0,5.0,834073039,834073335,3.0,1.0558095446314009,0.003425925925925926,34.880501983943894,0.0,3.2,3.272727272727273,3.0,3.0,3.25,3.5555555555555554,0.0,3.625,3.0,0.0,5.0,3.0,3.0,5.0,3.25,3.6,3.9375,3.5,3.3333333333333335,0.0,10.0,11.0,1.0,2.0,12.0,9.0,0.0,16.0,2.0,0.0,2.0,1.0,1.0,2.0,4.0,5.0,16.0,2.0,3.0,0.0,0.0,0.42857142857142855,0.02857142857142857,0.2
243,4.138888888888889,0.8333333333333333,36,3.0,5.0,837155039,837155617,2.0,1.0714285714285716,0.006689814814814815,35.76076709052864,0.0,4.217391304347826,4.181818181818182,3.3333333333333335,3.3333333333333335,3.923076923076923,4.111111111111111,0.0,4.25,3.8,0.0,0.0,3.0,3.3333333333333335,5.0,4.0,4.0,4.466666666666667,4.25,0.0,0.0,23.0,11.0,3.0,6.0,13.0,9.0,0.0,8.0,5.0,0.0,0.0,1.0,3.0,1.0,6.0,4.0,15.0,4.0,0.0,0.0,0.0,0.7222222222222222,0.0,0.4166666666666667
244,3.774193548387097,1.216990517076274,93,1.0,5.0,975073749,975093513,4.0,0.7593069099844434,0.22875,75.68667344862665,0.0,3.641509433962264,3.8846153846153846,0.0,3.0,4.105263157894737,3.2777777777777777,0.0,3.590909090909091,3.8333333333333335,3.0,4.0,0.0,0.0,3.25,3.8,3.7058823529411766,3.4761904761904763,4.066666666666666,4.333333333333333,0.0,53.0,26.0,0.0,1.0,19.0,18.0,0.0,44.0,6.0,1.0,5.0,0.0,0.0,4.0,15.0,17.0,42.0,15.0,3.0,0.0,0.0,0.6666666666666666,0.17204301075268819,0.40860215053763443
245,2.7142857142857144,0.9023778112773575,21,1.0,4.0,951182566,951183441,3.0,0.9976278292968921,0.010127314814814815,20.789458607848754,0.0,0.0,4.0,3.3333333333333335,3.3333333333333335,3.2,2.25,3.1666666666666665,2.4,4.0,0.0,0.0,0.0,0.0,1.0,2.3333333333333335,0.0,1.75,3.0,0.0,0.0,0.0,1.0,3.0,3.0,5.0,4.0,6.0,10.0,1.0,0.0,0.0,0.0,0.0,1.0,3.0,0.0,4.0,1.0,0.0,0.0,0.0,0.14285714285714285,0.2857142857142857,0.14285714285714285
246,4.252450980392157,0.7648328788438754,204,1.0,5.0,1353864542,1355956686,4.0,1.1562927641428464,24.21462962962963,8.09054120550239,0.0,4.263513513513513,4.330882352941177,4.596774193548387,4.596153846153846,4.265625,4.0625,0.0,4.255102040816326,4.362745098039215,4.833333333333333,4.428571428571429,4.288461538461538,3.8,4.48,4.372340425531915,4.197916666666667,4.205357142857143,4.7,4.5,0.0,74.0,68.0,31.0,26.0,64.0,24.0,0.0,98.0,51.0,3.0,7.0,26.0,5.0,25.0,47.0,48.0,56.0,5.0,5.0,0.0,0.0,0.8088235294117647,0.024509803921568627,0.3431372549019608
247,3.7466666666666666,0.8626217775457545,150,1.0,5.0,1467643861,1467936308,4.0,1.038829604031547,3.384803240740741,34.20906064981378,0.0,3.706896551724138,3.6587301587301586,3.7954545454545454,3.68,3.742857142857143,3.8833333333333333,0.0,3.9029850746268657,3.7580645161290325,3.0,4.166666666666667,3.8,3.4545454545454546,4.131578947368421,3.340909090909091,3.5555555555555554,3.8214285714285716,4.125,3.25,0.0,58.0,63.0,22.0,25.0,35.0,30.0,0.0,67.0,31.0,1.0,3.0,25.0,11.0,19.0,22.0,36.0,42.0,8.0,2.0,0.0,0.0,0.6066666666666667,0.08666666666666667,0.16
248,3.7450980392156863,0.635393964557485,51,2.0,5.0,1534591638,1534950962,3.0,1.359815348228672,4.158842592592593,9.885938383394208,4.0,3.772727272727273,3.7285714285714286,3.6875,3.7142857142857144,3.9583333333333335,3.3333333333333335,3.5,3.375,3.75,0.0,0.0,3.25,0.0,4.25,4.0,3.730769230769231,3.8333333333333335,0.0,0.0,1.0,33.0,35.0,8.0,7.0,12.0,3.0,1.0,4.0,8.0,0.0,0.0,6.0,0.0,2.0,2.0,26.0,9.0,0.0,0.0,0.0,0.0,0.49019607843137253,0.0196078431372549,0.058823529411764705
249,3.6964627151051626,0.6726914533658598,1046,0.5,5.0,1346752050,1537293500,4.5,1.2941776379743553,2205.3408564814813,0.4740881251086869,0.0,3.7130434782608694,3.716549295774648,3.8219178082191783,3.6,3.5773809523809526,3.8307291666666665,3.8,3.9049844236760123,3.638888888888889,4.5,3.3195876288659796,3.775,3.8181818181818183,3.764044943820225,3.6652173913043478,3.7331932773109244,3.643854748603352,3.8815789473684212,4.09375,0.0,460.0,284.0,73.0,70.0,420.0,192.0,5.0,321.0,126.0,4.0,97.0,100.0,22.0,89.0,115.0,238.0,358.0,38.0,16.0,0.0,0.0,0.48852772466539196,0.018164435946462717,0.055449330783938815
250,4.222222222222222,1.0127393670836666,27,0.5,5.0,1121217462,1121217987,4.5,0.8986830425716484,0.006076388888888889,26.836928386540123,0.0,3.75,4.0,4.125,4.125,3.5714285714285716,4.5,0.0,4.5625,4.5,0.0,4.5,0.0,4.5,4.0,4.571428571428571,3.75,4.0,4.5,4.5,0.0,2.0,4.0,4.0,4.0,7.0,3.0,0.0,16.0,2.0,0.0,1.0,0.0,3.0,2.0,7.0,2.0,8.0,1.0,1.0,0.0,0.0,0.7777777777777778,0.037037037037037035,0.4074074074074074
251,4.869565217391305,0.5269421070570498,23,2.5,5.0,1470676650,1470677300,2.5,1.5950436072863792,0.007523148148148148,22.828259620907524,0.0,5.0,5.0,4.166666666666667,4.166666666666667,5.0,4.9375,5.0,4.8,5.0,0.0,5.0,5.0,0.0,5.0,5.0,5.0,4.944444444444445,5.0,0.0,0.0,6.0,3.0,3.0,3.0,5.0,8.0,2.0,15.0,3.0,0.0,1.0,1.0,0.0,2.0,3.0,1.0,9.0,4.0,0.0,0.0,0.0,0.9565217391304348,0.0,0.9130434782608695
252,4.197368421052632,0.6210221922766869,38,2.5,5.0,1498283693,1498285297,2.5,1.386919862816452,0.018564814814814815,37.30739511840371,3.0,3.8636363636363638,4.194444444444445,4.394736842105263,4.433333333333334,4.3,3.5,0.0,4.321428571428571,4.25,0.0,0.0,4.0,4.375,4.0,4.3,3.857142857142857,4.0,0.0,0.0,1.0,11.0,18.0,19.0,15.0,20.0,1.0,0.0,14.0,14.0,0.0,0.0,6.0,4.0,2.0,5.0,7.0,2.0,0.0,0.0,0.0,0.0,0.8157894736842105,0.0,0.21052631578947367
253,4.351063829787234,0.6586786312880119,47,2.0,5.0,1286642552,1286657218,3.0,1.3180811462981314,0.16974537037037038,40.179684562563075,0.0,3.25,4.0,4.625,0.0,4.411764705882353,4.7,4.3125,4.4,4.7,4.5,0.0,2.0,4.75,4.2,4.333333333333333,3.8333333333333335,4.5,5.0,4.5,0.0,2.0,4.0,4.0,0.0,17.0,5.0,8.0,30.0,5.0,1.0,0.0,1.0,2.0,5.0,9.0,3.0,7.0,1.0,1.0,0.0,0.0,0.851063829787234,0.02127659574468085,0.2978723404255319
254,3.9803149606299213,0.8052446507935,127,1.0,5.0,1180443471,1180564876,4.0,1.104673746620255,1.405150462962963,52.8033492938091,0.0,3.841463414634146,3.926470588235294,4.5,4.25,3.8703703703703702,4.171875,4.125,4.046153846153846,4.1,4.75,4.1875,4.125,4.25,4.105263157894737,3.888888888888889,3.6666666666666665,3.923076923076923,4.571428571428571,4.0,0.0,41.0,34.0,6.0,8.0,27.0,32.0,4.0,65.0,10.0,2.0,8.0,4.0,2.0,19.0,18.0,27.0,52.0,7.0,1.0,0.0,0.0,0.7480314960629921,0.05511811023622047,0.12598425196850394
255,2.5681818181818183,1.5003523194411472,44,1.0,5.0,1005717141,1005717706,4.0,0.624862405516559,0.006539351851851852,43.71413787155752,0.0,4.166666666666667,2.7142857142857144,2.4,2.3,2.75,2.4,1.0,1.4,1.5,0.0,3.0,0.0,2.8,1.0,1.5714285714285714,3.5,3.0,5.0,1.3333333333333333,0.0,6.0,7.0,5.0,10.0,36.0,5.0,1.0,5.0,2.0,0.0,1.0,0.0,5.0,1.0,7.0,4.0,3.0,1.0,3.0,0.0,0.0,0.25,0.5681818181818182,0.5227272727272727
256,3.9454022988505746,0.6998402866479565,174,0.5,5.0,1446579700,1447532480,4.5,1.2502496019435219,11.027546296296297,14.466791123770665,0.0,4.0,3.903225806451613,3.5,3.9047619047619047,3.8714285714285714,4.204545454545454,4.0,3.9909090909090907,3.4166666666666665,0.0,4.0625,3.911764705882353,4.0,4.083333333333333,4.0,3.9262295081967213,4.011363636363637,4.125,4.333333333333333,0.0,69.0,62.0,18.0,21.0,70.0,22.0,1.0,55.0,18.0,0.0,8.0,17.0,1.0,6.0,30.0,61.0,44.0,4.0,3.0,2.0,2.0,0.7413793103448276,0.022988505747126436,0.07471264367816093
257,3.2,1.005249379900069,20,1.0,4.5,1141624999,1141625649,3.5,0.9047731834877074,0.007523148148148148,19.850660539919588,0.0,3.611111111111111,3.4,3.5,3.5,3.0,3.0833333333333335,0.0,3.8333333333333335,3.5,0.0,0.0,0.0,3.75,4.0,3.0,4.0,3.625,0.0,2.5,0.0,9.0,5.0,1.0,1.0,12.0,6.0,0.0,3.0,3.0,0.0,0.0,0.0,2.0,1.0,5.0,1.0,4.0,0.0,1.0,0.0,0.0,0.3,0.2,0.05
258,4.2,1.3070322617798433,25,0.5,5.0,1534892418,1534892912,4.5,0.7107157576721356,0.005717592592592593,24.857872810550788,0.0,3.7,3.65,4.8,4.833333333333333,5.0,5.0,0.0,4.538461538461538,4.083333333333333,0.0,4.5,2.5,0.0,4.5,5.0,3.5,4.142857142857143,2.25,0.0,0.0,10.0,10.0,5.0,3.0,3.0,4.0,0.0,13.0,6.0,0.0,1.0,2.0,0.0,2.0,4.0,9.0,7.0,2.0,0.0,0.0,0.0,0.76,0.08,0.52
259,3.1206896551724137,1.7456843337509356,29,0.5,5.0,1146845313,1146846058,4.5,0.5418044579528539,0.008622685185185185,28.75207986688852,0.0,2.0625,2.5833333333333335,4.0,3.4,3.9285714285714284,4.0,0.0,3.2083333333333335,2.9166666666666665,0.0,0.0,0.0,5.0,5.0,3.4444444444444446,3.0833333333333335,2.5,0.0,1.0,0.0,8.0,12.0,3.0,5.0,14.0,2.0,0.0,12.0,6.0,0.0,0.0,0.0,1.0,1.0,9.0,6.0,4.0,0.0,1.0,0.0,0.0,0.5172413793103449,0.3103448275862069,0.3448275862068966
260,3.7598684210526314,0.8876831864612326,152,0.5,5.0,1109408200,1109411160,4.5,1.01247040924418,0.03425925925925926,146.96508504923904,0.0,3.71875,3.6944444444444446,4.03125,4.142857142857143,3.85,3.77027027027027,3.6923076923076925,3.63953488372093,3.8333333333333335,3.0,3.5,0.0,4.25,3.8333333333333335,3.5172413793103448,3.6666666666666665,3.838235294117647,4.5,0.0,0.0,16.0,18.0,16.0,7.0,60.0,37.0,13.0,86.0,18.0,2.0,14.0,0.0,4.0,15.0,29.0,15.0,34.0,2.0,0.0,0.0,0.0,0.5723684210526315,0.07236842105263158,0.1118421052631579
261,3.858490566037736,1.106698826771999,53,0.5,5.0,1404880845,1404881750,4.5,0.8287071950463958,0.010474537037037037,52.45060420365386,0.0,3.764705882352941,3.1666666666666665,1.5,1.5,3.3055555555555554,4.026315789473684,0.0,4.266666666666667,2.0,0.0,0.0,4.5,1.0,4.277777777777778,5.0,4.458333333333333,4.147058823529412,3.8,4.0,0.0,17.0,3.0,1.0,1.0,18.0,19.0,0.0,30.0,4.0,0.0,0.0,3.0,1.0,9.0,4.0,12.0,17.0,5.0,1.0,0.0,0.0,0.660377358490566,0.07547169811320754,0.2641509433962264
262,3.1052631578947367,0.9577542654996147,57,1.0,5.0,840305552,840311075,4.0,0.9453991655875428,0.06392361111111111,53.575274958389095,0.0,3.2,3.25,2.5,2.5,2.9583333333333335,3.4,0.0,3.264705882352941,2.8,3.0,3.5,0.0,2.5,3.0,2.85,4.5,2.933333333333333,0.0,0.0,0.0,5.0,4.0,2.0,2.0,24.0,10.0,0.0,34.0,5.0,1.0,2.0,0.0,2.0,2.0,20.0,2.0,15.0,0.0,0.0,0.0,0.0,0.22807017543859648,0.21052631578947367,0.15789473684210525
263,3.716666666666667,0.783781981533993,210,1.0,5.0,940383024,1120071604,4.0,1.131500778352921,2079.728935185185,0.10092616892517525,0.0,3.5444444444444443,3.683673469387755,4.075,4.0,3.6581632653061225,3.7291666666666665,3.5833333333333335,3.8221153846153846,3.825,4.0,3.3333333333333335,4.0,3.875,3.75,3.784090909090909,3.7222222222222223,3.4814814814814814,4.136363636363637,4.0,0.0,45.0,49.0,20.0,22.0,98.0,24.0,6.0,104.0,20.0,2.0,3.0,3.0,12.0,10.0,88.0,18.0,27.0,11.0,1.0,0.0,0.0,0.638095238095238,0.06666666666666667,0.10476190476190476
264,3.5625,1.0048179391855474,56,1.0,5.0,1136978195,1136979112,4.0,0.9051265050395385,0.010613425925925925,55.4118900099637,0.0,3.227272727272727,3.5344827586206895,3.4,3.642857142857143,3.727272727272727,4.0,0.0,3.575,4.0,0.0,3.4,3.8333333333333335,3.4444444444444446,3.0833333333333335,3.6666666666666665,3.473684210526316,3.1333333333333333,3.5714285714285716,0.0,0.0,22.0,29.0,10.0,14.0,11.0,1.0,0.0,20.0,12.0,0.0,5.0,3.0,9.0,6.0,9.0,19.0,15.0,7.0,0.0,0.0,0.0,0.5,0.10714285714285714,0.125
265,3.3496932515337425,0.9265210539157969,163,1.0,5.0,965314300,967559209,4.0,0.9741641403119508,25.982743055555556,6.040898053411195,0.0,3.590909090909091,3.857142857142857,0.0,3.0,3.3636363636363638,3.3333333333333335,0.0,3.2735849056603774,3.0,0.0,2.4166666666666665,4.0,3.0,3.6666666666666665,3.269230769230769,3.4923076923076923,3.4166666666666665,3.6,3.0,0.0,44.0,35.0,0.0,6.0,33.0,18.0,0.0,106.0,8.0,0.0,12.0,1.0,3.0,6.0,26.0,65.0,36.0,10.0,4.0,0.0,0.0,0.4601226993865031,0.1656441717791411,0.1165644171779141
266,3.5,1.4279727396737645,180,1.0,5.0,944891365,948587585,4.0,0.6544619377263947,42.78032407407407,4.111435988811987,0.0,3.7205882352941178,3.659090909090909,2.8,2.125,3.3666666666666667,3.9210526315789473,3.0,3.542372881355932,3.4545454545454546,4.0,3.1,0.0,3.2222222222222223,3.3333333333333335,2.526315789473684,3.6176470588235294,3.673076923076923,4.666666666666667,3.0,0.0,68.0,44.0,5.0,8.0,90.0,38.0,2.0,59.0,22.0,1.0,10.0,0.0,9.0,9.0,19.0,34.0,52.0,9.0,2.0,0.0,0.0,0.5722222222222222,0.25555555555555554,0.48333333333333334
267,4.175438596491228,1.1358258011801659,57,1.0,5.0,959806612,997136080,4.0,0.8091755318953842,432.0540277777778,0.13162329950490526,0.0,4.2592592592592595,4.238095238095238,0.0,4.0,4.214285714285714,4.0,0.0,3.8,3.6666666666666665,0.0,4.125,5.0,5.0,3.5,4.714285714285714,4.4,4.333333333333333,3.0,4.0,0.0,27.0,21.0,0.0,2.0,14.0,4.0,0.0,25.0,6.0,0.0,8.0,1.0,1.0,6.0,7.0,25.0,21.0,3.0,1.0,0.0,0.0,0.8421052631578947,0.12280701754385964,0.5614035087719298
268,3.2713178294573644,1.2732336906506014,129,1.0,5.0,940172369,940266931,4.0,0.7282081752059452,1.0944675925925926,61.59083122423492,0.0,3.0,3.263157894736842,0.0,0.0,3.3653846153846154,3.3461538461538463,2.0,3.2686567164179103,3.2857142857142856,4.25,3.3333333333333335,0.0,3.5,3.9,3.0476190476190474,3.3333333333333335,2.8857142857142857,2.625,5.0,0.0,37.0,19.0,0.0,0.0,52.0,26.0,1.0,67.0,7.0,4.0,3.0,0.0,2.0,10.0,21.0,15.0,35.0,8.0,1.0,0.0,0.0,0.4496124031007752,0.32558139534883723,0.3023255813953488
269,3.6206896551724137,0.8624629641509368,29,2.0,5.0,850865423,850865801,3.0,1.039001018477815,0.004375,28.873677660236464,0.0,3.1818181818181817,3.625,4.5,4.0,3.6666666666666665,3.8,0.0,4.0,4.666666666666667,0.0,5.0,0.0,4.0,3.5,4.2,3.25,3.5714285714285716,0.0,0.0,0.0,11.0,8.0,2.0,5.0,9.0,5.0,0.0,9.0,3.0,0.0,1.0,0.0,2.0,2.0,5.0,4.0,14.0,0.0,0.0,0.0,0.0,0.5172413793103449,0.06896551724137931,0.1724137931034483
270,3.2,1.1810469062961875,40,1.0,5.0,853918727,853918943,4.0,0.7806115412988575,0.0025,39.900249376558605,0.0,2.9285714285714284,3.3636363636363638,5.0,5.0,2.9411764705882355,3.5,0.0,3.8333333333333335,3.8,0.0,0.0,0.0,5.0,3.3333333333333335,3.4,3.0,3.066666666666667,0.0,0.0,0.0,14.0,11.0,2.0,3.0,17.0,6.0,0.0,12.0,5.0,0.0,0.0,0.0,2.0,3.0,10.0,5.0,15.0,0.0,0.0,0.0,0.0,0.4,0.25,0.25
271,3.186046511627907,0.7401999071514838,43,1.0,4.5,1234301660,1234302774,3.5,1.1901929427608293,0.012893518518518518,42.452636149644626,0.0,2.6666666666666665,3.3,3.0,3.0,3.5,2.9285714285714284,0.0,3.35,2.75,4.0,3.25,0.0,3.5,3.25,3.2,3.088235294117647,3.2333333333333334,4.0,0.0,0.0,12.0,10.0,1.0,1.0,8.0,7.0,0.0,20.0,4.0,1.0,8.0,0.0,2.0,4.0,5.0,17.0,15.0,1.0,0.0,0.0,0.0,0.3023255813953488,0.06976744186046512,0.023255813953488372
272,3.629032258064516,0.7067265140005701,31,2.0,5.0,1532265940,1537475893,3.0,1.2395774561083701,60.300381944444446,0.5057064738698497,0.0,3.638888888888889,3.3333333333333335,3.6666666666666665,3.6666666666666665,3.75,4.1,0.0,3.625,2.6666666666666665,0.0,3.5,3.642857142857143,0.0,4.0,2.75,3.6875,3.7222222222222223,3.5,3.5,0.0,18.0,12.0,3.0,3.0,6.0,5.0,0.0,8.0,3.0,0.0,1.0,7.0,0.0,1.0,2.0,16.0,9.0,1.0,1.0,0.0,0.0,0.5483870967741935,0.06451612903225806,0.03225806451612903
273,4.0,0.9813067629253163,55,1.0,5.0,835798984,839575105,4.0,0.9248069412741368,43.705104166666665,1.2302845732100876,0.0,3.75,3.9,4.666666666666667,4.1,3.9705882352941178,4.0,0.0,3.9545454545454546,4.166666666666667,0.0,3.25,4.333333333333333,4.6,5.0,4.071428571428571,4.333333333333333,4.0,4.0,2.0,0.0,8.0,10.0,6.0,10.0,34.0,8.0,0.0,22.0,6.0,0.0,4.0,3.0,5.0,1.0,14.0,6.0,10.0,1.0,1.0,0.0,0.0,0.7454545454545455,0.05454545454545454,0.38181818181818183
274,3.235884101040119,0.7617026505280025,1346,0.5,5.0,1171172369,1318410436,4.5,1.1604931229899975,1704.1442939814815,0.789376010435524,0.0,3.245594713656388,3.2186440677966104,3.323232323232323,3.1139240506329116,3.140909090909091,3.4263392857142856,3.5,3.425061425061425,3.117142857142857,3.9285714285714284,3.1954887218045114,3.176470588235294,3.2857142857142856,3.371559633027523,3.1363636363636362,3.2370689655172415,3.2555309734513274,3.6470588235294117,3.4615384615384617,0.0,454.0,295.0,99.0,158.0,550.0,224.0,13.0,407.0,175.0,7.0,266.0,34.0,49.0,109.0,132.0,232.0,452.0,34.0,26.0,1.0,1.0,0.23551263001485884,0.1277860326894502,0.019316493313521546
275,4.086848635235732,1.0719864596015323,403,1.0,5.0,1049076150,1049079573,4.0,0.8532521786471777,0.03961805555555555,387.64236331451855,0.0,3.945945945945946,3.8684210526315788,3.769230769230769,3.933333333333333,4.004926108374384,4.364864864864865,4.4,4.133333333333334,4.08,4.333333333333333,3.5,0.0,4.0,4.56,4.03,3.76,4.317460317460317,4.375,4.4,0.0,37.0,38.0,13.0,15.0,203.0,74.0,15.0,225.0,25.0,9.0,4.0,0.0,7.0,25.0,100.0,25.0,63.0,16.0,5.0,0.0,0.0,0.7444168734491315,0.10173697270471464,0.49379652605459057
276,4.390243902439025,0.7027819284987273,41,3.0,5.0,858350384,858351214,2.0,1.2456682998209585,0.009606481481481481,40.60988192135733,0.0,4.7272727272727275,4.333333333333333,4.166666666666667,3.909090909090909,4.346153846153846,0.0,0.0,4.857142857142857,3.5714285714285716,0.0,4.0,5.0,4.333333333333333,5.0,4.2,4.875,4.8,5.0,0.0,0.0,11.0,18.0,6.0,11.0,26.0,0.0,0.0,7.0,7.0,0.0,1.0,2.0,3.0,1.0,5.0,8.0,5.0,2.0,0.0,0.0,0.0,0.8780487804878049,0.0,0.5121951219512195
277,3.5714285714285716,0.7417981870189158,28,2.0,5.0,861812794,861813370,3.0,1.1879331832981594,0.006666666666666667,27.814569536423843,0.0,3.8461538461538463,3.75,3.5,3.25,3.357142857142857,3.0,0.0,3.0,3.4,0.0,0.0,0.0,3.0,5.0,3.3333333333333335,4.0,4.0,0.0,0.0,0.0,13.0,12.0,2.0,4.0,14.0,1.0,0.0,3.0,5.0,0.0,0.0,0.0,1.0,1.0,3.0,10.0,10.0,0.0,0.0,0.0,0.0,0.5,0.03571428571428571,0.10714285714285714
278,3.875,0.9850861570655153,20,1.5,5.0,1193753128,1193753405,3.5,0.921585805411415,0.0032060185185185186,19.936084543765936,0.0,4.5,3.0,5.0,3.0,3.4545454545454546,4.333333333333333,0.0,4.333333333333333,0.0,0.0,3.0,0.0,3.0,4.166666666666667,3.3333333333333335,3.5,3.8333333333333335,4.75,3.0,0.0,1.0,1.0,1.0,1.0,11.0,3.0,0.0,9.0,0.0,0.0,1.0,0.0,1.0,3.0,3.0,1.0,3.0,2.0,1.0,0.0,0.0,0.6,0.05,0.25
279,3.647727272727273,0.8269015865060569,176,1.0,5.0,1506394161,1506396013,4.0,1.0788631873740626,0.021435185185185186,172.30657662149298,0.0,3.6483516483516483,3.7,2.5,2.6666666666666665,3.4875,3.702127659574468,0.0,3.6742424242424243,3.5,3.5,4.25,3.4473684210526314,3.0,3.6,3.2777777777777777,3.7596153846153846,3.708955223880597,3.5,4.125,0.0,91.0,50.0,4.0,3.0,40.0,47.0,0.0,66.0,14.0,1.0,10.0,19.0,2.0,20.0,9.0,52.0,67.0,12.0,4.0,0.0,0.0,0.48295454545454547,0.07386363636363637,0.125
280,3.9005102040816326,0.7452755435359317,196,1.5,5.0,1347604610,1352681062,3.5,1.1830461766548095,58.75523148148148,3.2800475396157007,0.0,3.76,3.7857142857142856,4.25,3.9545454545454546,3.7025862068965516,4.25,5.0,4.21978021978022,3.8214285714285716,0.0,4.166666666666667,4.125,4.045454545454546,4.05,3.93125,3.5,4.2631578947368425,4.166666666666667,0.0,0.0,25.0,28.0,8.0,22.0,116.0,24.0,1.0,91.0,28.0,0.0,3.0,8.0,11.0,10.0,80.0,9.0,19.0,6.0,0.0,0.0,0.0,0.6479591836734694,0.025510204081632654,0.11734693877551021
281,3.2142857142857144,0.9023778112773576,21,1.0,4.5,1182999667,1183000631,3.5,0.9976278292968921,0.011157407407407408,20.768279840666636,0.0,3.25,3.375,2.5,2.25,3.45,3.0,0.0,3.05,4.25,0.0,0.0,4.25,2.75,1.0,3.0714285714285716,3.0,2.375,4.5,0.0,0.0,4.0,4.0,1.0,2.0,10.0,3.0,0.0,10.0,2.0,0.0,0.0,2.0,2.0,1.0,7.0,1.0,4.0,1.0,0.0,0.0,0.0,0.2857142857142857,0.14285714285714285,0.047619047619047616
282,4.033755274261603,0.694194930025053,237,1.0,5.0,1378488783,1514070024,4.0,1.2591367209665452,1569.227326388889,0.15093355975726003,0.0,3.957627118644068,4.114583333333333,4.433333333333334,4.361111111111111,3.8878504672897196,4.10655737704918,3.5,4.201834862385321,4.229166666666667,0.0,3.6666666666666665,4.142857142857143,4.2,3.973684210526316,3.9696969696969697,4.230769230769231,3.9741379310344827,4.1923076923076925,4.333333333333333,0.0,59.0,48.0,15.0,18.0,107.0,61.0,5.0,109.0,24.0,0.0,6.0,7.0,10.0,19.0,33.0,26.0,58.0,13.0,3.0,0.0,0.0,0.7721518987341772,0.029535864978902954,0.10548523206751055
283,3.3142857142857145,1.0784364654832632,35,1.0,5.0,901227202,901228523,4.0,0.8485820231215532,0.015289351851851853,34.47293122513423,0.0,4.0,4.0,2.5,2.8,3.037037037037037,3.4285714285714284,0.0,3.75,3.0,0.0,3.5,5.0,0.0,0.0,3.0,4.0,3.3333333333333335,5.0,0.0,0.0,6.0,4.0,2.0,5.0,27.0,7.0,0.0,12.0,5.0,0.0,2.0,1.0,0.0,0.0,10.0,4.0,6.0,2.0,0.0,0.0,0.0,0.42857142857142855,0.2,0.2
284,3.715909090909091,0.9090713164032894,88,1.0,5.0,832695048,832787305,4.0,0.9910102326209975,1.0677893518518518,42.557526433333145,0.0,3.6578947368421053,3.739130434782609,4.5,3.8,3.660377358490566,3.4,0.0,3.3125,3.5,0.0,0.0,3.0,4.5,4.0,3.75,4.0,3.6923076923076925,5.0,3.6666666666666665,0.0,38.0,23.0,2.0,5.0,53.0,15.0,0.0,16.0,8.0,0.0,0.0,2.0,2.0,2.0,20.0,13.0,26.0,2.0,3.0,0.0,0.0,0.625,0.056818181818181816,0.2159090909090909
285,3.9583333333333335,0.9287087810503353,36,2.0,5.0,1449625781,1483031785,3.0,0.9720924117892501,386.6435648148148,0.09286881885217914,0.0,3.75,0.0,0.0,4.0,3.6818181818181817,4.357142857142857,0.0,3.98,0.0,5.0,4.25,0.0,3.5,4.5,3.7857142857142856,0.0,4.277777777777778,4.0,4.0,0.0,2.0,0.0,0.0,1.0,11.0,7.0,0.0,25.0,0.0,1.0,2.0,0.0,1.0,4.0,7.0,0.0,9.0,1.0,1.0,0.0,0.0,0.6666666666666666,0.05555555555555555,0.3055555555555556
286,3.7877358490566038,0.9256866517233551,106,0.5,5.0,1119561345,1119564174,4.5,0.9749566286348793,0.03274305555555555,102.63927646841275,0.0,3.7419354838709675,3.659090909090909,4.333333333333333,4.111111111111111,3.4,4.0,0.0,3.952830188679245,3.85,5.0,3.95,3.5,3.8333333333333335,3.9375,3.4130434782608696,3.357142857142857,4.0131578947368425,4.2,3.0,0.0,31.0,22.0,6.0,9.0,40.0,26.0,0.0,53.0,10.0,1.0,10.0,3.0,3.0,8.0,23.0,14.0,38.0,5.0,1.0,0.0,0.0,0.5377358490566038,0.04716981132075472,0.19811320754716982
287,2.6217105263157894,1.4928047189418594,152,0.5,5.0,1110228283,1110231633,4.5,0.627823353426731,0.03877314814814815,146.3264623955432,0.0,1.8461538461538463,2.4482758620689653,1.8125,1.4666666666666666,2.689189189189189,2.8863636363636362,4.25,3.146153846153846,2.9130434782608696,4.0,1.5909090909090908,2.5,2.5625,2.2916666666666665,2.6323529411764706,2.361111111111111,2.2037037037037037,3.1666666666666665,1.0,0.0,26.0,29.0,8.0,15.0,74.0,22.0,2.0,65.0,23.0,1.0,11.0,2.0,8.0,12.0,34.0,18.0,27.0,6.0,2.0,0.0,0.0,0.3157894736842105,0.4144736842105263,0.16447368421052633
288,3.1459715639810426,0.8665841572850375,1055,1.0,5.0,974759497,1265732622,4.0,1.0345710639504186,3367.744502314815,0.31317305283171887,0.0,3.04251012145749,3.1494464944649447,3.24,3.1314102564102564,3.167832167832168,3.370833333333333,3.5,3.31145584725537,3.2056451612903225,3.8333333333333335,2.6588785046728973,3.5789473684210527,3.2363636363636363,3.02027027027027,3.2095808383233533,3.0611702127659575,3.0271493212669682,3.330508474576271,3.210526315789474,0.0,247.0,271.0,75.0,156.0,429.0,120.0,4.0,419.0,124.0,6.0,107.0,19.0,55.0,74.0,167.0,188.0,221.0,59.0,38.0,1.0,1.0,0.2616113744075829,0.190521327014218,0.07582938388625593
289,3.625,0.7260674300941189,24,2.0,5.0,1143424573,1143425037,3.0,1.2105549299844252,0.00537037037037037,23.87179959476883,0.0,3.125,3.5,3.5,3.5,3.590909090909091,4.166666666666667,3.5,3.85,3.6666666666666665,0.0,3.25,0.0,3.5,0.0,2.8333333333333335,3.25,3.1666666666666665,4.25,3.5,0.0,4.0,1.0,1.0,1.0,11.0,3.0,3.0,10.0,3.0,0.0,2.0,0.0,3.0,0.0,6.0,2.0,3.0,4.0,2.0,4.0,4.0,0.4166666666666667,0.041666666666666664,0.041666666666666664
290,4.142322097378277,0.6843902953099069,267,2.0,5.0,974937663,975032355,3.0,1.2748755383375916,1.0959722222222221,127.38718441455173,0.0,4.125,4.314285714285714,4.142857142857143,4.2727272727272725,3.984375,4.25531914893617,4.2,4.2439024390243905,4.083333333333333,4.3,3.727272727272727,4.0,4.454545454545454,4.2592592592592595,4.270833333333333,3.9473684210526314,3.9454545454545453,4.565217391304348,4.571428571428571,0.0,32.0,35.0,7.0,11.0,64.0,47.0,5.0,164.0,12.0,10.0,22.0,2.0,11.0,27.0,48.0,19.0,55.0,23.0,7.0,0.0,0.0,0.8726591760299626,0.02247191011235955,0.29213483146067415
291,4.258064516129032,0.8932241949060667,31,1.0,5.0,1453051390,1464369772,4.0,1.0068220298384638,130.99979166666665,0.23484885550640075,0.0,4.333333333333333,4.2592592592592595,3.7142857142857144,4.0,3.6,4.5,0.0,4.0,4.1875,0.0,0.0,4.642857142857143,0.0,4.666666666666667,5.0,4.444444444444445,4.2,4.0,0.0,0.0,15.0,27.0,7.0,7.0,5.0,2.0,0.0,8.0,16.0,0.0,0.0,14.0,0.0,3.0,2.0,9.0,5.0,1.0,0.0,4.0,4.0,0.8709677419354839,0.03225806451612903,0.4838709677419355
292,3.3015695067264574,0.9200499514349678,446,0.5,5.0,973816970,1513546429,4.5,0.9803441474539925,6246.868738425926,0.071384342192881,0.0,3.4977477477477477,3.6293103448275863,3.611111111111111,3.5434782608695654,3.0860927152317883,3.323529411764706,2.75,3.138888888888889,3.466666666666667,0.0,2.5588235294117645,3.6826923076923075,3.375,3.2758620689655173,3.2604166666666665,3.4545454545454546,3.365771812080537,3.6,3.1875,0.0,222.0,174.0,45.0,69.0,151.0,68.0,2.0,144.0,60.0,0.0,17.0,52.0,16.0,29.0,48.0,110.0,149.0,15.0,8.0,0.0,0.0,0.42152466367713004,0.1681614349775785,0.04484304932735426
293,2.619047619047619,0.7400128699009548,21,2.0,4.0,1044870730,1044871057,2.0,1.1904579511000934,0.0037847222222222223,20.92082050572486,0.0,2.5714285714285716,2.6666666666666665,2.5,2.3333333333333335,2.4444444444444446,2.8,0.0,3.0,2.5,3.0,2.6666666666666665,0.0,2.0,3.0,3.0,3.0,2.625,3.0,0.0,0.0,7.0,3.0,2.0,3.0,9.0,5.0,0.0,8.0,2.0,1.0,3.0,0.0,1.0,1.0,2.0,3.0,8.0,1.0,0.0,0.0,0.0,0.14285714285714285,0.5238095238095238,0.0
294,2.610983981693364,1.1768673205207953,437,1.0,5.0,966594589,966634405,4.0,0.7831667268233714,0.4608333333333333,299.1443240159726,0.0,2.643478260869565,2.586206896551724,2.6666666666666665,2.107142857142857,2.562700964630225,2.8157894736842106,4.0,2.8958333333333335,2.803921568627451,2.3333333333333335,3.1538461538461537,0.0,2.5294117647058822,2.642857142857143,2.4516129032258065,2.793103448275862,2.6607142857142856,3.3,2.6,0.0,115.0,116.0,15.0,56.0,311.0,76.0,1.0,96.0,51.0,3.0,13.0,0.0,17.0,14.0,62.0,58.0,56.0,10.0,10.0,0.0,0.0,0.2494279176201373,0.4668192219679634,0.2723112128146453
295,3.7439024390243905,1.4879598080068903,41,0.5,5.0,1320064357,1320064990,4.5,0.6297388604911471,0.007326388888888889,40.70180276446865,0.0,3.2222222222222223,3.0,0.0,4.5,4.1,4.1,0.0,4.086956521739131,5.0,3.5,2.75,5.0,0.0,4.214285714285714,4.5,2.75,3.6666666666666665,5.0,3.5,0.0,18.0,8.0,0.0,1.0,5.0,20.0,0.0,23.0,1.0,1.0,2.0,1.0,0.0,7.0,4.0,4.0,21.0,1.0,1.0,0.0,0.0,0.6341463414634146,0.1951219512195122,0.34146341463414637
296,4.166666666666667,1.3155870289605436,27,1.0,5.0,1532993816,1532994130,4.0,0.7064207141925378,0.0036342592592592594,26.902230320363493,4.5,3.409090909090909,2.9444444444444446,4.666666666666667,5.0,4.833333333333333,4.916666666666667,4.5,4.666666666666667,3.9,0.0,0.0,3.0,0.0,5.0,5.0,2.5714285714285716,4.785714285714286,4.75,5.0,1.0,11.0,9.0,3.0,1.0,3.0,6.0,1.0,15.0,5.0,0.0,0.0,2.0,0.0,3.0,4.0,7.0,7.0,6.0,1.0,0.0,0.0,0.7777777777777778,0.14814814814814814,0.5555555555555556
297,2.5972222222222223,1.2854518822075949,72,1.0,5.0,900871748,900876328,4.0,0.7217861643860114,0.053009259259259256,68.37546713563421,0.0,2.264705882352941,1.9,0.0,0.0,2.857142857142857,3.3333333333333335,0.0,2.7333333333333334,1.0,3.0,2.2,3.0,0.0,2.7142857142857144,2.0,1.625,2.5294117647058822,2.5,0.0,0.0,34.0,10.0,0.0,0.0,7.0,27.0,0.0,30.0,1.0,2.0,5.0,1.0,0.0,14.0,8.0,8.0,68.0,2.0,0.0,0.0,0.0,0.2777777777777778,0.4722222222222222,0.3472222222222222
298,2.363684771033014,1.0824494702981018,939,0.5,5.0,1447516816,1479065495,4.5,0.8457020998520086,365.1467476851852,2.5645455160709414,0.0,2.5256849315068495,2.567757009345794,2.8035714285714284,1.8194444444444444,2.197834645669291,2.696969696969697,2.9545454545454546,2.4491017964071857,2.3672566371681416,3.625,2.358695652173913,2.4262295081967213,2.6153846153846154,2.641509433962264,1.941358024691358,2.7102564102564104,2.497297297297297,2.6,2.5,0.0,292.0,214.0,56.0,36.0,508.0,132.0,11.0,334.0,113.0,4.0,46.0,61.0,13.0,53.0,162.0,195.0,185.0,20.0,10.0,0.0,0.0,0.09052183173588925,0.3887113951011715,0.046858359957401494
299,3.652173913043478,0.7751067757631794,23,2.0,5.0,974620129,974620462,3.0,1.1427176976522682,0.0038541666666666668,22.911694510739856,0.0,3.6923076923076925,3.5714285714285716,0.0,3.0,4.0,3.5,0.0,4.2,2.5,0.0,3.75,0.0,0.0,3.0,3.0,3.4,3.625,4.0,4.0,0.0,13.0,7.0,0.0,1.0,2.0,2.0,0.0,5.0,2.0,0.0,8.0,0.0,0.0,2.0,1.0,5.0,8.0,2.0,1.0,0.0,0.0,0.6521739130434783,0.08695652173913043,0.08695652173913043
300,4.296875,0.6581912532132674,32,3.0,5.0,1425351440,1425352220,2.0,1.3189284310019804,0.009027777777777777,31.7136958017894,0.0,4.0,5.0,0.0,0.0,4.333333333333333,4.1875,0.0,4.351851851851852,5.0,4.0,3.5,4.0,0.0,3.625,4.375,4.2,4.2272727272727275,4.5,3.5,0.0,7.0,1.0,0.0,0.0,6.0,8.0,0.0,27.0,1.0,1.0,3.0,3.0,0.0,4.0,8.0,5.0,11.0,5.0,1.0,1.0,1.0,0.84375,0.0,0.375
301,3.3201754385964914,1.2177289048729525,114,0.5,5.0,1211376060,1211379829,4.5,0.7588814332766071,0.04362268518518519,109.23488116758533,0.0,2.661290322580645,3.103448275862069,3.6666666666666665,3.090909090909091,3.230769230769231,3.9047619047619047,0.0,3.7636363636363637,3.107142857142857,0.0,0.75,3.0,3.5,3.5714285714285716,3.3333333333333335,2.7142857142857144,3.08974358974359,3.0,4.5,0.0,31.0,29.0,6.0,11.0,39.0,21.0,0.0,55.0,14.0,0.0,4.0,7.0,3.0,7.0,30.0,14.0,39.0,6.0,1.0,0.0,0.0,0.5350877192982456,0.18421052631578946,0.043859649122807015
302,4.0,0.9158109397792509,32,2.0,5.0,854472021,854473396,3.0,0.9844351550469747,0.015914351851851853,31.498718313870693,0.0,3.8333333333333335,4.0,0.0,0.0,4.142857142857143,4.0,0.0,4.266666666666667,0.0,0.0,0.0,0.0,0.0,3.5,4.0,4.2,3.8125,4.0,3.0,0.0,12.0,7.0,0.0,0.0,7.0,10.0,0.0,15.0,0.0,0.0,0.0,0.0,0.0,4.0,6.0,5.0,16.0,1.0,2.0,0.0,0.0,0.65625,0.03125,0.375
303,3.9056603773584904,1.0380112446292564,53,1.0,5.0,1053302756,1053303341,4.0,0.8787259394135265,0.0067708333333333336,52.64355923435075,0.0,4.258620689655173,4.195652173913044,0.0,5.0,3.4615384615384617,3.0,0.0,3.2857142857142856,3.0,0.0,3.8,5.0,0.0,3.6666666666666665,2.75,4.243589743589744,4.0,3.0,0.0,0.0,29.0,23.0,0.0,1.0,13.0,2.0,0.0,14.0,1.0,0.0,5.0,1.0,0.0,3.0,4.0,39.0,19.0,1.0,0.0,0.0,0.0,0.49056603773584906,0.07547169811320754,0.41509433962264153
304,3.8703703703703702,0.9653782735409879,216,1.0,5.0,878039260,947131768,4.0,0.938633746186985,799.6818055555556,0.26977008657031704,0.0,3.8372093023255816,3.984375,3.857142857142857,3.7916666666666665,3.763157894736842,3.607142857142857,0.0,3.9767441860465116,3.739130434782609,0.0,3.5,4.0,3.642857142857143,3.888888888888889,3.890909090909091,4.098039215686274,3.8363636363636364,4.214285714285714,3.5714285714285716,0.0,86.0,64.0,14.0,24.0,76.0,28.0,0.0,86.0,23.0,0.0,10.0,3.0,14.0,9.0,55.0,51.0,55.0,14.0,7.0,0.0,0.0,0.7361111111111112,0.10185185185185185,0.2824074074074074
305,3.9246676514032495,0.9179811672385672,677,0.5,5.0,1460134079,1537354985,4.5,0.9823364441138495,893.7604861111112,0.7566270644588236,0.0,3.8268551236749118,3.6484848484848484,3.925925925925926,3.6857142857142855,4.038922155688622,4.17,0.0,3.9983552631578947,3.4782608695652173,4.25,4.046875,3.3392857142857144,4.136363636363637,3.757575757575758,3.8028169014084505,3.7634730538922154,3.8835341365461846,4.420454545454546,4.5,0.0,283.0,165.0,27.0,35.0,167.0,150.0,0.0,304.0,69.0,4.0,64.0,56.0,11.0,66.0,71.0,167.0,249.0,44.0,14.0,8.0,8.0,0.6174298375184638,0.03545051698670606,0.27326440177252587
306,3.3169642857142856,0.7290482989051014,112,2.0,5.0,1518326983,1518381253,3.0,1.2062023422768846,0.628125,68.79078694817659,0.0,3.4,3.5161290322580645,3.5694444444444446,3.466666666666667,3.4191176470588234,3.9375,0.0,3.0588235294117645,3.2777777777777777,0.0,3.022727272727273,3.357142857142857,3.4166666666666665,3.1666666666666665,3.3653846153846154,3.2777777777777777,2.966666666666667,0.0,3.0,0.0,20.0,31.0,36.0,30.0,68.0,8.0,0.0,17.0,18.0,0.0,22.0,7.0,6.0,3.0,26.0,9.0,15.0,0.0,2.0,0.0,0.0,0.30357142857142855,0.09821428571428571,0.044642857142857144
307,2.6656410256410257,1.0967091779056273,975,0.5,5.0,1186083418,1244814311,4.5,0.8356249107657969,679.7557060185185,1.4322318437878465,0.0,2.842767295597484,3.049019607843137,3.2888888888888888,2.702127659574468,2.5453667953667956,3.0964285714285715,2.6,2.972140762463343,2.9299065420560746,3.5,2.0652173913043477,3.3823529411764706,2.9479166666666665,2.8680555555555554,2.6270718232044197,2.8273809523809526,2.690582959641256,3.235294117647059,3.409090909090909,0.0,159.0,153.0,45.0,94.0,518.0,140.0,5.0,341.0,107.0,5.0,138.0,17.0,48.0,72.0,181.0,84.0,223.0,17.0,11.0,0.0,0.0,0.19179487179487179,0.36512820512820515,0.07487179487179488
308,2.4260869565217393,1.4988935660002,115,0.5,5.0,1421373674,1421375774,4.5,0.6254324998640184,0.024305555555555556,112.27118644067797,0.0,2.0285714285714285,3.3333333333333335,3.1666666666666665,3.16,2.5833333333333335,1.2727272727272727,2.0,2.1931818181818183,3.7083333333333335,0.0,0.75,3.6153846153846154,3.375,1.25,2.782608695652174,2.7058823529411766,1.5,1.1666666666666667,0.0,0.0,35.0,42.0,18.0,25.0,36.0,22.0,2.0,44.0,24.0,0.0,4.0,13.0,8.0,8.0,23.0,17.0,28.0,6.0,0.0,0.0,0.0,0.2608695652173913,0.48695652173913045,0.43478260869565216
309,3.8398058252427183,0.8019999273660477,103,0.5,5.0,1086563208,1172334543,4.5,1.1086475393852022,992.7237847222223,0.10365053305913555,0.0,3.9375,3.925,4.0,3.75,4.041666666666667,3.8055555555555554,0.0,3.8533333333333335,3.6666666666666665,3.875,2.875,2.25,4.5,3.5,3.888888888888889,3.2857142857142856,3.58,4.09375,4.3,0.0,16.0,20.0,1.0,4.0,12.0,18.0,0.0,75.0,9.0,8.0,4.0,2.0,1.0,14.0,18.0,7.0,25.0,16.0,5.0,0.0,0.0,0.6990291262135923,0.04854368932038835,0.08737864077669903
310,3.53125,1.388372920032426,64,0.5,5.0,1078647786,1078649978,4.5,0.671874626675023,0.02537037037037037,62.416471013184044,0.0,3.1315789473684212,3.076923076923077,4.333333333333333,4.333333333333333,3.3684210526315788,3.1818181818181817,4.0,3.7916666666666665,3.5,0.0,2.0,0.0,3.5,3.8333333333333335,3.5,3.5,2.7222222222222223,4.642857142857143,4.0,0.0,19.0,13.0,6.0,6.0,38.0,11.0,1.0,24.0,2.0,0.0,1.0,0.0,2.0,3.0,15.0,4.0,9.0,7.0,3.0,0.0,0.0,0.609375,0.1875,0.21875
311,2.3392857142857144,1.2623726296480988,28,0.5,4.5,1057854230,1057854932,4.0,0.734013571792249,0.008125,27.7743335399876,0.0,2.4,3.125,3.0,3.0,1.4615384615384615,2.5,0.0,2.4285714285714284,1.6666666666666667,0.0,2.75,3.5,2.0,1.5,1.9444444444444444,3.0,2.625,1.75,2.75,0.0,10.0,4.0,1.0,1.0,13.0,1.0,0.0,14.0,3.0,0.0,2.0,1.0,1.0,1.0,9.0,4.0,4.0,4.0,2.0,0.0,0.0,0.14285714285714285,0.39285714285714285,0.10714285714285714
312,3.708520179372197,0.8648642336280172,223,1.0,5.0,1043175521,1043177906,4.0,1.0364152438730863,0.027604166666666666,217.00963000506843,0.0,3.5277777777777777,3.6923076923076925,0.0,4.0,3.5,3.8666666666666667,5.0,3.9130434782608696,3.8125,4.2,3.4383561643835616,4.0,3.4,3.5625,3.739130434782609,3.5977011494252875,3.5348837209302326,4.318181818181818,3.6666666666666665,0.0,72.0,52.0,0.0,2.0,48.0,30.0,1.0,92.0,16.0,5.0,73.0,1.0,5.0,32.0,23.0,87.0,86.0,22.0,3.0,0.0,0.0,0.6278026905829597,0.06726457399103139,0.18385650224215247
313,3.4323529411764704,1.2520709895891189,340,1.0,5.0,1030474503,1030558439,4.0,0.7396061358463805,0.9714814814814815,172.45913958294193,0.0,3.48,3.425925925925926,2.9375,2.3703703703703702,2.9306930693069306,3.6315789473684212,0.0,3.606741573033708,3.234375,3.25,3.772727272727273,4.0,2.4444444444444446,3.6333333333333333,3.342857142857143,3.3934426229508197,3.7058823529411766,3.6363636363636362,2.7142857142857144,0.0,150.0,108.0,16.0,27.0,101.0,57.0,0.0,89.0,64.0,4.0,66.0,1.0,9.0,30.0,35.0,122.0,119.0,11.0,7.0,0.0,0.0,0.5235294117647059,0.22941176470588234,0.3323529411764706
314,3.046875,0.9037051902396827,128,1.0,5.0,834241286,852051252,4.0,0.9963084875163414,206.13386574074073,0.6179578580366539,0.0,2.82,2.8421052631578947,3.125,3.1538461538461537,3.0625,3.0,0.0,3.4,3.2142857142857144,0.0,2.8333333333333335,3.6666666666666665,3.1666666666666665,3.0,3.357142857142857,2.9615384615384617,2.710526315789474,3.7142857142857144,2.6,0.0,50.0,38.0,8.0,13.0,48.0,18.0,0.0,45.0,14.0,0.0,6.0,3.0,6.0,8.0,28.0,26.0,38.0,7.0,5.0,0.0,0.0,0.2421875,0.1953125,0.125
315,3.3636363636363638,0.8222751143238886,33,2.0,5.0,939919420,939922322,3.0,1.084275163092838,0.033587962962962965,31.927616402768134,0.0,3.0,3.142857142857143,3.0,3.0,3.375,4.0,0.0,3.7777777777777777,3.3333333333333335,0.0,2.3333333333333335,0.0,3.2,0.0,4.0,2.6,2.3333333333333335,3.6666666666666665,3.0,0.0,5.0,7.0,1.0,3.0,8.0,1.0,0.0,18.0,3.0,0.0,3.0,0.0,5.0,0.0,8.0,5.0,3.0,3.0,5.0,0.0,0.0,0.3939393939393939,0.12121212121212122,0.09090909090909091
316,3.0,0.7721099961494126,53,1.5,4.5,1111493100,1111493768,3.0,1.1466443503861374,0.0077314814814814815,52.59337529287453,0.0,2.857142857142857,2.6666666666666665,2.1666666666666665,2.3333333333333335,2.94,3.2222222222222223,3.0,3.0714285714285716,2.8333333333333335,3.5,3.0,0.0,2.7,3.3,2.4285714285714284,3.357142857142857,3.176470588235294,0.0,0.0,0.0,14.0,9.0,3.0,6.0,25.0,9.0,1.0,14.0,9.0,1.0,9.0,0.0,5.0,5.0,7.0,7.0,17.0,0.0,0.0,0.0,0.0,0.1509433962264151,0.1320754716981132,0.0
317,3.7301587301587302,0.9926273304840598,189,2.0,5.0,1430361374,1430611255,3.0,0.9152251386179185,2.8921412037037038,48.55938932024111,0.0,3.6037735849056602,3.142857142857143,3.0,3.0,3.6857142857142855,3.9166666666666665,3.8333333333333335,3.7768595041322315,3.0,3.4,3.6363636363636362,3.5384615384615383,4.0,3.8333333333333335,4.090909090909091,3.473684210526316,3.728395061728395,3.9375,3.0,0.0,53.0,21.0,2.0,2.0,35.0,72.0,6.0,121.0,4.0,5.0,11.0,13.0,1.0,24.0,22.0,19.0,81.0,16.0,2.0,0.0,0.0,0.582010582010582,0.12169312169312169,0.2698412698412698
318,3.755972696245734,0.5446009001862964,879,2.0,5.0,1233952300,1536523457,3.0,1.5513475077540066,3501.980983796296,0.25092913837271213,4.25,3.547727272727273,3.566666666666667,3.741758241758242,3.676470588235294,3.811355311355311,3.761029411764706,4.017045454545454,3.8300492610837438,3.581081081081081,3.8666666666666667,3.370967741935484,3.5833333333333335,3.5892857142857144,3.6875,3.6952380952380954,3.5448717948717947,3.6223958333333335,3.852272727272727,4.05,2.0,220.0,180.0,91.0,68.0,273.0,136.0,88.0,406.0,111.0,15.0,31.0,60.0,28.0,72.0,105.0,156.0,192.0,44.0,10.0,41.0,39.0,0.5073947667804323,0.0011376564277588168,0.03526734926052332
319,4.428571428571429,0.5442595772193248,35,3.5,5.0,1461351487,1461454255,1.5,1.552169397800928,1.1894444444444445,15.985790408525753,0.0,4.375,4.321428571428571,4.5,4.5,4.15,4.785714285714286,0.0,4.525,4.083333333333333,0.0,0.0,4.4375,4.5,4.75,4.25,4.333333333333333,4.75,4.5,0.0,0.0,12.0,14.0,10.0,8.0,10.0,7.0,0.0,20.0,6.0,0.0,0.0,8.0,5.0,2.0,10.0,9.0,4.0,3.0,0.0,3.0,3.0,0.8571428571428571,0.0,0.37142857142857144
320,3.525,0.7859791077978707,20,0.5,4.0,1284250624,1284251670,3.5,1.1286947865909975,0.012106481481481482,19.760766644557783,0.0,3.53125,3.625,3.6,3.5,3.5833333333333335,3.75,4.0,3.0,3.75,0.0,4.0,3.8333333333333335,0.0,4.0,3.5,3.6875,3.5,0.0,0.0,0.0,16.0,8.0,5.0,3.0,6.0,2.0,1.0,4.0,2.0,0.0,1.0,3.0,0.0,1.0,1.0,8.0,3.0,0.0,0.0,0.0,0.0,0.45,0.05,0.0
321,3.5714285714285716,0.6837634587578276,56,3.0,5.0,843212359,843212762,2.0,1.2758951553889508,0.004664351851851852,55.74000898586454,0.0,3.7058823529411766,3.8666666666666667,3.3333333333333335,3.375,3.5,3.625,0.0,3.823529411764706,3.7142857142857144,0.0,3.5,3.6666666666666665,3.3333333333333335,3.6666666666666665,3.5625,3.7777777777777777,3.5789473684210527,4.0,0.0,0.0,17.0,15.0,3.0,8.0,28.0,8.0,0.0,17.0,7.0,0.0,2.0,3.0,3.0,3.0,16.0,9.0,19.0,2.0,0.0,0.0,0.0,0.4642857142857143,0.0,0.10714285714285714
322,3.411214953271028,0.9610653584280919,107,0.5,5.0,1217674947,1217677759,4.5,0.9424490132082374,0.032546296296296295,103.62731471102542,0.0,3.4,3.4473684210526314,2.875,3.0,3.3444444444444446,3.473684210526316,4.0,3.4903846153846154,3.0357142857142856,3.5,3.0,3.5,2.75,3.8333333333333335,3.4545454545454546,3.1818181818181817,3.767857142857143,3.9,0.0,0.0,20.0,19.0,4.0,7.0,45.0,19.0,1.0,52.0,14.0,2.0,4.0,3.0,2.0,9.0,22.0,11.0,28.0,5.0,0.0,0.0,0.0,0.3644859813084112,0.102803738317757,0.102803738317757
323,3.173469387755102,0.7998132540295083,98,1.5,5.0,1422640055,1422640930,3.5,1.1113417095401066,0.010127314814814815,97.01747350329418,0.0,2.896551724137931,3.1956521739130435,3.75,3.4545454545454546,3.3076923076923075,3.34375,0.0,3.3,3.25,0.0,2.9,2.8333333333333335,3.875,3.25,3.2222222222222223,2.847826086956522,3.2,3.375,2.5,0.0,29.0,23.0,6.0,11.0,26.0,16.0,0.0,50.0,8.0,0.0,5.0,9.0,4.0,6.0,18.0,23.0,25.0,8.0,2.0,0.0,0.0,0.24489795918367346,0.11224489795918367,0.02040816326530612
324,3.142857142857143,1.2363540870525034,21,1.0,5.0,974906429,974906742,4.0,0.748304666920745,0.0036226851851851854,20.924198217107005,0.0,4.0,3.0,0.0,0.0,3.090909090909091,3.4,0.0,3.1666666666666665,3.0,0.0,0.0,0.0,4.0,0.0,3.25,3.5,3.0,0.0,2.0,0.0,3.0,4.0,0.0,0.0,11.0,5.0,0.0,12.0,2.0,0.0,0.0,0.0,1.0,0.0,4.0,2.0,5.0,0.0,1.0,0.0,0.0,0.47619047619047616,0.2857142857142857,0.23809523809523808
325,3.5444444444444443,0.9225926509052288,270,1.0,5.0,1039395381,1039399746,4.0,0.977906499831356,0.050520833333333334,257.0153693604363,0.0,3.1372549019607843,3.34,3.3333333333333335,3.5,3.336448598130841,3.7636363636363637,2.0,3.8306451612903225,3.5,4.444444444444445,3.6538461538461537,0.0,3.3636363636363638,3.6206896551724137,3.230769230769231,3.5384615384615383,3.4555555555555557,3.625,3.5,0.0,51.0,50.0,6.0,12.0,107.0,55.0,1.0,124.0,28.0,9.0,26.0,0.0,11.0,29.0,39.0,39.0,90.0,8.0,4.0,0.0,0.0,0.5814814814814815,0.14074074074074075,0.14074074074074075
326,4.016447368421052,0.8940897979218843,152,0.5,5.0,1322250492,1463936893,4.5,1.0059453402403595,1639.888900462963,0.09263271873989426,0.0,4.1,4.14,0.0,0.0,3.7777777777777777,4.1875,4.5,4.090163934426229,3.357142857142857,3.0,3.625,3.5,5.0,3.3823529411764706,4.111111111111111,4.142857142857143,4.009433962264151,4.354166666666667,4.5,0.0,35.0,25.0,0.0,0.0,18.0,40.0,4.0,122.0,7.0,2.0,4.0,5.0,1.0,17.0,18.0,7.0,53.0,24.0,1.0,0.0,0.0,0.7171052631578947,0.06578947368421052,0.18421052631578946
327,4.104166666666667,0.939433585195307,48,1.0,5.0,1234787202,1234790048,4.0,0.9620624292336124,0.03293981481481482,46.469309548887345,0.0,3.142857142857143,3.2142857142857144,3.125,3.8,4.232142857142857,3.7142857142857144,0.0,4.233333333333333,3.0,0.0,3.9,4.0,2.0,4.0,4.6875,4.25,3.6,5.0,5.0,0.0,7.0,7.0,4.0,5.0,28.0,14.0,0.0,15.0,3.0,0.0,5.0,2.0,1.0,4.0,8.0,2.0,5.0,1.0,1.0,7.0,5.0,0.6458333333333334,0.0625,0.375
328,3.2254901960784315,1.2577074408594668,255,0.5,5.0,1494206963,1494212262,4.5,0.7365356997432171,0.06133101851851852,240.26434312260767,0.0,3.10625,3.244565217391304,3.1666666666666665,3.341666666666667,3.2653061224489797,3.2127659574468086,3.0,3.2241379310344827,3.5,2.0,3.4166666666666665,2.84,3.1785714285714284,2.861111111111111,2.9857142857142858,3.0638297872340425,3.01,3.375,2.642857142857143,0.0,80.0,92.0,51.0,60.0,98.0,47.0,1.0,87.0,53.0,1.0,12.0,25.0,28.0,18.0,35.0,47.0,50.0,12.0,7.0,0.0,0.0,0.3764705882352941,0.23529411764705882,0.2196078431372549
329,2.869565217391304,1.7465380777174588,23,0.5,5.0,1523468200,1523468413,4.5,0.5415539555166494,0.0024652777777777776,22.943438052024522,0.0,1.25,2.5,0.0,0.0,3.111111111111111,2.25,0.0,3.4583333333333335,2.75,3.0,3.5,0.0,5.0,2.6666666666666665,0.0,0.5,2.9285714285714284,3.0,2.0,0.0,2.0,3.0,0.0,0.0,9.0,12.0,0.0,12.0,2.0,2.0,4.0,0.0,1.0,3.0,0.0,1.0,7.0,1.0,1.0,0.0,0.0,0.43478260869565216,0.5217391304347826,0.2608695652173913
330,3.6902834008097165,1.050661193605121,247,0.5,5.0,1285903216,1288837313,4.5,0.8690655473197229,33.959456018518516,7.065327328582018,0.0,3.5065789473684212,3.6779661016949152,3.9642857142857144,3.7916666666666665,3.6510416666666665,3.75,0.0,3.8333333333333335,3.7162162162162162,0.0,4.157894736842105,3.625,3.9642857142857144,3.85,3.65,3.406779661016949,3.5234375,3.9615384615384617,4.125,0.0,76.0,59.0,14.0,24.0,96.0,44.0,0.0,105.0,37.0,0.0,19.0,8.0,14.0,20.0,40.0,59.0,64.0,13.0,4.0,0.0,0.0,0.5668016194331984,0.0931174089068826,0.17408906882591094
331,3.6279761904761907,1.0439403472093167,168,0.5,5.0,1537157510,1537235394,4.5,0.8741714569641115,0.9014351851851852,88.35431326239926,0.0,3.3863636363636362,3.3706896551724137,3.25,3.125,3.6140350877192984,3.9878048780487805,2.5,4.0625,3.2884615384615383,5.0,3.8333333333333335,3.75,3.1666666666666665,3.7083333333333335,3.36,3.3714285714285714,3.6875,3.6666666666666665,5.0,0.0,66.0,58.0,18.0,16.0,57.0,41.0,1.0,72.0,26.0,1.0,12.0,16.0,6.0,12.0,25.0,35.0,56.0,9.0,3.0,0.0,0.0,0.5416666666666666,0.125,0.21428571428571427
332,3.599250936329588,0.7127196935726291,267,1.0,5.0,1352670921,1352674542,4.0,1.230436530464897,0.04190972222222222,256.26020595194456,0.0,3.4017857142857144,3.533333333333333,3.772727272727273,3.8333333333333335,3.6176470588235294,3.824074074074074,4.0,3.77734375,3.4594594594594597,3.875,3.566666666666667,3.4,3.642857142857143,3.9210526315789473,3.6973684210526314,3.2142857142857144,3.4873417721518987,3.76,3.25,0.0,112.0,75.0,11.0,12.0,68.0,54.0,1.0,128.0,37.0,4.0,15.0,20.0,7.0,19.0,38.0,70.0,79.0,25.0,6.0,0.0,0.0,0.46441947565543074,0.06367041198501873,0.026217228464419477
333,2.64,1.2543258481484523,25,1.0,5.0,965671389,965671775,4.0,0.7383747429521013,0.0044675925925925924,24.888806950429792,0.0,3.2,2.5,2.0,1.5,2.5833333333333335,3.0,0.0,3.3,1.0,0.0,2.0,0.0,0.0,0.0,3.75,1.5,1.75,3.0,4.0,0.0,5.0,6.0,1.0,2.0,12.0,2.0,0.0,10.0,1.0,0.0,2.0,0.0,0.0,0.0,4.0,2.0,4.0,2.0,1.0,0.0,0.0,0.24,0.44,0.32
334,3.418831168831169,0.5467395313132074,154,0.5,4.5,1225476620,1354983704,4.0,1.5462175289787772,1498.9245833333334,0.102671828778058,0.0,3.4270833333333335,3.5254237288135593,3.7,3.6363636363636362,3.5307692307692307,3.46875,3.5,3.4285714285714284,3.5833333333333335,0.0,2.95,3.5,3.2222222222222223,2.933333333333333,3.6,3.4827586206896552,3.1818181818181817,3.1,3.5,0.0,48.0,59.0,25.0,22.0,65.0,16.0,1.0,56.0,30.0,0.0,10.0,9.0,9.0,15.0,40.0,29.0,33.0,5.0,1.0,0.0,0.0,0.23376623376623376,0.045454545454545456,0.0
335,3.6785714285714284,1.2781227967601092,28,0.5,5.0,1261541252,1261542421,4.5,0.7256247428392774,0.013530092592592592,27.626214756363556,0.0,4.3,4.666666666666667,0.0,0.0,3.1666666666666665,3.9285714285714284,0.0,3.8333333333333335,0.0,0.0,3.0,0.0,0.0,5.0,3.75,4.0,4.4375,3.6666666666666665,4.25,0.0,10.0,3.0,0.0,0.0,15.0,7.0,0.0,9.0,0.0,0.0,2.0,0.0,0.0,1.0,6.0,5.0,8.0,3.0,2.0,0.0,0.0,0.5714285714285714,0.10714285714285714,0.32142857142857145
336,4.321428571428571,0.6496752435470524,56,2.5,5.0,1120567987,1139047287,2.5,1.3339109282421386,213.88078703703704,0.2606096188131878,0.0,4.2631578947368425,4.1875,3.875,4.333333333333333,4.15,4.444444444444445,0.0,4.4,4.0,4.0,4.25,4.0,2.5,4.428571428571429,4.2,5.0,4.368421052631579,4.142857142857143,5.0,0.0,19.0,8.0,4.0,3.0,20.0,18.0,0.0,30.0,5.0,1.0,4.0,1.0,2.0,7.0,15.0,3.0,19.0,7.0,1.0,10.0,10.0,0.8392857142857143,0.0,0.3392857142857143
337,4.207792207792208,0.8002904462503195,77,3.0,5.0,860255715,860256159,2.0,1.1107526511749264,0.005138888888888889,76.60632858919442,0.0,4.521739130434782,4.357142857142857,4.0,4.2,3.772727272727273,4.153846153846154,0.0,4.228571428571429,4.4,0.0,4.0,0.0,4.0,4.5,4.428571428571429,4.5,4.357142857142857,4.333333333333333,4.0,0.0,23.0,14.0,1.0,5.0,22.0,13.0,0.0,35.0,5.0,0.0,2.0,0.0,2.0,6.0,14.0,10.0,28.0,3.0,2.0,0.0,0.0,0.7662337662337663,0.0,0.44155844155844154
338,2.9358974358974357,1.4963969321932806,39,1.0,5.0,1530148305,1530148487,4.0,0.6264106249728917,0.0021064814814814813,38.91801991175995,0.0,2.375,2.2777777777777777,1.5,2.0,2.857142857142857,4.090909090909091,2.0,3.5277777777777777,2.6666666666666665,0.0,3.3333333333333335,2.5,0.0,3.4,2.75,2.25,3.5,3.6666666666666665,0.0,0.0,12.0,9.0,4.0,3.0,7.0,11.0,2.0,18.0,3.0,0.0,3.0,1.0,0.0,5.0,2.0,8.0,11.0,3.0,0.0,0.0,0.0,0.38461538461538464,0.358974358974359,0.358974358974359
339,4.070080862533692,0.762602049128817,371,2.0,5.0,1460182050,1507760159,3.0,1.1592831259906555,550.6725578703704,0.6725003712930306,0.0,3.75,3.7443181818181817,3.9705882352941178,3.736842105263158,3.943820224719101,4.295454545454546,4.2,4.231651376146789,3.3676470588235294,4.5,4.160714285714286,3.3378378378378377,3.1666666666666665,4.190476190476191,4.180851063829787,3.971014492753623,4.222222222222222,4.267441860465116,4.166666666666667,0.0,100.0,88.0,17.0,19.0,89.0,66.0,15.0,218.0,34.0,5.0,28.0,37.0,3.0,42.0,47.0,69.0,117.0,43.0,6.0,0.0,0.0,0.7142857142857143,0.01078167115902965,0.215633423180593
340,4.214285714285714,0.6862211530545173,28,3.0,5.0,848666212,848666436,2.0,1.2719067607313017,0.0025925925925925925,27.92759512375323,0.0,4.1875,4.454545454545454,4.0,4.0,3.75,4.125,0.0,4.25,4.0,0.0,4.0,4.5,4.0,4.0,3.5,4.375,4.2,4.0,5.0,0.0,16.0,11.0,1.0,1.0,4.0,8.0,0.0,12.0,1.0,0.0,1.0,2.0,1.0,1.0,2.0,8.0,15.0,3.0,1.0,0.0,0.0,0.8571428571428571,0.0,0.35714285714285715
341,3.798076923076923,0.6512402600574987,52,2.0,5.0,1439750914,1522174614,3.0,1.3311320667551305,953.9780092592592,0.05445151563263164,0.0,3.75,3.8823529411764706,4.0,3.75,3.723684210526316,4.0,0.0,3.909090909090909,3.875,0.0,4.0,4.0,3.0,5.0,3.6875,3.45,3.9,4.0,3.5,0.0,16.0,17.0,5.0,8.0,38.0,7.0,0.0,11.0,8.0,0.0,1.0,1.0,1.0,1.0,8.0,10.0,10.0,2.0,1.0,2.0,2.0,0.5961538461538461,0.019230769230769232,0.057692307692307696
342,2.9393939393939394,0.857165056877574,66,1.0,5.0,1042821145,1042822262,4.0,1.0447518876860804,0.01292824074074074,65.15762651827644,0.0,3.1818181818181817,3.0,3.0,2.375,2.911764705882353,3.25,0.0,3.08,2.4,0.0,2.625,0.0,0.0,3.0,2.7777777777777777,2.4444444444444446,3.2777777777777777,0.0,2.0,0.0,11.0,12.0,3.0,8.0,34.0,8.0,0.0,25.0,5.0,0.0,8.0,0.0,0.0,4.0,9.0,9.0,18.0,0.0,1.0,0.0,0.0,0.22727272727272727,0.2727272727272727,0.07575757575757576
343,4.059322033898305,0.8664470941263117,59,1.5,5.0,1202060229,1202061421,3.5,1.0347177885655716,0.013796296296296296,58.19709562517125,0.0,3.7666666666666666,3.8666666666666667,3.5,4.0,3.8461538461538463,4.119047619047619,4.333333333333333,4.15,3.75,4.0,3.625,0.0,0.0,4.0,3.857142857142857,3.888888888888889,4.25,5.0,5.0,0.0,15.0,15.0,8.0,3.0,13.0,21.0,3.0,30.0,8.0,1.0,4.0,0.0,0.0,7.0,7.0,9.0,18.0,2.0,1.0,0.0,0.0,0.711864406779661,0.03389830508474576,0.2542372881355932
344,3.7681159420289854,1.3077250963165892,69,0.5,5.0,1420495238,1420497469,4.5,0.7103659674865281,0.02582175925925926,67.26314720583092,0.0,4.225806451612903,4.392857142857143,4.5,4.357142857142857,4.083333333333333,3.642857142857143,0.0,3.3846153846153846,4.1875,1.5,1.6,3.9285714285714284,4.5,2.9,3.9642857142857144,4.134615384615385,3.4473684210526314,3.875,4.75,0.0,31.0,28.0,8.0,7.0,18.0,7.0,0.0,26.0,8.0,1.0,5.0,7.0,2.0,10.0,14.0,26.0,19.0,4.0,2.0,0.0,0.0,0.6376811594202898,0.17391304347826086,0.391304347826087
345,3.903225806451613,0.7003436491209821,62,2.5,5.0,1342826717,1342829007,2.5,1.2494632788031748,0.026504629629629628,60.39914308264743,0.0,3.9285714285714284,3.75,0.0,3.0,3.8653846153846154,3.75,0.0,3.926470588235294,4.166666666666667,0.0,3.7916666666666665,0.0,4.0,3.7,4.021739130434782,3.9444444444444446,3.7222222222222223,4.25,0.0,0.0,7.0,8.0,0.0,1.0,26.0,2.0,0.0,34.0,3.0,0.0,12.0,0.0,2.0,5.0,23.0,9.0,9.0,2.0,0.0,0.0,0.0,0.5806451612903226,0.0,0.16129032258064516
346,3.682926829268293,0.6761139189685519,164,1.0,5.0,1094645736,1172693230,4.0,1.288470642723417,903.3274768518519,0.18135023450898274,0.0,3.357142857142857,3.3333333333333335,4.0,0.0,3.4027777777777777,3.641025641025641,4.0,3.73109243697479,3.55,3.8333333333333335,3.8541666666666665,0.0,3.5,3.75,3.767857142857143,3.25,3.6770833333333335,3.9,3.5,0.0,14.0,6.0,1.0,0.0,36.0,39.0,2.0,119.0,10.0,6.0,24.0,0.0,1.0,28.0,28.0,4.0,48.0,5.0,1.0,0.0,0.0,0.524390243902439,0.024390243902439025,0.024390243902439025
347,3.5555555555555554,0.5860327153276884,45,3.0,5.0,847645537,847645986,2.0,1.4576564319127885,0.0051967592592592595,44.76735483425256,0.0,3.3529411764705883,3.6470588235294117,4.25,4.0,3.7222222222222223,3.0,0.0,3.6,4.0,0.0,4.0,4.0,4.0,3.25,3.75,3.3333333333333335,3.5,3.3333333333333335,3.0,0.0,17.0,17.0,4.0,6.0,18.0,4.0,0.0,15.0,5.0,0.0,1.0,3.0,3.0,4.0,12.0,9.0,16.0,3.0,2.0,0.0,0.0,0.5111111111111111,0.0,0.044444444444444446
348,4.672727272727273,0.4326723786023175,55,3.5,5.0,1378849865,1378851576,1.5,1.8773265522494453,0.01980324074074074,53.93197217146554,0.0,4.5625,4.545454545454546,0.0,0.0,4.653846153846154,4.785714285714286,4.0,4.705882352941177,4.7,0.0,4.666666666666667,4.75,4.5,4.666666666666667,4.875,4.875,4.84375,4.642857142857143,4.0,0.0,16.0,11.0,0.0,0.0,13.0,21.0,1.0,34.0,5.0,0.0,3.0,2.0,1.0,9.0,8.0,4.0,16.0,7.0,1.0,0.0,0.0,0.9636363636363636,0.0,0.5636363636363636
349,3.72972972972973,0.8044545649986375,37,2.0,5.0,834750311,834751386,3.0,1.105638733772665,0.01244212962962963,36.54529865675908,0.0,3.9,3.4285714285714284,3.6666666666666665,3.8,3.6923076923076925,4.0,0.0,3.75,3.25,0.0,4.0,3.5,3.6666666666666665,0.0,3.8181818181818183,3.5,3.7857142857142856,4.0,3.5,0.0,10.0,7.0,3.0,5.0,13.0,8.0,0.0,20.0,4.0,0.0,2.0,2.0,3.0,0.0,11.0,2.0,14.0,4.0,2.0,0.0,0.0,0.5675675675675675,0.02702702702702703,0.1891891891891892
350,3.25,0.588348405414552,40,2.0,5.0,864940930,864941301,3.0,1.4527526934529011,0.004293981481481481,39.82897511841514,0.0,3.4,3.4,3.3333333333333335,3.25,3.1666666666666665,3.0,0.0,3.125,3.1666666666666665,0.0,3.0,0.0,3.0,3.5,3.0,3.7777777777777777,3.3125,0.0,0.0,0.0,15.0,15.0,3.0,4.0,18.0,4.0,0.0,8.0,6.0,0.0,2.0,0.0,2.0,2.0,8.0,9.0,16.0,0.0,0.0,0.0,0.0,0.275,0.05,0.025
351,3.6666666666666665,0.672592709134549,141,1.0,5.0,1325977864,1333037647,4.0,1.2943430454064089,81.71045138888888,1.7047422379191801,0.0,3.5961538461538463,3.576923076923077,3.5,3.1666666666666665,3.4833333333333334,3.9571428571428573,0.0,3.8152173913043477,3.409090909090909,4.0,3.2954545454545454,3.5,4.0,3.5789473684210527,3.706896551724138,3.59375,3.6551724137931036,4.0,0.0,0.0,26.0,13.0,4.0,6.0,30.0,35.0,0.0,92.0,11.0,1.0,22.0,9.0,3.0,19.0,29.0,16.0,58.0,7.0,0.0,0.0,0.0,0.48226950354609927,0.028368794326241134,0.03546099290780142
352,3.7806122448979593,0.8784478434363341,294,1.0,5.0,1493673464,1494710032,4.0,1.0220268834033852,11.997314814814814,22.620056849349226,0.0,3.5689655172413794,3.789772727272727,3.7083333333333335,3.2916666666666665,3.4153846153846152,3.7884615384615383,0.0,3.9444444444444446,3.588888888888889,3.0,3.9473684210526314,3.9210526315789473,3.1666666666666665,4.052631578947368,3.6,3.7865168539325844,3.75,4.666666666666667,3.875,0.0,116.0,88.0,12.0,12.0,65.0,52.0,0.0,126.0,45.0,2.0,38.0,38.0,3.0,38.0,35.0,89.0,116.0,12.0,4.0,0.0,0.0,0.5986394557823129,0.06462585034013606,0.17346938775510204
353,3.488888888888889,1.0835277843349094,90,1.0,5.0,831939568,831940625,4.0,0.844931579330819,0.012233796296296296,88.91226545616702,0.0,3.1470588235294117,3.2777777777777777,4.0,3.75,3.324324324324324,3.772727272727273,5.0,3.793103448275862,3.5,0.0,3.7142857142857144,4.0,3.6666666666666665,4.0,3.125,2.909090909090909,3.875,3.5,3.4,0.0,34.0,18.0,4.0,8.0,37.0,22.0,1.0,29.0,6.0,0.0,7.0,2.0,3.0,5.0,16.0,11.0,32.0,4.0,5.0,0.0,0.0,0.4666666666666667,0.16666666666666666,0.25555555555555554
354,3.734513274336283,0.5718228026240179,226,0.5,4.5,1200865291,1200953640,4.0,1.488487732321948,1.0225578703703704,111.73969522000125,0.0,3.6894736842105265,3.5,3.111111111111111,3.5,3.5972222222222223,3.965909090909091,3.6666666666666665,3.8333333333333335,3.642857142857143,4.5,3.75,2.95,3.5,3.8863636363636362,3.857142857142857,3.6666666666666665,3.7471264367816093,3.6666666666666665,3.6666666666666665,0.0,95.0,59.0,9.0,12.0,72.0,44.0,3.0,87.0,14.0,1.0,20.0,10.0,5.0,22.0,42.0,57.0,87.0,12.0,3.0,0.0,0.0,0.5530973451327433,0.022123893805309734,0.004424778761061947
355,3.8846153846153846,0.7656068482934608,26,3.0,5.0,974965199,974966389,2.0,1.1552588822182894,0.013773148148148149,25.64676332914716,0.0,4.111111111111111,3.9,3.0,3.0,3.5714285714285716,4.0,0.0,3.6666666666666665,3.0,0.0,0.0,0.0,5.0,5.0,4.142857142857143,4.0,4.333333333333333,3.0,4.0,0.0,9.0,10.0,2.0,4.0,14.0,3.0,0.0,6.0,5.0,0.0,0.0,0.0,2.0,1.0,7.0,9.0,3.0,1.0,1.0,0.0,0.0,0.6538461538461539,0.0,0.23076923076923078
356,4.02076124567474,0.7438998040683216,289,1.5,5.0,1228072581,1242881864,3.5,1.1849747981681493,171.40373842592592,1.6762977568735855,0.0,3.8384615384615386,3.8773584905660377,3.95,4.45,4.058659217877095,4.166666666666667,0.0,4.057823129251701,3.607142857142857,4.25,4.375,3.857142857142857,4.041666666666667,4.038461538461538,4.090277777777778,4.065789473684211,3.9901960784313726,4.0,4.333333333333333,0.0,65.0,53.0,10.0,10.0,179.0,45.0,0.0,147.0,28.0,2.0,4.0,7.0,12.0,13.0,72.0,38.0,51.0,14.0,3.0,5.0,5.0,0.6539792387543253,0.01730103806228374,0.22491349480968859
357,3.9569190600522193,0.7136279342277102,383,1.5,5.0,1348609755,1348628820,3.5,1.229063012627747,0.22065972222222222,313.7647560802162,0.0,3.8846153846153846,3.948529411764706,4.015625,4.0,3.7976190476190474,4.0,4.25,4.081005586592179,4.036363636363636,3.75,3.98,4.176470588235294,4.012195121951219,4.185185185185185,3.8990384615384617,3.789473684210526,3.9051724137931036,4.142857142857143,3.875,0.0,52.0,68.0,32.0,49.0,168.0,54.0,22.0,179.0,55.0,2.0,25.0,17.0,41.0,27.0,104.0,38.0,58.0,14.0,8.0,45.0,42.0,0.6292428198433421,0.015665796344647518,0.1566579634464752
358,3.2560975609756095,1.441015055522982,41,0.5,5.0,1339539145,1339546548,4.5,0.6489229267527338,0.08568287037037037,37.76425061032163,0.0,2.0,2.9166666666666665,4.0,4.0,2.96875,0.5,0.75,3.6346153846153846,4.0,0.0,2.5,3.5,2.25,3.25,3.8448275862068964,4.0,2.1666666666666665,2.75,0.0,0.0,3.0,6.0,1.0,1.0,16.0,1.0,2.0,26.0,5.0,0.0,2.0,1.0,2.0,4.0,29.0,5.0,6.0,2.0,0.0,0.0,0.0,0.5853658536585366,0.2682926829268293,0.1951219512195122
359,3.418918918918919,0.961687397687028,74,0.5,5.0,1192499103,1198114431,4.5,0.9418968353383312,64.99222222222222,1.1213442661593116,0.0,2.8095238095238093,3.3043478260869565,4.25,3.8333333333333335,3.2,3.7142857142857144,0.0,3.8289473684210527,3.4375,0.0,2.75,3.5,2.6666666666666665,3.625,3.710526315789474,2.9444444444444446,3.2954545454545454,4.75,3.1666666666666665,0.0,21.0,23.0,4.0,9.0,25.0,7.0,0.0,38.0,8.0,0.0,4.0,1.0,3.0,4.0,19.0,18.0,22.0,2.0,3.0,0.0,0.0,0.3783783783783784,0.08108108108108109,0.0945945945945946
360,3.36,1.5242484486898233,25,1.0,5.0,884997491,884997976,4.0,0.6156693582232666,0.005613425925925926,24.86044771824826,0.0,3.25,0.0,0.0,1.0,2.8333333333333335,4.166666666666667,0.0,3.4615384615384617,5.0,5.0,2.5,0.0,0.0,4.142857142857143,2.0,1.75,3.411764705882353,5.0,0.0,0.0,8.0,0.0,0.0,1.0,6.0,6.0,0.0,13.0,1.0,1.0,2.0,0.0,0.0,7.0,5.0,4.0,17.0,1.0,0.0,0.0,0.0,0.52,0.4,0.48
361,3.1804123711340204,0.8785213874338488,97,1.0,5.0,1204040659,1204048367,4.0,1.021950069607041,0.08921296296296297,89.05512815063544,0.0,3.24468085106383,3.0892857142857144,3.0,2.6666666666666665,3.375,3.1470588235294117,0.0,3.090909090909091,3.2142857142857144,2.0,2.5,3.7,3.0,3.5,3.15625,2.8214285714285716,3.206896551724138,3.2142857142857144,0.0,0.0,47.0,28.0,6.0,6.0,44.0,17.0,0.0,33.0,7.0,1.0,7.0,5.0,6.0,4.0,16.0,14.0,29.0,7.0,0.0,0.0,0.0,0.27835051546391754,0.20618556701030927,0.041237113402061855
362,4.243119266055046,0.5594916628771921,109,1.5,5.0,1530636989,1532214956,3.5,1.5163193961198203,18.263506944444444,5.658367415359714,0.0,4.1875,4.25,4.1,4.0,4.066666666666666,4.311111111111111,0.0,4.336363636363636,4.454545454545454,4.333333333333333,4.285714285714286,3.8333333333333335,4.333333333333333,4.166666666666667,4.142857142857143,4.2105263157894735,4.229166666666667,4.416666666666667,4.875,0.0,40.0,22.0,5.0,4.0,15.0,45.0,0.0,55.0,11.0,3.0,14.0,9.0,3.0,18.0,7.0,19.0,48.0,6.0,4.0,0.0,0.0,0.8807339449541285,0.009174311926605505,0.1926605504587156
363,3.3,1.0136992684699697,30,1.0,5.0,1502584356,1502584592,4.0,0.8979084644401599,0.0027314814814814814,29.91827877556674,0.0,3.0416666666666665,3.0,2.0,2.0,3.6,3.9,0.0,3.55,2.8333333333333335,0.0,2.5,0.0,0.0,4.0,3.3333333333333335,2.8333333333333335,2.875,0.0,0.0,0.0,12.0,11.0,1.0,1.0,10.0,5.0,0.0,10.0,3.0,0.0,2.0,0.0,0.0,1.0,6.0,6.0,8.0,0.0,0.0,0.0,0.0,0.43333333333333335,0.16666666666666666,0.13333333333333333
364,4.190476190476191,0.8135752957807666,21,3.0,5.0,869443366,869443802,2.0,1.0946005267637764,0.005046296296296296,20.894559859965913,0.0,4.083333333333333,4.2,4.0,4.333333333333333,4.666666666666667,5.0,0.0,4.2,5.0,0.0,0.0,0.0,4.0,3.6666666666666665,3.5,3.8,4.3076923076923075,0.0,0.0,0.0,12.0,10.0,2.0,3.0,3.0,3.0,0.0,5.0,2.0,0.0,0.0,0.0,2.0,3.0,2.0,5.0,13.0,0.0,0.0,0.0,0.0,0.7619047619047619,0.0,0.42857142857142855
365,2.7509025270758123,1.079808548463185,277,0.5,5.0,1488332338,1491088217,4.5,0.8475951469436265,31.896747685185186,8.420285271080003,0.0,2.7795698924731185,2.7357142857142858,2.4642857142857144,2.5238095238095237,3.0405405405405403,2.797872340425532,1.25,2.517857142857143,2.7941176470588234,0.0,2.235294117647059,2.6923076923076925,2.3,2.0,2.533333333333333,2.75,2.2450980392156863,2.9,3.5,0.0,93.0,70.0,14.0,21.0,148.0,47.0,2.0,84.0,34.0,0.0,17.0,26.0,5.0,18.0,45.0,46.0,51.0,10.0,2.0,0.0,0.0,0.18050541516245489,0.3249097472924188,0.07942238267148015
366,3.9516129032258065,0.6874450124637536,31,2.0,5.0,1445546414,1445546633,3.0,1.26992994326195,0.002534722222222222,30.92162227686766,0.0,3.8636363636363638,3.9,3.75,4.0,3.4,4.1,0.0,4.1923076923076925,4.375,3.0,0.0,4.142857142857143,0.0,4.0,3.5,3.642857142857143,3.909090909090909,4.25,0.0,0.0,22.0,10.0,2.0,1.0,5.0,10.0,0.0,13.0,4.0,1.0,0.0,7.0,0.0,3.0,1.0,7.0,11.0,4.0,0.0,0.0,0.0,0.7419354838709677,0.06451612903225806,0.06451612903225806
367,3.8594594594594596,1.0943181963778263,185,1.0,5.0,997810886,997814281,4.0,0.837297801400697,0.03929398148148148,178.00545687399077,0.0,3.9130434782608696,4.0344827586206895,3.857142857142857,4.2592592592592595,3.7358490566037736,4.181818181818182,0.0,4.0,4.0476190476190474,4.0,4.0,4.0,3.909090909090909,4.0,3.807017543859649,4.2,4.133333333333334,4.0,3.8,0.0,23.0,29.0,14.0,27.0,106.0,11.0,0.0,80.0,21.0,1.0,9.0,1.0,11.0,7.0,57.0,15.0,15.0,3.0,5.0,0.0,0.0,0.7027027027027027,0.12432432432432433,0.3675675675675676
368,2.8422174840085286,0.8221351369263269,469,1.0,5.0,971273035,975830385,4.0,1.084439752868775,52.74710648148148,8.726051144010768,0.0,2.661417322834646,2.7904761904761903,0.0,2.25,2.728395061728395,2.881818181818182,0.0,3.101063829787234,2.4347826086956523,3.5,2.731707317073171,0.0,2.75,2.9361702127659575,2.8461538461538463,2.6588235294117646,2.8086956521739133,3.142857142857143,2.923076923076923,0.0,254.0,105.0,0.0,4.0,81.0,110.0,0.0,188.0,23.0,6.0,41.0,0.0,8.0,47.0,52.0,85.0,230.0,56.0,13.0,0.0,0.0,0.17270788912579957,0.3091684434968017,0.07249466950959488
369,3.391472868217054,0.6845426173447787,129,1.0,5.0,1236830277,1237083107,4.0,1.274628016237562,2.926273148148148,32.855584706541286,0.0,3.2564102564102564,3.2222222222222223,3.75,3.0,3.476923076923077,3.625,3.25,3.5294117647058822,3.2222222222222223,0.0,4.0,3.5,3.0833333333333335,3.772727272727273,3.3846153846153846,3.3333333333333335,3.5,3.3333333333333335,3.0,0.0,39.0,27.0,4.0,5.0,65.0,24.0,4.0,34.0,9.0,0.0,2.0,4.0,12.0,11.0,13.0,27.0,31.0,6.0,1.0,0.0,0.0,0.3023255813953488,0.03875968992248062,0.031007751937984496
370,3.5483870967741935,0.8144900916505459,93,1.0,5.0,1159161736,1159317697,4.0,1.0935055602353427,1.8051041666666667,33.153849010360574,0.0,3.4125,3.2777777777777777,3.4,3.25,3.7027027027027026,3.5,3.5,3.734375,3.4642857142857144,3.0,3.8,3.0833333333333335,0.0,3.7777777777777777,3.6666666666666665,3.111111111111111,3.574074074074074,3.5,0.0,0.0,40.0,27.0,5.0,4.0,37.0,26.0,1.0,32.0,14.0,2.0,5.0,6.0,0.0,9.0,18.0,18.0,27.0,1.0,0.0,0.0,0.0,0.4838709677419355,0.0967741935483871,0.03225806451612903
371,4.548780487804878,0.5339110184382376,41,3.0,5.0,1407691571,1407692899,2.0,1.577508468718044,0.015370370370370371,40.379354368046684,0.0,4.433333333333334,4.552631578947368,4.666666666666667,4.3,4.5,4.4,0.0,4.8,4.535714285714286,5.0,4.625,4.75,4.25,4.6,4.75,4.714285714285714,4.681818181818182,0.0,0.0,0.0,15.0,19.0,12.0,5.0,6.0,5.0,0.0,15.0,14.0,1.0,4.0,4.0,2.0,5.0,6.0,14.0,11.0,0.0,0.0,0.0,0.0,0.926829268292683,0.0,0.4878048780487805
372,3.3559322033898304,1.0316310055219713,236,1.0,5.0,874414409,874417243,4.0,0.8836802766275781,0.03280092592592593,228.50482999753459,0.0,3.6721311475409837,3.4318181818181817,2.5,2.761904761904762,3.2028985507246377,3.511111111111111,3.0,3.3333333333333335,3.1666666666666665,2.5,3.5625,3.6666666666666665,2.9166666666666665,3.526315789473684,3.577777777777778,3.3793103448275863,3.4285714285714284,3.789473684210526,3.5714285714285716,0.0,61.0,44.0,12.0,21.0,69.0,45.0,1.0,117.0,18.0,4.0,16.0,3.0,12.0,19.0,45.0,29.0,70.0,19.0,7.0,0.0,0.0,0.4533898305084746,0.23728813559322035,0.1652542372881356
373,3.19,1.3535960336164632,100,1.0,5.0,846829840,846830536,4.0,0.6879490428383033,0.008055555555555555,99.20088178561588,0.0,2.5714285714285716,2.619047619047619,4.5,3.1176470588235294,2.5625,3.5555555555555554,0.0,3.813953488372093,3.1538461538461537,0.0,4.0,3.5,5.0,3.625,3.0,2.6923076923076925,3.433333333333333,3.6,3.0,0.0,28.0,21.0,6.0,17.0,32.0,18.0,0.0,43.0,13.0,0.0,5.0,2.0,4.0,8.0,20.0,13.0,30.0,5.0,3.0,0.0,0.0,0.4,0.28,0.39
374,3.6363636363636362,0.8950622121597827,33,1.0,5.0,849089035,849089401,4.0,1.0049622905782944,0.0042361111111111115,32.86079800843648,0.0,3.6,3.533333333333333,3.0,3.0,4.25,3.5,0.0,3.8,3.75,0.0,4.0,3.0,3.0,5.0,3.75,3.6666666666666665,3.8125,4.333333333333333,3.0,0.0,15.0,15.0,2.0,2.0,8.0,8.0,0.0,10.0,4.0,0.0,7.0,2.0,2.0,1.0,4.0,6.0,16.0,3.0,1.0,0.0,0.0,0.5151515151515151,0.030303030303030304,0.21212121212121213
375,3.909090909090909,1.1212057227499657,33,0.5,5.0,1225230145,1225314397,4.5,0.8188628511731465,0.9751388888888889,16.707685816749876,0.0,3.5416666666666665,4.0625,3.1666666666666665,3.375,3.95,4.333333333333333,0.0,4.28125,3.0,0.0,5.0,3.0,3.0,4.75,3.5555555555555554,3.25,3.6875,4.5,0.0,0.0,12.0,8.0,3.0,4.0,10.0,6.0,0.0,16.0,2.0,0.0,1.0,1.0,2.0,4.0,9.0,6.0,8.0,1.0,0.0,0.0,0.0,0.6363636363636364,0.09090909090909091,0.30303030303030304
376,4.06390977443609,0.739608654285931,133,1.5,5.0,1364932551,1364994983,3.5,1.1910310772707295,0.7225925925925926,77.20920232208128,0.0,4.063380281690141,4.020408163265306,4.35,4.1923076923076925,3.7804878048780486,4.270833333333333,0.0,4.134146341463414,4.035714285714286,4.0,3.642857142857143,4.357142857142857,3.5,4.375,3.8636363636363638,4.109756097560975,4.239583333333333,4.277777777777778,4.25,0.0,71.0,49.0,10.0,13.0,41.0,24.0,0.0,41.0,14.0,2.0,7.0,7.0,1.0,12.0,22.0,41.0,48.0,9.0,2.0,0.0,0.0,0.7518796992481203,0.05263157894736842,0.19548872180451127
377,3.9122137404580153,0.9250382861734271,131,0.5,5.0,1340341828,1340347658,4.5,0.975573316127637,0.06747685185185186,122.71928873468504,0.0,3.9827586206896552,4.267857142857143,4.125,3.3333333333333335,3.5510204081632653,3.857142857142857,4.0,4.117021276595745,3.9523809523809526,4.0,3.861111111111111,4.5,3.15,4.75,3.5714285714285716,4.166666666666667,4.0,4.05,3.875,0.0,29.0,28.0,4.0,12.0,49.0,7.0,3.0,47.0,21.0,1.0,18.0,4.0,10.0,8.0,14.0,42.0,18.0,10.0,4.0,0.0,0.0,0.6412213740458015,0.05343511450381679,0.183206106870229
378,4.0,0.6101970382851057,48,2.0,5.0,1445345866,1445347927,3.0,1.4080599412448607,0.023854166666666666,46.88167667107539,0.0,3.7777777777777777,4.107142857142857,4.25,4.25,3.8333333333333335,4.027777777777778,0.0,4.0,4.25,0.0,3.25,4.388888888888889,4.5,4.4,3.5,4.142857142857143,3.888888888888889,4.0,3.0,0.0,18.0,14.0,6.0,6.0,9.0,18.0,0.0,30.0,8.0,0.0,2.0,9.0,1.0,5.0,1.0,7.0,18.0,4.0,1.0,0.0,0.0,0.6875,0.020833333333333332,0.041666666666666664
379,3.388888888888889,0.9936305084394236,36,2.0,5.0,847397201,847397556,3.0,0.9143856103895351,0.004108796296296296,35.852688605844044,0.0,3.3333333333333335,3.6666666666666665,3.0,4.0,2.923076923076923,2.7777777777777777,0.0,3.823529411764706,2.5,0.0,3.0,4.0,3.0,3.0,3.4285714285714284,3.6,3.3125,4.25,5.0,0.0,15.0,9.0,1.0,2.0,13.0,9.0,0.0,17.0,2.0,0.0,1.0,2.0,1.0,1.0,7.0,5.0,16.0,4.0,1.0,0.0,0.0,0.4166666666666667,0.19444444444444445,0.16666666666666666
380,3.6732348111658455,0.9610095754697883,1218,0.5,5.0,1493419753,1537040595,4.5,0.9424985628025319,504.8708564814815,2.407729135597254,4.0,3.705785123966942,3.7736572890025575,3.9403973509933774,3.6134969325153374,3.6432432432432433,3.720873786407767,3.75,3.741042345276873,3.641552511415525,4.666666666666667,3.441919191919192,3.704225352112676,3.836734693877551,3.553921568627451,3.5170454545454546,3.7884012539184955,3.5751633986928106,4.03030303030303,4.113636363636363,1.0,605.0,391.0,151.0,163.0,370.0,206.0,4.0,307.0,219.0,3.0,198.0,71.0,49.0,102.0,88.0,319.0,459.0,33.0,22.0,0.0,0.0,0.5492610837438424,0.09195402298850575,0.23809523809523808
381,3.542194092827004,0.8554712833183634,474,1.0,5.0,1164381715,1278808888,4.0,1.0466039298711185,1324.3885763888889,0.3576309683394474,0.0,3.388111888111888,3.4806629834254146,3.7857142857142856,3.5489130434782608,3.4585365853658536,3.6744186046511627,3.5,3.779874213836478,3.5350877192982457,0.0,3.26,3.625,3.742424242424242,3.5833333333333335,3.6944444444444446,3.3,3.550925925925926,4.05,3.2,0.0,143.0,181.0,70.0,92.0,205.0,43.0,8.0,159.0,114.0,0.0,25.0,28.0,33.0,30.0,90.0,95.0,108.0,10.0,5.0,0.0,0.0,0.45569620253164556,0.09071729957805907,0.0949367088607595
382,3.508591065292096,1.1253022924695106,291,0.5,5.0,1515148883,1515250291,4.5,0.816125135932432,1.1737037037037037,133.8728914636224,0.0,3.480916030534351,3.754166666666667,3.625,3.5444444444444443,3.1160714285714284,3.7837837837837838,0.0,4.147058823529412,3.727272727272727,0.0,2.823529411764706,4.112903225806452,4.0,4.0,3.7454545454545456,3.441666666666667,3.64375,4.083333333333333,4.166666666666667,0.0,131.0,120.0,32.0,45.0,112.0,37.0,0.0,68.0,55.0,0.0,17.0,31.0,10.0,13.0,55.0,60.0,80.0,12.0,3.0,0.0,0.0,0.3745704467353952,0.14432989690721648,0.1958762886597938
383,3.7941176470588234,0.9779202348554562,34,1.0,5.0,943569064,943571272,4.0,0.9277124296067186,0.025555555555555557,33.15276273022752,0.0,3.3333333333333335,3.5,0.0,0.0,3.6923076923076925,3.3333333333333335,0.0,4.0,0.0,0.0,4.0,4.0,0.0,3.75,3.888888888888889,3.5,3.3333333333333335,4.666666666666667,0.0,0.0,3.0,2.0,0.0,0.0,13.0,3.0,0.0,26.0,0.0,0.0,2.0,1.0,0.0,4.0,9.0,2.0,6.0,3.0,0.0,0.0,0.0,0.6176470588235294,0.058823529411764705,0.29411764705882354
384,3.085714285714286,1.200758904264204,70,1.0,5.0,993555899,996929980,4.0,0.768781975446608,39.05186342592592,1.7477339132912448,0.0,2.6153846153846154,3.909090909090909,4.0,3.5,3.033333333333333,3.8461538461538463,0.0,3.125,3.6666666666666665,0.0,2.2,0.0,0.0,3.0,3.3333333333333335,2.888888888888889,3.2857142857142856,4.0,2.3333333333333335,0.0,13.0,11.0,2.0,4.0,30.0,13.0,0.0,32.0,3.0,0.0,5.0,0.0,0.0,4.0,12.0,9.0,21.0,5.0,3.0,0.0,0.0,0.44285714285714284,0.3,0.22857142857142856
385,3.4029850746268657,0.8785163884505054,201,1.0,5.0,834691537,867087048,4.0,1.021955290481659,374.9480439814815,0.5346483462749467,0.0,3.357142857142857,3.510204081632653,3.3333333333333335,3.0714285714285716,3.417910447761194,3.4375,3.5,3.3666666666666667,3.3461538461538463,3.5,3.4285714285714284,3.6666666666666665,3.263157894736842,3.25,3.1794871794871793,3.65625,3.1951219512195124,3.8461538461538463,3.272727272727273,0.0,56.0,49.0,15.0,28.0,67.0,32.0,2.0,90.0,26.0,2.0,7.0,3.0,19.0,8.0,39.0,32.0,41.0,13.0,11.0,0.0,0.0,0.4079601990049751,0.1044776119402985,0.13930348258706468
386,2.75,0.8703233230054014,68,1.0,5.0,842610160,842614033,4.0,1.030584317918568,0.04482638888888889,65.08258283207604,0.0,2.3947368421052633,2.5789473684210527,3.0,3.3333333333333335,3.0526315789473686,2.727272727272727,0.0,2.9047619047619047,2.0,0.0,3.2,0.0,3.0,2.857142857142857,3.0,2.4,2.6857142857142855,3.0,3.5,0.0,38.0,19.0,1.0,3.0,19.0,22.0,0.0,21.0,4.0,0.0,5.0,0.0,1.0,7.0,5.0,15.0,35.0,2.0,4.0,0.0,0.0,0.16176470588235295,0.3382352941176471,0.10294117647058823
387,3.2585199610516065,0.8593102941421753,1027,0.5,5.0,1094849150,1257536178,4.5,1.0424155834731346,1882.951712962963,0.5451307445586265,0.0,3.150717703349282,3.1902173913043477,3.4479166666666665,2.8706896551724137,2.9835616438356163,3.454314720812183,3.5555555555555554,3.5207877461706785,3.1712962962962963,4.06,3.0728476821192054,3.4285714285714284,3.0,3.5720338983050848,3.25,3.2653846153846153,3.3737704918032785,3.58974358974359,3.108695652173913,0.0,209.0,184.0,48.0,58.0,365.0,197.0,9.0,457.0,108.0,25.0,151.0,7.0,43.0,118.0,148.0,130.0,305.0,39.0,23.0,0.0,0.0,0.3037974683544304,0.12658227848101267,0.033106134371957155
388,3.6206896551724137,1.2222284420402019,29,1.0,5.0,1386689454,1386694447,4.0,0.7562989633296628,0.05778935185185185,27.415666407711754,0.0,4.166666666666667,4.21875,4.1875,3.85,4.0,3.75,0.0,1.0,3.7142857142857144,0.0,0.0,5.0,3.0,2.0,3.4166666666666665,2.0,2.75,0.0,0.0,0.0,3.0,16.0,16.0,20.0,23.0,2.0,0.0,1.0,7.0,0.0,0.0,4.0,5.0,1.0,6.0,1.0,2.0,0.0,0.0,0.0,0.0,0.5172413793103449,0.13793103448275862,0.3448275862068966
389,4.117647058823529,0.844400661841498,34,2.0,5.0,857934174,857934553,3.0,1.0588726166816615,0.004386574074074074,33.85150785328248,0.0,4.142857142857143,4.363636363636363,5.0,5.0,3.6666666666666665,4.2,0.0,4.375,4.333333333333333,0.0,0.0,0.0,0.0,4.0,4.333333333333333,4.6,4.333333333333333,0.0,0.0,0.0,14.0,11.0,1.0,1.0,12.0,5.0,0.0,8.0,3.0,0.0,0.0,0.0,0.0,3.0,6.0,5.0,15.0,0.0,0.0,0.0,0.0,0.7647058823529411,0.029411764705882353,0.38235294117647056
390,3.8395061728395063,1.0149727844067644,81,0.5,5.0,1250274163,1250342426,4.5,0.8968828782059132,0.7900810185185185,45.249348583694875,0.0,3.6333333333333333,4.125,4.5,3.8333333333333335,3.625,3.4545454545454546,4.75,3.825,4.35,0.0,4.0,2.5,3.8333333333333335,3.7142857142857144,4.0,3.9583333333333335,4.0,4.375,3.5,0.0,15.0,8.0,7.0,3.0,20.0,11.0,2.0,60.0,10.0,0.0,2.0,1.0,3.0,7.0,21.0,12.0,15.0,4.0,1.0,0.0,0.0,0.654320987654321,0.08641975308641975,0.1728395061728395
391,3.715025906735751,1.187218565136605,386,1.0,5.0,1030824424,1037482267,4.0,0.7768688450308948,77.05836805555556,4.945017550524202,0.0,3.241758241758242,3.4,3.923076923076923,4.0625,3.7704918032786887,3.8,4.333333333333333,3.8878048780487804,4.12,4.75,3.0,3.6666666666666665,3.8947368421052633,3.7954545454545454,3.8780487804878048,3.3214285714285716,3.392857142857143,3.9545454545454546,3.625,0.0,91.0,70.0,13.0,16.0,122.0,70.0,3.0,205.0,25.0,8.0,20.0,3.0,19.0,44.0,82.0,56.0,112.0,22.0,8.0,0.0,0.0,0.6295336787564767,0.18393782383419688,0.36787564766839376
392,3.2,1.2583057392117916,25,1.0,5.0,1027524061,1027524346,4.0,0.7362112749227488,0.003298611111111111,24.91780584876276,0.0,3.3333333333333335,3.5,0.0,0.0,3.2,2.8,0.0,3.25,4.0,0.0,3.0,0.0,0.0,0.0,3.142857142857143,2.6666666666666665,2.8,0.0,0.0,0.0,6.0,6.0,0.0,0.0,10.0,5.0,0.0,12.0,3.0,0.0,1.0,0.0,0.0,0.0,7.0,3.0,5.0,0.0,0.0,0.0,0.0,0.4,0.32,0.28
393,3.841463414634146,1.6224817475680653,123,0.5,5.0,1430505811,1430507752,4.5,0.5805576758139112,0.02246527777777778,120.29748361462967,0.0,3.880281690140845,4.375,4.25,4.0,3.7857142857142856,3.765625,5.0,3.5813953488372094,4.84375,1.3333333333333333,3.7142857142857144,4.2,5.0,3.3181818181818183,3.7142857142857144,3.704081632653061,3.634920634920635,3.625,0.0,0.0,71.0,48.0,2.0,1.0,21.0,32.0,1.0,43.0,16.0,3.0,7.0,20.0,1.0,22.0,7.0,49.0,63.0,4.0,0.0,0.0,0.0,0.6747967479674797,0.18699186991869918,0.5528455284552846
394,2.9565217391304346,1.0215078369104982,23,1.0,5.0,838994123,838994626,4.0,0.8916567206117569,0.005821759259259259,22.866874561292473,0.0,3.0,2.375,2.0,2.25,2.75,3.4,0.0,3.375,2.3333333333333335,0.0,0.0,2.5,2.0,5.0,3.0,2.0,3.375,4.5,3.0,0.0,10.0,8.0,2.0,4.0,8.0,5.0,0.0,8.0,3.0,0.0,0.0,2.0,2.0,1.0,4.0,3.0,8.0,2.0,2.0,0.0,0.0,0.2608695652173913,0.34782608695652173,0.13043478260869565
395,3.0491803278688523,0.8251510873409128,61,1.0,5.0,841503392,841505546,4.0,1.0809045286583616,0.024930555555555556,59.51622738667932,0.0,3.375,2.96,2.6,2.5416666666666665,3.1818181818181817,3.4285714285714284,0.0,2.875,2.769230769230769,0.0,0.0,3.0,2.5555555555555554,4.5,3.1666666666666665,3.7,3.4166666666666665,3.0,3.5,0.0,24.0,25.0,10.0,24.0,22.0,7.0,0.0,16.0,13.0,0.0,0.0,2.0,9.0,2.0,12.0,10.0,12.0,4.0,2.0,0.0,0.0,0.22950819672131148,0.14754098360655737,0.09836065573770492
396,3.142857142857143,1.4584183648679576,28,0.5,5.0,1111688455,1111688632,4.5,0.6416762164405887,0.0020486111111111113,27.942756159257076,0.0,1.9166666666666667,3.8333333333333335,4.0625,4.0625,3.5833333333333335,3.642857142857143,0.0,3.409090909090909,3.7,0.0,0.5,0.0,3.5,2.6666666666666665,2.9166666666666665,1.25,2.65,0.0,0.0,0.0,6.0,6.0,8.0,8.0,12.0,7.0,0.0,11.0,5.0,0.0,1.0,0.0,2.0,6.0,6.0,2.0,10.0,0.0,0.0,0.0,0.0,0.4642857142857143,0.32142857142857145,0.14285714285714285
397,3.9565217391304346,0.824525255667285,23,2.0,5.0,1181966434,1181967437,3.0,1.081636216934107,0.011608796296296296,22.736061691246295,0.0,4.25,4.0,0.0,2.0,3.8333333333333335,3.7142857142857144,0.0,4.25,0.0,3.5,0.0,0.0,0.0,4.0,4.666666666666667,4.0,4.0,4.0,0.0,0.0,2.0,1.0,0.0,1.0,12.0,7.0,0.0,12.0,0.0,1.0,0.0,0.0,0.0,6.0,6.0,1.0,4.0,1.0,0.0,0.0,0.0,0.7391304347826086,0.043478260869565216,0.17391304347826086
398,4.25,0.9530652303663866,46,1.5,5.0,1311207208,1311531312,3.5,0.949608790760356,3.7512037037037036,9.681757059614522,0.0,3.9285714285714284,4.5,4.75,5.0,4.352941176470588,3.3,4.833333333333333,4.333333333333333,4.6923076923076925,0.0,3.5,3.0,5.0,3.5,4.333333333333333,3.8125,3.2142857142857144,0.0,4.0,0.0,7.0,13.0,8.0,5.0,17.0,5.0,3.0,21.0,13.0,0.0,2.0,1.0,3.0,6.0,12.0,8.0,7.0,0.0,1.0,0.0,0.0,0.8043478260869565,0.06521739130434782,0.45652173913043476
399,3.9444444444444446,1.3135436138160106,36,0.5,5.0,1167220276,1167222250,4.5,0.7074419142260451,0.022847222222222224,35.19587208907597,0.0,3.6904761904761907,4.425,4.25,4.25,4.1,3.5714285714285716,0.0,3.8846153846153846,4.357142857142857,0.0,4.5,2.5,0.0,2.5,3.5,3.6363636363636362,3.6875,3.875,0.0,0.0,21.0,20.0,6.0,6.0,10.0,7.0,0.0,13.0,7.0,0.0,2.0,1.0,0.0,2.0,4.0,11.0,8.0,4.0,0.0,0.0,0.0,0.6666666666666666,0.08333333333333333,0.3888888888888889
400,4.511627906976744,0.5924964546108837,43,2.5,5.0,1498870148,1498870517,2.5,1.444050714399547,0.004270833333333333,42.8171351519552,0.0,4.421052631578948,4.142857142857143,4.5,4.5,4.357142857142857,4.777777777777778,0.0,4.590909090909091,4.3,0.0,4.75,4.2,0.0,4.7,4.5,4.285714285714286,4.6875,4.5,0.0,0.0,19.0,14.0,1.0,1.0,7.0,18.0,0.0,22.0,5.0,0.0,2.0,5.0,0.0,5.0,2.0,14.0,16.0,1.0,0.0,0.0,0.0,0.9534883720930233,0.0,0.4186046511627907
401,3.5277777777777777,0.598642177735587,72,1.5,5.0,1510448991,1515902154,3.5,1.431347880028032,63.1153125,1.1229766680151485,0.0,3.5625,3.5638297872340425,3.576923076923077,3.5851063829787235,3.488372093023256,3.5,0.0,3.576923076923077,3.5344827586206895,0.0,4.5,3.576923076923077,3.5,3.5,3.59375,3.772727272727273,4.25,3.5,3.5,0.0,16.0,47.0,52.0,47.0,43.0,1.0,0.0,13.0,29.0,0.0,1.0,13.0,13.0,1.0,16.0,11.0,2.0,1.0,1.0,0.0,0.0,0.3055555555555556,0.041666666666666664,0.013888888888888888
402,3.8541666666666665,0.850271129056962,48,3.0,5.0,849598075,852552188,2.0,1.0523312446547632,34.191122685185185,1.3639803546309455,0.0,4.045454545454546,4.090909090909091,4.0,4.0,3.7058823529411766,4.0,0.0,3.789473684210526,4.0,0.0,5.0,4.0,3.6666666666666665,3.0,3.7777777777777777,4.0,4.173913043478261,4.0,0.0,0.0,22.0,11.0,2.0,3.0,17.0,11.0,0.0,19.0,2.0,0.0,1.0,1.0,3.0,1.0,9.0,6.0,23.0,1.0,0.0,0.0,0.0,0.5625,0.0,0.2916666666666667
403,3.764705882352941,0.7904284810156532,34,2.0,5.0,1225243342,1225243690,3.0,1.1230548228414323,0.004027777777777778,33.86360492460921,0.0,3.590909090909091,3.2142857142857144,3.0,3.0,3.6363636363636362,4.0,0.0,4.0,3.5,0.0,3.5,3.5,0.0,3.8,3.5833333333333335,3.3,3.75,3.75,4.0,0.0,11.0,7.0,1.0,1.0,11.0,10.0,0.0,18.0,1.0,0.0,1.0,1.0,0.0,5.0,6.0,5.0,12.0,4.0,1.0,0.0,0.0,0.5,0.058823529411764705,0.08823529411764706
404,3.4,0.49403218175557095,60,3.0,4.0,838375694,838376343,1.0,1.683410479621918,0.007511574074074074,59.55266573998552,0.0,3.3157894736842106,3.4444444444444446,3.5,3.6666666666666665,3.4210526315789473,3.4444444444444446,0.0,3.4,3.0,0.0,3.3333333333333335,3.0,3.5,3.0,3.4210526315789473,3.2857142857142856,3.35,3.6666666666666665,3.25,0.0,19.0,9.0,2.0,3.0,19.0,9.0,0.0,35.0,3.0,0.0,3.0,1.0,2.0,2.0,19.0,7.0,20.0,6.0,4.0,0.0,0.0,0.4,0.0,0.0
405,4.008333333333334,0.4582728506056635,120,3.0,5.0,1295905767,1304548852,2.0,1.7912388161364323,100.03570601851852,1.187698930692933,0.0,4.0,3.892857142857143,3.5,0.0,3.8392857142857144,4.054054054054054,0.0,4.031645569620253,3.9285714285714284,4.25,3.9583333333333335,4.5,3.0,4.203703703703703,4.041666666666667,3.9423076923076925,4.154761904761905,4.166666666666667,4.0,0.0,28.0,14.0,3.0,0.0,28.0,37.0,0.0,79.0,14.0,6.0,12.0,1.0,1.0,27.0,12.0,26.0,42.0,6.0,3.0,0.0,0.0,0.7166666666666667,0.0,0.058333333333333334
406,3.25,1.3228756555322954,20,0.5,5.0,1296959178,1296959418,4.5,0.7028021008806294,0.002777777777777778,19.94459833795014,0.0,3.125,3.5,2.6666666666666665,2.2,3.75,0.0,0.0,3.4285714285714284,2.4166666666666665,0.0,2.8333333333333335,4.0,2.5,2.0,3.8,3.5,2.8333333333333335,0.0,0.0,0.0,4.0,2.0,3.0,5.0,10.0,0.0,0.0,7.0,6.0,0.0,3.0,1.0,2.0,1.0,5.0,1.0,3.0,0.0,0.0,0.0,0.0,0.35,0.25,0.25
407,4.113636363636363,0.8581793876992511,22,2.5,5.0,1424349164,1424349636,2.5,1.0436459110242053,0.005462962962962963,21.880467814715903,0.0,4.166666666666667,4.136363636363637,3.1666666666666665,3.1666666666666665,3.75,4.083333333333333,0.0,4.1875,4.6,0.0,0.0,4.5,0.0,5.0,2.5,4.071428571428571,4.0625,4.0,0.0,0.0,15.0,11.0,3.0,3.0,2.0,6.0,0.0,8.0,5.0,0.0,0.0,2.0,0.0,1.0,1.0,7.0,8.0,1.0,0.0,0.0,0.0,0.6818181818181818,0.0,0.4090909090909091
408,4.092198581560283,0.6984749634520928,141,1.0,5.0,1467361272,1489793600,4.0,1.252387420735952,259.6334259259259,0.540989704214199,0.0,4.0375,4.132075471698113,5.0,3.6666666666666665,4.009803921568627,4.083333333333333,3.5,4.216216216216216,4.107142857142857,0.0,3.0,4.05,3.8333333333333335,4.066666666666666,4.388888888888889,3.9545454545454546,4.109756097560975,4.222222222222222,4.0,0.0,80.0,53.0,1.0,6.0,51.0,30.0,1.0,37.0,28.0,0.0,3.0,20.0,3.0,15.0,9.0,33.0,41.0,9.0,1.0,0.0,0.0,0.7375886524822695,0.02127659574468085,0.23404255319148937
409,3.8412698412698414,1.0984549033088133,126,1.0,5.0,967912821,971546335,4.0,0.834407700480928,42.05456018518519,2.926519268993853,0.0,3.8333333333333335,4.111111111111111,0.0,4.5,3.792682926829268,4.25,5.0,3.8867924528301887,4.285714285714286,0.0,3.3,0.0,4.2,2.5,3.75,4.166666666666667,3.533333333333333,4.0,5.0,0.0,12.0,9.0,0.0,2.0,82.0,20.0,1.0,53.0,7.0,0.0,10.0,0.0,5.0,4.0,20.0,6.0,15.0,6.0,3.0,0.0,0.0,0.6666666666666666,0.14285714285714285,0.36507936507936506
410,4.059880239520958,0.8337793097566378,167,2.0,5.0,990727918,990910830,3.0,1.0709168532130153,2.117037037037037,53.57652091254753,0.0,3.25,3.7,4.0,4.5,3.935483870967742,3.9696969696969697,4.5,4.099009900990099,3.8333333333333335,4.3,4.0,0.0,4.75,4.4,3.8222222222222224,3.5,3.909090909090909,4.428571428571429,4.5,0.0,4.0,10.0,1.0,2.0,93.0,33.0,2.0,101.0,12.0,10.0,2.0,0.0,4.0,15.0,45.0,2.0,22.0,7.0,2.0,0.0,0.0,0.7904191616766467,0.05389221556886228,0.32335329341317365
411,3.2598425196850394,0.9361572790902183,127,1.0,5.0,835531951,835533637,4.0,0.9651044490832843,0.01951388888888889,124.56917103739528,0.0,3.310344827586207,3.6363636363636362,3.75,3.6,3.0,3.3529411764705883,5.0,3.365079365079365,3.2222222222222223,0.0,3.5,4.5,3.25,3.2222222222222223,2.8055555555555554,3.2,3.5277777777777777,4.166666666666667,3.6666666666666665,0.0,29.0,22.0,4.0,10.0,49.0,17.0,1.0,63.0,9.0,0.0,4.0,2.0,4.0,9.0,36.0,10.0,36.0,6.0,6.0,0.0,0.0,0.36220472440944884,0.1732283464566929,0.13385826771653545
412,3.892156862745098,1.0800335779992687,102,1.0,5.0,939113589,939563056,4.0,0.8474335126085876,5.202164351851851,16.445871830136955,0.0,3.7142857142857144,3.642857142857143,2.5,2.111111111111111,3.759259259259259,4.157894736842105,4.6,4.0,3.375,4.8,3.1666666666666665,5.0,2.0,4.1875,4.1923076923076925,3.6666666666666665,3.869565217391304,4.0,5.0,0.0,14.0,14.0,2.0,9.0,54.0,19.0,5.0,35.0,8.0,5.0,6.0,1.0,2.0,16.0,26.0,6.0,23.0,1.0,1.0,0.0,0.0,0.6862745098039216,0.11764705882352941,0.38235294117647056
413,4.410714285714286,1.265296023061017,56,0.5,5.0,1484439483,1484440324,4.5,0.7324418903367073,0.009733796296296296,55.46016207975608,0.0,4.642857142857143,3.7,0.0,0.0,4.235294117647059,4.925,0.0,4.607142857142857,4.25,0.0,5.0,5.0,0.0,5.0,4.318181818181818,2.5,4.75,5.0,4.166666666666667,0.0,21.0,5.0,0.0,0.0,17.0,20.0,0.0,28.0,6.0,0.0,2.0,1.0,0.0,1.0,11.0,1.0,12.0,5.0,3.0,0.0,0.0,0.8392857142857143,0.08928571428571429,0.7678571428571429
414,3.391957005189029,0.933307272335836,2698,0.5,5.0,961436216,1527978072,4.5,0.9677663428608767,6557.197407407408,0.41139353276445145,4.25,3.281437125748503,3.423413566739606,3.786290322580645,3.4152542372881354,3.2710843373493974,3.4759615384615383,3.6774193548387095,3.5614973262032086,3.411504424778761,3.857142857142857,3.0833333333333335,3.719298245614035,3.4545454545454546,3.5733333333333333,3.3762278978388998,3.4024767801857587,3.2904,3.8306451612903225,3.576923076923077,2.0,668.0,457.0,124.0,177.0,1079.0,416.0,62.0,1309.0,226.0,14.0,132.0,57.0,110.0,150.0,509.0,323.0,625.0,124.0,52.0,0.0,0.0,0.45478131949592293,0.17012601927353596,0.1067457375833951
415,4.085106382978723,0.6584369642363637,94,2.0,5.0,1382469609,1382470692,3.0,1.3185011374107476,0.012534722222222221,92.83632248551146,0.0,3.9,3.8666666666666667,4.0,4.0,3.9193548387096775,4.425925925925926,4.5,4.271739130434782,3.5,4.2,3.875,4.0,3.5,4.230769230769231,3.9523809523809526,4.0,4.206896551724138,4.5,4.333333333333333,0.0,25.0,15.0,1.0,2.0,31.0,27.0,1.0,46.0,5.0,5.0,4.0,3.0,2.0,13.0,21.0,7.0,29.0,4.0,3.0,0.0,0.0,0.7446808510638298,0.010638297872340425,0.14893617021276595
416,3.0686274509803924,1.4318505782487827,51,0.5,5.0,1187495264,1187498528,4.5,0.6528051849177116,0.03777777777777778,49.14346895074947,0.0,2.3076923076923075,1.6,0.5,1.0,3.0,3.5,4.0,3.685185185185185,2.7857142857142856,4.0,3.25,0.5,0.5,2.75,2.892857142857143,2.4,2.727272727272727,3.625,2.0,0.0,13.0,10.0,3.0,4.0,23.0,11.0,1.0,27.0,7.0,1.0,2.0,1.0,1.0,4.0,14.0,10.0,11.0,4.0,1.0,0.0,0.0,0.45098039215686275,0.29411764705882354,0.17647058823529413
417,4.462686567164179,0.7246390576747392,67,2.5,5.0,1529283501,1536894596,2.5,1.2126517543563018,88.09137731481482,0.7520368639408015,0.0,4.34375,4.333333333333333,4.0,4.333333333333333,4.55,4.5,0.0,4.583333333333333,4.8125,0.0,3.9,3.9166666666666665,0.0,4.5,4.5,4.5,4.6,4.333333333333333,0.0,0.0,16.0,15.0,2.0,3.0,10.0,20.0,0.0,42.0,8.0,0.0,5.0,6.0,0.0,13.0,9.0,15.0,25.0,3.0,0.0,0.0,0.0,0.8208955223880597,0.0,0.5522388059701493
418,3.639784946236559,1.5096889821464547,93,0.5,5.0,1461865563,1465833234,4.5,0.6212380224324705,45.92211805555556,1.9820077152077504,0.0,2.369565217391304,3.103448275862069,0.5,1.6,3.1785714285714284,3.3636363636363638,4.0,4.056603773584905,3.225,3.75,3.0,3.1363636363636362,4.25,3.4615384615384617,3.75,3.375,3.3214285714285716,4.25,3.5,0.0,23.0,29.0,1.0,5.0,28.0,22.0,1.0,53.0,20.0,2.0,3.0,11.0,2.0,13.0,16.0,16.0,28.0,4.0,1.0,0.0,0.0,0.6666666666666666,0.17204301075268819,0.20430107526881722
419,3.803225806451613,1.0621846731379547,155,0.5,5.0,1318337757,1372975414,4.5,0.8604484494705575,632.3802893518518,0.2447186983962099,0.0,3.80188679245283,3.525,2.8333333333333335,1.0,3.703125,4.046875,4.3,3.9,2.7142857142857144,2.5,3.8684210526315788,4.333333333333333,2.1666666666666665,3.892857142857143,4.045454545454546,3.8076923076923075,3.8934426229508197,4.052631578947368,0.0,0.0,53.0,20.0,3.0,5.0,32.0,32.0,15.0,75.0,7.0,1.0,19.0,6.0,3.0,14.0,11.0,26.0,61.0,19.0,0.0,5.0,5.0,0.6258064516129033,0.0967741935483871,0.17419354838709677
420,3.8226950354609928,0.5481617063716876,141,1.0,5.0,1218036280,1229802744,4.0,1.5428248694262587,136.18592592592591,1.0278022256899262,0.0,3.6184210526315788,3.8,3.75,3.7,3.816666666666667,4.071428571428571,3.642857142857143,3.975,3.8333333333333335,4.0,3.6666666666666665,3.9,4.136363636363637,3.9545454545454546,4.0,3.683333333333333,3.764705882352941,3.857142857142857,0.0,0.0,38.0,35.0,12.0,10.0,60.0,14.0,7.0,60.0,24.0,2.0,18.0,5.0,11.0,11.0,23.0,30.0,34.0,14.0,0.0,0.0,0.0,0.5957446808510638,0.0070921985815602835,0.03546099290780142
421,4.108108108108108,0.936417042175588,37,0.5,5.0,1311494077,1311501622,4.5,0.9648625594778493,0.08732638888888888,34.02842088456011,0.0,2.875,3.5,3.0,3.5,3.5,4.833333333333333,0.0,4.425925925925926,3.6666666666666665,0.0,5.0,0.0,0.0,4.25,4.5,4.5,4.3,3.8333333333333335,3.75,0.0,4.0,6.0,1.0,4.0,9.0,3.0,0.0,27.0,3.0,0.0,1.0,0.0,0.0,2.0,8.0,1.0,5.0,6.0,2.0,0.0,0.0,0.7567567567567568,0.05405405405405406,0.24324324324324326
422,3.3225806451612905,1.0648667024417395,93,1.0,5.0,986172013,1010279817,4.0,0.8584673232601175,279.02550925925925,0.33211260019135164,0.0,3.45,3.4,4.0,3.2,2.923076923076923,3.4545454545454546,0.0,3.6923076923076925,3.4,4.333333333333333,2.75,0.0,3.0,3.2,3.4545454545454546,2.8461538461538463,3.0,3.9,3.8333333333333335,0.0,20.0,10.0,1.0,5.0,26.0,11.0,0.0,39.0,5.0,3.0,12.0,0.0,1.0,10.0,11.0,13.0,20.0,10.0,6.0,0.0,0.0,0.5161290322580645,0.22580645161290322,0.16129032258064516
423,3.717391304347826,1.3637022381980615,23,1.0,5.0,1155285428,1155285869,4.0,0.6831990646069399,0.005104166666666667,22.883200331640584,0.0,3.1363636363636362,3.2,0.0,0.0,4.0,4.3,0.0,4.15,3.5,0.0,1.5,5.0,0.0,3.5,4.25,3.642857142857143,3.5555555555555554,3.3333333333333335,4.0,0.0,11.0,5.0,0.0,0.0,6.0,5.0,0.0,10.0,2.0,0.0,1.0,1.0,0.0,1.0,2.0,7.0,9.0,3.0,1.0,0.0,0.0,0.6086956521739131,0.21739130434782608,0.391304347826087
424,3.6739130434782608,0.8684497764874951,138,1.0,5.0,1457842255,1477010019,4.0,1.0325780688668602,221.84912037037037,0.6192530613118284,0.0,3.55,2.875,4.5,4.0,3.511627906976744,3.755813953488372,0.0,3.7432432432432434,4.0,3.625,3.9444444444444446,3.5,4.5,3.8205128205128207,3.5357142857142856,2.9545454545454546,3.8076923076923075,4.25,4.5,0.0,20.0,4.0,4.0,2.0,43.0,43.0,0.0,74.0,7.0,4.0,18.0,4.0,3.0,39.0,14.0,11.0,65.0,2.0,1.0,273.0,177.0,0.4492753623188406,0.06521739130434782,0.10144927536231885
425,3.5326797385620914,0.536146550232148,306,2.5,5.0,1085476542,1281318032,2.5,1.5719648241982473,2266.683912037037,0.13493944124034615,0.0,3.4722222222222223,3.4261363636363638,3.3333333333333335,3.2916666666666665,3.3636363636363638,3.7153846153846155,0.0,3.661417322834646,3.4827586206896552,3.5,3.6333333333333333,3.5,3.0625,3.75,3.4375,3.3615384615384616,3.5707964601769913,3.8125,3.5,0.0,126.0,88.0,18.0,24.0,99.0,65.0,0.0,127.0,29.0,1.0,30.0,6.0,8.0,28.0,48.0,65.0,113.0,16.0,3.0,0.0,0.0,0.35947712418300654,0.0,0.013071895424836602
426,3.6818181818181817,1.213387530797769,88,0.5,5.0,1451080268,1451187695,4.5,0.761389899440104,1.2433680555555555,39.22673311767711,0.0,3.5357142857142856,4.032258064516129,3.9722222222222223,4.15,3.7560975609756095,3.090909090909091,0.0,3.6153846153846154,3.9545454545454546,0.0,0.0,4.318181818181818,4.071428571428571,3.0,3.888888888888889,3.8333333333333335,2.611111111111111,5.0,0.0,0.0,14.0,31.0,18.0,20.0,41.0,11.0,0.0,39.0,22.0,0.0,0.0,11.0,7.0,4.0,27.0,9.0,9.0,1.0,0.0,0.0,0.0,0.5454545454545454,0.14772727272727273,0.2727272727272727
427,3.1011904761904763,1.0377796093094942,84,0.5,5.0,1053068794,1053071696,4.5,0.8789048351876237,0.033587962962962965,81.27029629795526,0.0,3.0925925925925926,3.1153846153846154,2.0,2.0,2.85,3.5714285714285716,3.75,3.261904761904762,3.2777777777777777,0.0,1.9166666666666667,3.5,0.8333333333333334,3.75,3.125,2.8846153846153846,3.2586206896551726,3.4375,4.0,0.0,27.0,13.0,1.0,2.0,20.0,14.0,2.0,42.0,9.0,0.0,6.0,1.0,3.0,10.0,16.0,13.0,29.0,8.0,1.0,0.0,0.0,0.32142857142857145,0.2261904761904762,0.09523809523809523
428,2.64,1.0035388886352858,300,0.5,5.0,1111487432,1111624999,4.5,0.9061755868310818,1.5922106481481482,115.73133541995026,0.0,2.66793893129771,2.3763440860215055,2.62,1.875,2.3934426229508197,2.8076923076923075,4.25,2.93125,2.730769230769231,4.0,2.8333333333333335,2.9,2.9444444444444446,3.1333333333333333,2.6805555555555554,2.7023809523809526,2.8641975308641974,3.1785714285714284,2.25,0.0,131.0,93.0,25.0,28.0,122.0,39.0,2.0,80.0,39.0,1.0,36.0,5.0,9.0,15.0,36.0,84.0,81.0,14.0,4.0,0.0,0.0,0.14,0.3933333333333333,0.08
429,3.9827586206896552,0.8269873312070817,58,2.0,5.0,828124615,828124762,3.0,1.0787633944229253,0.0017013888888888888,57.901487053277414,0.0,3.8823529411764706,3.9166666666666665,4.666666666666667,4.0,3.9047619047619047,3.7142857142857144,0.0,4.137931034482759,4.666666666666667,3.0,4.0,5.0,4.666666666666667,3.6666666666666665,4.2272727272727275,3.6,4.0,4.333333333333333,3.75,0.0,17.0,12.0,3.0,7.0,21.0,7.0,0.0,29.0,3.0,1.0,1.0,2.0,3.0,3.0,22.0,5.0,15.0,3.0,4.0,0.0,0.0,0.7241379310344828,0.034482758620689655,0.29310344827586204
430,3.7413793103448274,1.0439524225830694,58,1.0,5.0,962936051,1236604563,4.0,0.8741622293538907,3167.4596296296295,0.018305424963479745,0.0,4.0,3.380952380952381,3.1,3.15,3.5952380952380953,4.5,0.0,3.9827586206896552,3.05,0.0,4.0,4.5,0.0,4.642857142857143,3.6153846153846154,3.5555555555555554,4.5,3.0,0.0,0.0,15.0,21.0,10.0,10.0,21.0,8.0,0.0,29.0,10.0,0.0,2.0,2.0,0.0,7.0,13.0,18.0,11.0,1.0,0.0,0.0,0.0,0.603448275862069,0.13793103448275862,0.27586206896551724
431,2.725,1.2082501483768298,20,0.5,5.0,1267051759,1267051845,4.5,0.7643798101156102,0.0009953703703703704,19.98011238813218,0.0,2.625,2.3,0.0,1.0,2.5416666666666665,4.5,0.0,2.9,3.25,0.0,0.0,0.0,0.0,3.5,2.4375,1.6666666666666667,3.5,3.25,3.0,0.0,8.0,5.0,0.0,1.0,12.0,2.0,0.0,5.0,2.0,0.0,0.0,0.0,0.0,2.0,8.0,3.0,5.0,2.0,1.0,0.0,0.0,0.25,0.35,0.1
432,3.646153846153846,0.8586290451899686,260,0.5,5.0,1315242191,1335141363,4.5,1.043156375260707,230.31449074074075,1.1240108614354394,0.0,3.506172839506173,3.5483870967741935,3.7333333333333334,3.5789473684210527,3.24468085106383,3.492063492063492,0.0,3.8184931506849313,3.642857142857143,3.5,3.9285714285714284,3.9705882352941178,4.5,3.736111111111111,3.788135593220339,3.574468085106383,3.5416666666666665,3.8529411764705883,4.5,0.0,81.0,62.0,15.0,19.0,47.0,63.0,0.0,146.0,21.0,1.0,21.0,17.0,4.0,36.0,59.0,47.0,108.0,17.0,1.0,0.0,0.0,0.55,0.06923076923076923,0.05
433,3.772727272727273,0.9847319278346619,22,1.5,5.0,1506823818,1506824072,3.5,0.9218867577689878,0.002939814814814815,21.935513651995294,0.0,3.1875,4.0,0.0,0.0,4.625,4.153846153846154,0.0,3.4642857142857144,0.0,0.0,4.0,3.75,0.0,3.6,5.0,4.0,3.6666666666666665,2.3333333333333335,2.0,0.0,8.0,2.0,0.0,0.0,4.0,13.0,0.0,14.0,0.0,0.0,1.0,2.0,0.0,5.0,1.0,2.0,12.0,3.0,1.0,0.0,0.0,0.6363636363636364,0.09090909090909091,0.18181818181818182
434,3.781115879828326,1.035650948619299,233,0.5,5.0,1270602276,1271576437,4.5,0.8805522517422975,11.275011574074075,18.981652163336197,0.0,3.6914893617021276,3.6493506493506493,4.0476190476190474,3.5,3.65,4.107843137254902,4.0,4.026315789473684,3.693548387096774,0.0,3.526315789473684,3.423076923076923,3.8,4.147058823529412,3.5,3.658333333333333,3.710526315789474,4.066666666666666,3.25,0.0,94.0,77.0,21.0,19.0,70.0,51.0,1.0,95.0,31.0,0.0,19.0,13.0,5.0,17.0,32.0,60.0,76.0,15.0,2.0,0.0,0.0,0.5622317596566524,0.09012875536480687,0.22746781115879827
435,4.321428571428571,0.5501821047908192,42,3.0,5.0,1366675812,1366678197,2.0,1.5380306419256595,0.027604166666666666,40.87176887987836,0.0,4.235294117647059,4.055555555555555,4.0,4.0,4.111111111111111,4.714285714285714,0.0,4.568181818181818,4.0,0.0,0.0,4.4,4.0,4.416666666666667,4.125,4.0625,4.533333333333333,0.0,3.75,0.0,17.0,9.0,2.0,3.0,9.0,14.0,0.0,22.0,2.0,0.0,0.0,5.0,1.0,6.0,4.0,8.0,15.0,0.0,2.0,4.0,3.0,0.8571428571428571,0.0,0.2857142857142857
436,3.1792452830188678,0.7533691918729172,106,1.0,5.0,833529409,833532043,4.0,1.171825757858996,0.03048611111111111,102.86407439854436,0.0,2.923076923076923,3.1739130434782608,3.8,3.4642857142857144,2.982456140350877,2.909090909090909,0.0,3.4473684210526314,3.4285714285714284,0.0,3.0,3.6666666666666665,3.7142857142857144,3.5,3.2777777777777777,2.7142857142857144,3.2,3.75,3.0,0.0,26.0,23.0,10.0,28.0,57.0,11.0,0.0,38.0,14.0,0.0,2.0,3.0,7.0,2.0,18.0,7.0,25.0,4.0,3.0,0.0,0.0,0.27358490566037735,0.09433962264150944,0.07547169811320754
437,3.80327868852459,0.9928616647485146,122,1.0,5.0,859720977,859722250,4.0,0.9150288936432924,0.014733796296296297,120.22857664275205,0.0,3.413793103448276,3.55,0.0,3.0,3.7837837837837838,3.92,5.0,3.880952380952381,3.75,0.0,0.0,4.0,0.0,3.75,3.6785714285714284,3.6666666666666665,3.310344827586207,4.461538461538462,5.0,0.0,29.0,20.0,0.0,2.0,37.0,25.0,1.0,84.0,4.0,0.0,0.0,1.0,0.0,8.0,28.0,12.0,29.0,13.0,2.0,0.0,0.0,0.6065573770491803,0.08196721311475409,0.3114754098360656
438,3.3551181102362206,0.8666361107688377,635,0.5,5.0,1105649487,1175998446,4.5,1.0345154591882828,814.2240625,0.7789269591143846,0.0,3.4027777777777777,3.409937888198758,3.710526315789474,3.6052631578947367,3.300751879699248,3.4107142857142856,3.8333333333333335,3.420814479638009,3.338235294117647,4.5,3.125,3.966666666666667,3.4523809523809526,3.3793103448275863,3.25,3.243478260869565,3.432065217391304,3.5,3.5,0.0,288.0,161.0,38.0,38.0,266.0,112.0,9.0,221.0,68.0,2.0,16.0,15.0,21.0,29.0,140.0,115.0,184.0,25.0,7.0,0.0,0.0,0.34330708661417325,0.10236220472440945,0.06141732283464567
439,4.119047619047619,0.7567159623128403,21,2.0,5.0,1436943744,1436944067,3.0,1.1672480074963723,0.003738425925925926,20.92178545483897,0.0,3.909090909090909,4.111111111111111,4.0,4.0,4.25,4.75,4.0,4.5,4.3,0.0,0.0,3.75,0.0,0.0,3.5,3.625,3.875,4.25,0.0,0.0,11.0,9.0,3.0,3.0,4.0,2.0,1.0,7.0,5.0,0.0,0.0,2.0,0.0,0.0,2.0,4.0,4.0,4.0,0.0,3.0,2.0,0.7619047619047619,0.047619047619047616,0.23809523809523808
440,3.893939393939394,0.6092717958449425,33,2.5,5.0,1237568707,1237569220,2.5,1.4098967502418707,0.0059375,32.805219012115565,0.0,3.9,4.071428571428571,3.5,4.0,3.75,3.0,0.0,3.8421052631578947,4.166666666666667,4.5,3.875,0.0,0.0,4.0,4.125,4.138888888888889,3.9444444444444446,4.0,3.5,0.0,5.0,7.0,2.0,1.0,10.0,1.0,0.0,19.0,3.0,1.0,4.0,0.0,0.0,3.0,4.0,18.0,9.0,1.0,1.0,0.0,0.0,0.6363636363636364,0.0,0.030303030303030304
441,4.522222222222222,0.7757368605188728,45,0.5,5.0,1449070451,1451167717,4.5,1.1418955225973948,24.273912037037036,1.7804920715897028,0.0,4.68,4.605263157894737,4.75,4.5,4.675,4.611111111111111,0.0,4.166666666666667,4.5,0.0,4.5,4.5,0.0,4.625,4.25,4.541666666666667,4.6,2.5,0.0,0.0,25.0,19.0,2.0,1.0,20.0,9.0,0.0,9.0,8.0,0.0,5.0,5.0,0.0,4.0,2.0,12.0,10.0,2.0,0.0,0.0,0.0,0.9111111111111111,0.022222222222222223,0.5111111111111111
442,1.275,0.697269109115208,20,0.5,2.5,1331560460,1331560586,2.0,1.254281632847632,0.0014583333333333334,19.97087580611608,0.0,0.6666666666666666,1.8333333333333333,1.25,2.0,1.9,0.5,0.0,1.0769230769230769,0.0,0.0,0.6666666666666666,0.0,0.0,0.5,1.9,1.0,0.6,0.5,0.0,0.0,3.0,3.0,2.0,2.0,5.0,1.0,0.0,13.0,0.0,0.0,3.0,0.0,0.0,2.0,5.0,1.0,5.0,1.0,0.0,0.0,0.0,0.0,0.9,0.25
443,4.121621621621622,0.8449638832304986,37,1.0,5.0,1420236273,1501722695,4.0,1.0582415029253311,943.1298842592593,0.039189523196831416,0.0,3.7142857142857144,4.423076923076923,4.0,4.0,4.714285714285714,3.8333333333333335,0.0,4.166666666666667,4.5,0.0,3.4,3.5,0.0,2.875,4.285714285714286,3.7916666666666665,3.9166666666666665,4.75,0.0,0.0,14.0,13.0,1.0,1.0,7.0,9.0,0.0,24.0,7.0,0.0,5.0,6.0,0.0,4.0,7.0,12.0,12.0,2.0,0.0,0.0,0.0,0.7837837837837838,0.02702702702702703,0.35135135135135137
444,3.8095238095238093,0.9169965619026229,42,1.0,5.0,832668242,839311913,4.0,0.983287493252853,76.89434027777777,0.5391919342307088,0.0,3.5,2.75,4.0,3.6666666666666665,3.8461538461538463,4.0588235294117645,0.0,4.05,4.2,0.0,4.5,4.0,4.0,4.0,4.125,3.2,3.8823529411764706,4.25,3.0,0.0,12.0,4.0,1.0,3.0,13.0,17.0,0.0,20.0,5.0,0.0,2.0,1.0,1.0,3.0,8.0,5.0,17.0,4.0,1.0,0.0,0.0,0.6428571428571429,0.047619047619047616,0.2619047619047619
445,3.857142857142857,0.913557040455282,77,2.0,5.0,1454621676,1454622230,3.0,0.986624294524961,0.006412037037037037,76.50941877314442,0.0,3.75,3.65,3.5,3.2,4.204545454545454,3.6176470588235294,0.0,3.8372093023255816,3.9583333333333335,0.0,3.6666666666666665,3.3,3.0,4.428571428571429,3.9642857142857144,3.875,3.8,3.8,3.5,0.0,22.0,20.0,5.0,5.0,22.0,17.0,0.0,43.0,12.0,0.0,3.0,5.0,1.0,7.0,14.0,12.0,25.0,10.0,1.0,0.0,0.0,0.5584415584415584,0.09090909090909091,0.22077922077922077
446,3.2142857142857144,0.9192903047306507,84,1.0,5.0,843839121,843839593,4.0,0.9810747687473117,0.005462962962962963,83.54360438346072,0.0,3.0,2.9047619047619047,3.4,3.5,3.0,3.25,0.0,3.3142857142857145,3.375,0.0,3.0,3.3333333333333335,3.4,3.6666666666666665,3.2083333333333335,3.076923076923077,3.259259259259259,3.5,3.0,0.0,25.0,21.0,5.0,8.0,33.0,12.0,0.0,35.0,8.0,0.0,3.0,3.0,5.0,6.0,24.0,13.0,27.0,4.0,3.0,0.0,0.0,0.32142857142857145,0.13095238095238096,0.14285714285714285
447,3.871794871794872,0.7954248127262767,78,2.0,5.0,836960587,836962680,3.0,1.1167883509452077,0.024224537037037037,76.15517611562495,0.0,3.909090909090909,4.055555555555555,4.0,3.909090909090909,3.6296296296296298,4.066666666666666,0.0,3.9696969696969697,4.375,0.0,3.75,4.0,4.0,3.25,3.9375,3.5,3.935483870967742,4.5,4.5,0.0,33.0,18.0,5.0,11.0,27.0,15.0,0.0,33.0,8.0,0.0,4.0,3.0,5.0,4.0,16.0,8.0,31.0,4.0,6.0,0.0,0.0,0.6666666666666666,0.02564102564102564,0.23076923076923078
448,2.8473712446351933,1.0297056260803321,1864,0.5,5.0,1019123866,1499620709,4.5,0.8851863502438564,5561.306053240741,0.3351128079178574,1.25,2.727491961414791,2.951338199513382,3.3461538461538463,3.096296296296296,2.9091869060190074,2.941747572815534,3.9210526315789473,2.988352745424293,2.801242236024845,3.6666666666666665,2.125,2.634831460674157,3.3620689655172415,2.8737373737373737,2.7857142857142856,2.6237458193979935,2.7600896860986546,3.1826923076923075,3.5,2.0,622.0,411.0,91.0,135.0,947.0,309.0,19.0,601.0,161.0,3.0,80.0,89.0,58.0,99.0,231.0,299.0,446.0,52.0,47.0,0.0,0.0,0.24409871244635192,0.3267167381974249,0.08583690987124463
449,3.289473684210526,1.081987528949514,38,0.5,5.0,1053198922,1053200232,4.5,0.8460326149876939,0.015162037037037036,37.43244783947098,0.0,3.05,2.7142857142857144,0.0,2.0,2.764705882352941,3.7916666666666665,4.5,3.78125,2.1666666666666665,0.0,2.5,0.0,0.0,3.8,2.5,2.5,3.5454545454545454,3.5,2.5,0.0,10.0,7.0,0.0,1.0,17.0,12.0,1.0,16.0,3.0,0.0,1.0,0.0,0.0,5.0,8.0,5.0,11.0,5.0,1.0,0.0,0.0,0.42105263157894735,0.15789473684210525,0.05263157894736842
450,4.0,0.7483314773547883,51,2.0,5.0,974704498,974706008,3.0,1.178784504281433,0.01747685185185185,50.12399044477307,0.0,4.235294117647059,4.125,4.0,4.0,3.7857142857142856,4.2,0.0,4.153846153846154,4.0,0.0,3.4285714285714284,0.0,4.0,4.0,4.0,4.125,4.0,4.666666666666667,4.0,0.0,17.0,8.0,1.0,2.0,14.0,5.0,0.0,26.0,3.0,0.0,7.0,0.0,3.0,4.0,7.0,8.0,12.0,3.0,2.0,0.0,0.0,0.8431372549019608,0.058823529411764705,0.21568627450980393
451,3.7941176470588234,0.9464258687999234,34,1.0,5.0,854089163,854285151,4.0,0.9556338674490471,2.2683796296296297,10.40270833038231,0.0,3.4166666666666665,3.7,4.5,4.333333333333333,3.8461538461538463,4.4,0.0,4.1,3.5,0.0,5.0,0.0,4.0,4.5,3.7,3.2,3.7058823529411766,0.0,0.0,0.0,12.0,10.0,2.0,3.0,13.0,5.0,0.0,10.0,4.0,0.0,1.0,0.0,2.0,2.0,10.0,5.0,17.0,0.0,0.0,0.0,0.0,0.5882352941176471,0.029411764705882353,0.29411764705882354
452,4.556930693069307,0.6050997904202925,202,2.0,5.0,1013394437,1061327521,3.0,1.4182389692725974,554.7810648148148,0.36345246858546,0.0,4.509009009009009,4.395522388059701,4.666666666666667,4.666666666666667,4.745762711864407,4.641025641025641,0.0,4.574074074074074,4.461538461538462,5.0,4.565217391304348,0.0,4.666666666666667,4.7272727272727275,4.476190476190476,4.420634920634921,4.535714285714286,5.0,4.0,0.0,111.0,67.0,3.0,3.0,59.0,39.0,0.0,54.0,13.0,1.0,23.0,0.0,3.0,22.0,21.0,63.0,84.0,9.0,1.0,0.0,0.0,0.9603960396039604,0.009900990099009901,0.6039603960396039
453,3.942122186495177,0.9885770147310518,311,1.0,5.0,972620975,1040621384,4.0,0.9186304565203997,787.0417708333333,0.394649130935186,0.0,3.847826086956522,3.913793103448276,4.909090909090909,4.7272727272727275,4.1265822784810124,3.9836065573770494,4.0,3.864406779661017,4.052631578947368,4.0,3.2142857142857144,4.5,4.666666666666667,3.4074074074074074,4.031746031746032,4.054054054054054,3.717391304347826,4.0,4.666666666666667,0.0,92.0,58.0,11.0,11.0,158.0,61.0,1.0,118.0,19.0,1.0,14.0,2.0,6.0,27.0,63.0,37.0,92.0,17.0,3.0,0.0,0.0,0.7363344051446945,0.08360128617363344,0.34726688102893893
454,3.7666666666666666,0.7119116390523347,45,2.0,5.0,1279476457,1284801956,3.0,1.2316611216057975,61.63771990740741,0.7184169549357813,0.0,3.8,3.5,3.25,0.0,3.8333333333333335,3.8181818181818183,0.0,3.76,3.125,4.0,3.75,0.0,0.0,3.8214285714285716,4.0,3.75,3.7954545454545454,3.0,0.0,0.0,5.0,4.0,2.0,0.0,9.0,11.0,0.0,25.0,4.0,1.0,16.0,0.0,0.0,14.0,5.0,4.0,22.0,2.0,0.0,0.0,0.0,0.4888888888888889,0.022222222222222223,0.08888888888888889
455,3.456140350877193,0.7088767633828609,57,2.0,5.0,836435808,836436499,3.0,1.2362822685347383,0.007997685185185186,56.54774890631638,0.0,3.125,3.1,3.0,3.2,3.4210526315789473,3.3636363636363638,0.0,3.7096774193548385,3.4,0.0,4.0,3.0,3.0,3.5,3.7333333333333334,2.8333333333333335,3.380952380952381,4.166666666666667,3.6666666666666665,0.0,16.0,10.0,4.0,5.0,19.0,11.0,0.0,31.0,5.0,0.0,2.0,3.0,4.0,2.0,15.0,6.0,21.0,6.0,3.0,0.0,0.0,0.40350877192982454,0.03508771929824561,0.08771929824561403
456,3.813953488372093,0.8523305292657855,43,2.0,5.0,856883308,856883750,3.0,1.050055594427878,0.005115740740740741,42.781142765021535,0.0,4.1,4.4,4.333333333333333,4.0,3.526315789473684,4.25,0.0,3.923076923076923,3.8333333333333335,0.0,4.5,0.0,3.5,4.0,3.7,4.0,4.153846153846154,0.0,0.0,0.0,10.0,10.0,3.0,6.0,19.0,4.0,0.0,13.0,6.0,0.0,2.0,0.0,2.0,4.0,10.0,5.0,13.0,0.0,0.0,0.0,0.0,0.627906976744186,0.046511627906976744,0.23255813953488372
457,3.46,1.1816626128520125,50,1.0,5.0,993610357,993611064,4.0,0.7802365380501781,0.00818287037037037,49.5941772762235,0.0,3.5652173913043477,3.8,3.5,3.0,3.533333333333333,4.25,0.0,3.727272727272727,4.666666666666667,0.0,2.6666666666666665,0.0,4.0,3.0,4.0,3.0,3.3333333333333335,5.0,1.0,0.0,23.0,20.0,2.0,3.0,15.0,4.0,0.0,11.0,3.0,0.0,6.0,0.0,2.0,5.0,5.0,20.0,12.0,1.0,1.0,0.0,0.0,0.5,0.24,0.28
458,4.1525423728813555,0.8869467060542469,59,2.0,5.0,845651602,845653124,3.0,1.0132259359757523,0.01761574074074074,57.97866290575738,0.0,4.2,4.066666666666666,4.25,4.0,3.869565217391304,4.25,0.0,4.321428571428571,3.8,0.0,0.0,5.0,3.8,4.0,4.190476190476191,4.0,4.571428571428571,4.75,3.0,0.0,20.0,15.0,4.0,7.0,23.0,8.0,0.0,28.0,5.0,0.0,0.0,3.0,5.0,1.0,21.0,6.0,21.0,4.0,2.0,0.0,0.0,0.7457627118644068,0.03389830508474576,0.4406779661016949
459,4.346153846153846,0.7179029289427753,26,2.5,5.0,1520232946,1520234039,2.5,1.2226389765990986,0.012650462962962962,25.67519687289269,0.0,4.269230769230769,4.366666666666666,4.5,4.428571428571429,4.3,4.5,0.0,4.611111111111111,4.5,0.0,0.0,4.0,0.0,4.666666666666667,5.0,4.1,4.4,4.5,5.0,0.0,13.0,15.0,9.0,7.0,5.0,1.0,0.0,9.0,4.0,0.0,0.0,5.0,0.0,3.0,1.0,10.0,5.0,1.0,1.0,0.0,0.0,0.8461538461538461,0.0,0.38461538461538464
460,4.201219512195122,0.6519664276820168,82,1.0,5.0,1359176063,1359178492,4.0,1.3298466037673544,0.028113425925925927,79.75773677515225,0.0,4.269230769230769,4.224137931034483,4.208333333333333,3.9285714285714284,4.065217391304348,4.285714285714286,0.0,4.285714285714286,4.366666666666666,0.0,4.0,4.214285714285714,4.5,4.363636363636363,4.321428571428571,4.2,4.130434782608695,4.666666666666667,0.0,0.0,26.0,29.0,12.0,14.0,23.0,14.0,0.0,42.0,15.0,0.0,4.0,7.0,1.0,11.0,14.0,20.0,23.0,3.0,0.0,0.0,0.0,0.7926829268292683,0.012195121951219513,0.2073170731707317
461,2.9444444444444446,1.7938641860377051,27,0.5,5.0,1505935213,1505935473,4.5,0.5280209675922827,0.0030092592592592593,26.918993768751445,0.0,0.9444444444444444,1.2,0.0,0.0,4.416666666666667,3.6666666666666665,0.0,3.6052631578947367,4.0,0.0,4.0,0.5,0.0,4.0,4.25,0.5,1.8125,3.0,4.5,0.0,9.0,5.0,0.0,0.0,6.0,6.0,0.0,19.0,1.0,0.0,2.0,1.0,0.0,2.0,6.0,5.0,8.0,3.0,1.0,0.0,0.0,0.5925925925925926,0.3333333333333333,0.07407407407407407
462,3.4065934065934065,1.1074241054337037,455,0.5,5.0,1121921033,1536467407,4.5,0.8282094050464583,4797.990439814815,0.09481160792176067,0.0,2.8421052631578947,2.7982456140350878,2.875,2.388888888888889,3.203448275862069,3.588235294117647,4.007246376811594,3.3818565400843883,3.0606060606060606,3.75,3.38,2.5,3.4583333333333335,3.230769230769231,2.8684210526315788,2.85,3.2294117647058824,3.7333333333333334,3.9285714285714284,0.0,76.0,57.0,8.0,9.0,145.0,68.0,69.0,237.0,33.0,10.0,25.0,9.0,12.0,26.0,57.0,50.0,85.0,30.0,7.0,5.0,5.0,0.4703296703296703,0.16923076923076924,0.10329670329670329
463,3.787878787878788,0.6498834394323991,33,2.0,5.0,1145459361,1145460514,3.0,1.3335405843299044,0.013344907407407408,32.56541751853163,0.0,3.8055555555555554,4.0,3.5,3.5,3.388888888888889,4.0,3.5,3.9411764705882355,4.5,0.0,3.6666666666666665,4.0,3.5,3.0,3.5,3.875,3.7857142857142856,3.8333333333333335,0.0,0.0,18.0,10.0,1.0,1.0,9.0,4.0,1.0,17.0,3.0,0.0,3.0,1.0,1.0,1.0,6.0,4.0,7.0,12.0,0.0,0.0,0.0,0.5757575757575758,0.030303030303030304,0.06060606060606061
464,3.753623188405797,1.0861543639060223,138,1.0,5.0,1275547368,1325594787,4.0,0.8430605917993561,579.2525347222222,0.2378274832802983,0.0,3.573529411764706,3.4693877551020407,2.375,2.875,3.1166666666666667,4.225806451612903,0.0,4.2368421052631575,3.1153846153846154,5.0,3.6666666666666665,3.642857142857143,2.75,4.384615384615385,3.642857142857143,3.5,3.675,4.153846153846154,4.375,0.0,68.0,49.0,4.0,8.0,30.0,31.0,0.0,57.0,13.0,1.0,6.0,7.0,2.0,13.0,21.0,37.0,60.0,13.0,4.0,0.0,0.0,0.5942028985507246,0.12318840579710146,0.2753623188405797
465,4.156521739130435,0.732590984084476,115,2.0,5.0,959895446,959896638,3.0,1.2010699360378114,0.013796296296296296,113.43501689652022,0.0,3.840909090909091,3.782608695652174,4.0,4.0,4.466666666666667,4.264705882352941,0.0,4.214285714285714,4.0,4.5,4.5,0.0,4.0,4.2272727272727275,4.352941176470588,3.7916666666666665,4.059701492537314,4.545454545454546,4.25,0.0,44.0,23.0,1.0,1.0,15.0,34.0,0.0,56.0,3.0,8.0,8.0,0.0,2.0,22.0,17.0,24.0,67.0,22.0,4.0,0.0,0.0,0.8521739130434782,0.02608695652173913,0.33043478260869563
466,3.9292035398230087,0.6473409092931641,113,1.5,5.0,1439885041,1439916037,3.5,1.3380774256634782,0.35875,83.16467341306347,0.0,3.7916666666666665,3.881818181818182,4.035714285714286,3.911764705882353,3.8484848484848486,3.7142857142857144,0.0,4.064102564102564,4.043478260869565,0.0,4.25,4.0,3.5,4.15,3.857142857142857,3.7777777777777777,3.9324324324324325,4.1,0.0,0.0,60.0,55.0,14.0,17.0,33.0,21.0,0.0,39.0,23.0,0.0,2.0,23.0,1.0,10.0,14.0,27.0,37.0,5.0,0.0,0.0,0.0,0.6637168141592921,0.02654867256637168,0.07079646017699115
467,3.409090909090909,1.4362348564112217,22,1.0,5.0,919670453,919672412,4.0,0.6509421367616192,0.02267361111111111,21.512239839744677,0.0,2.7142857142857144,2.0,2.0,2.0,3.6,1.0,0.0,3.8666666666666667,0.0,0.0,1.0,0.0,2.0,0.0,3.6666666666666665,1.5,2.0,4.0,3.0,0.0,7.0,2.0,1.0,1.0,5.0,1.0,0.0,15.0,0.0,0.0,1.0,0.0,1.0,0.0,9.0,2.0,3.0,9.0,1.0,0.0,0.0,0.5909090909090909,0.3181818181818182,0.4090909090909091
468,3.393939393939394,0.9662878045448577,33,2.0,5.0,831400405,831400545,3.0,0.9378331025992063,0.0016203703703703703,32.94661428241276,0.0,3.0,3.272727272727273,4.0,3.75,3.1818181818181817,2.7777777777777777,0.0,3.5714285714285716,3.75,0.0,4.0,5.0,4.0,3.6666666666666665,4.5,3.25,3.2142857142857144,3.3333333333333335,3.6666666666666665,0.0,12.0,11.0,3.0,4.0,11.0,9.0,0.0,14.0,4.0,0.0,1.0,2.0,2.0,3.0,4.0,4.0,14.0,3.0,3.0,0.0,0.0,0.42424242424242425,0.18181818181818182,0.15151515151515152
469,3.6731182795698927,1.015307387732031,465,1.0,5.0,965333419,965846506,4.0,0.8966138044091074,5.938506944444445,67.01729979132158,0.0,3.2432432432432434,3.385321100917431,3.4444444444444446,3.7058823529411766,3.642857142857143,4.0,1.0,3.9361702127659575,3.810810810810811,4.3076923076923075,3.5,0.0,3.6923076923076925,3.951219512195122,3.6527777777777777,3.311926605504587,3.529850746268657,4.115384615384615,4.090909090909091,0.0,148.0,109.0,9.0,17.0,168.0,74.0,1.0,188.0,37.0,13.0,40.0,0.0,13.0,41.0,72.0,109.0,134.0,26.0,11.0,0.0,0.0,0.5720430107526882,0.10967741935483871,0.26666666666666666
470,3.5125,0.6749355337241805,80,3.0,5.0,849074736,849843318,2.0,1.2904299215629023,8.895625,8.084380723804712,0.0,3.6153846153846154,3.5238095238095237,3.5,3.625,3.5714285714285716,3.2941176470588234,0.0,3.676470588235294,3.6666666666666665,0.0,3.0,3.3333333333333335,3.5,3.0,3.823529411764706,3.875,3.433333333333333,4.166666666666667,4.0,0.0,26.0,21.0,4.0,8.0,28.0,17.0,0.0,34.0,9.0,0.0,1.0,3.0,4.0,5.0,17.0,8.0,30.0,6.0,2.0,0.0,0.0,0.4125,0.0,0.1
471,3.875,0.7652765174419949,28,2.0,5.0,1496668924,1496671954,3.0,1.1556999177052514,0.035069444444444445,27.051325058705135,0.0,3.7083333333333335,3.6363636363636362,3.9285714285714284,3.9285714285714284,3.9642857142857144,4.0,0.0,4.041666666666667,4.333333333333333,0.0,3.5,3.625,3.5,4.0,3.9285714285714284,3.5714285714285716,3.5625,3.9,0.0,0.0,12.0,11.0,7.0,7.0,14.0,4.0,0.0,12.0,6.0,0.0,1.0,4.0,2.0,1.0,7.0,7.0,8.0,5.0,0.0,0.0,0.0,0.6428571428571429,0.03571428571428571,0.10714285714285714
472,4.120689655172414,0.8520476639689104,29,1.0,5.0,1345842829,1345843418,4.0,1.050367579109627,0.00681712962962963,28.803641839772848,0.0,4.75,4.4,0.0,0.0,3.8333333333333335,4.875,0.0,4.4,3.7,0.0,3.0,5.0,0.0,3.3333333333333335,3.5,3.8333333333333335,3.8333333333333335,0.0,0.0,0.0,4.0,5.0,0.0,0.0,9.0,8.0,0.0,15.0,5.0,0.0,1.0,3.0,0.0,3.0,2.0,3.0,6.0,0.0,0.0,0.0,0.0,0.7931034482758621,0.034482758620689655,0.3103448275862069
473,3.418918918918919,1.0961644842707576,37,0.5,5.0,1169351147,1169352625,4.5,0.8360054266363296,0.017106481481481483,36.37770545529029,0.0,3.375,3.5,4.0,2.5,3.026315789473684,4.375,3.5,3.8863636363636362,3.25,0.0,3.0,0.0,0.0,4.0,3.4444444444444446,3.6,3.6875,0.0,0.0,0.0,4.0,4.0,2.0,3.0,19.0,4.0,2.0,22.0,8.0,0.0,2.0,0.0,0.0,4.0,9.0,5.0,8.0,0.0,0.0,0.0,0.0,0.4864864864864865,0.1891891891891892,0.10810810810810811
474,3.398956356736243,0.8308474022243899,2108,0.5,5.0,974666330,1238350606,4.5,1.0742899401237629,3051.9013425925928,0.690490704887908,0.0,3.225663716814159,3.403409090909091,3.4875,3.2713178294573644,3.1820546163849155,3.48559670781893,3.693548387096774,3.549872122762148,3.285211267605634,3.7395833333333335,3.1019417475728157,3.9411764705882355,3.3955223880597014,3.4829931972789114,3.4784313725490197,3.4205298013245033,3.474212034383954,3.4646017699115044,3.2708333333333335,0.0,226.0,264.0,80.0,129.0,769.0,243.0,93.0,1173.0,142.0,48.0,103.0,17.0,134.0,147.0,510.0,151.0,349.0,113.0,48.0,1507.0,595.0,0.3733396584440228,0.12096774193548387,0.04506641366223909
475,4.409677419354839,0.4982794023421928,155,3.0,5.0,1498029334,1498031911,2.0,1.6714598498379165,0.02982638888888889,150.51080616339053,0.0,4.40625,4.450980392156863,4.145833333333333,4.25,4.333333333333333,4.291666666666667,0.0,4.571428571428571,4.618421052631579,0.0,4.5,4.305555555555555,4.666666666666667,4.875,4.45,4.379746835443038,4.3875,4.25,5.0,0.0,96.0,102.0,24.0,26.0,45.0,12.0,0.0,21.0,38.0,0.0,3.0,36.0,3.0,4.0,10.0,79.0,40.0,4.0,1.0,0.0,0.0,0.8838709677419355,0.0,0.27741935483870966
476,3.681159420289855,0.7374988259848763,69,2.0,5.0,835021272,835022523,3.0,1.194031524550529,0.014479166666666666,68.01519663209776,0.0,3.4285714285714284,3.7058823529411766,4.0,3.9473684210526314,3.3703703703703702,3.4285714285714284,0.0,3.727272727272727,4.125,0.0,0.0,4.333333333333333,4.5,3.6666666666666665,3.5652173913043477,4.0,3.526315789473684,4.333333333333333,4.0,0.0,14.0,17.0,11.0,19.0,27.0,7.0,0.0,33.0,8.0,0.0,0.0,3.0,6.0,3.0,23.0,4.0,19.0,3.0,2.0,0.0,0.0,0.5507246376811594,0.014492753623188406,0.14492753623188406
477,3.736666666666667,0.9280396821481419,600,0.5,5.0,1200939162,1300568809,4.5,0.9727250974499821,1153.1209143518518,0.519876204077765,0.0,3.7094972067039107,3.7303030303030305,3.9125,3.3176470588235296,3.595330739299611,3.983050847457627,4.25,3.9513274336283186,3.605769230769231,4.25,3.5434782608695654,4.02,3.35,3.9903846153846154,3.711267605633803,3.842541436464088,3.7265625,4.421052631578948,3.5625,0.0,179.0,165.0,80.0,85.0,257.0,59.0,8.0,226.0,104.0,6.0,46.0,25.0,20.0,52.0,71.0,181.0,128.0,19.0,8.0,280.0,215.0,0.635,0.058333333333333334,0.07333333333333333
478,2.8181818181818183,1.0751019281185181,22,0.5,4.5,1121467274,1121467563,4.0,0.8509900086719475,0.0033449074074074076,21.92665736137226,0.0,3.125,3.0,3.0,3.25,2.8125,3.5,0.0,2.6875,3.25,0.0,0.5,4.5,3.75,3.5,2.5,2.8,2.2,1.5,2.5,0.0,8.0,8.0,3.0,4.0,8.0,2.0,0.0,8.0,4.0,0.0,1.0,1.0,2.0,2.0,5.0,5.0,5.0,1.0,2.0,0.0,0.0,0.22727272727272727,0.36363636363636365,0.0
479,3.320441988950276,1.191204723147686,181,1.0,5.0,1039360590,1039392595,4.0,0.7744705251404361,0.37042824074074077,132.0755035682615,0.0,2.56,3.0,3.3333333333333335,3.0416666666666665,3.42,3.2666666666666666,3.0,3.7464788732394365,3.1666666666666665,0.0,2.7142857142857144,1.0,3.923076923076923,2.75,3.4680851063829787,2.56,3.0,3.2,3.0,0.0,25.0,30.0,15.0,24.0,100.0,15.0,1.0,71.0,18.0,0.0,7.0,1.0,13.0,8.0,47.0,25.0,24.0,5.0,5.0,0.0,0.0,0.4696132596685083,0.24861878453038674,0.26519337016574585
480,3.27511961722488,1.049791817421951,836,0.5,5.0,1179159558,1182448353,4.5,0.8697226618312415,38.06475694444445,21.400363534551335,0.0,3.042372881355932,3.2283236994219653,3.1538461538461537,3.330188679245283,3.0803814713896456,3.397810218978102,3.3214285714285716,3.595108695652174,3.3469387755102042,3.7,2.6857142857142855,3.53125,3.4444444444444446,3.4836065573770494,3.2842465753424657,3.0575221238938055,3.126237623762376,3.75,2.9375,0.0,236.0,173.0,39.0,53.0,367.0,137.0,14.0,368.0,98.0,5.0,70.0,16.0,27.0,61.0,146.0,113.0,202.0,42.0,16.0,0.0,0.0,0.3696172248803828,0.15311004784688995,0.09688995215311005
481,2.806451612903226,1.0138821377494092,31,1.0,5.0,884773369,895844838,4.0,0.8977610521886029,128.14200231481482,0.24004583670950072,0.0,2.7777777777777777,2.6666666666666665,0.0,2.0,2.1666666666666665,3.1666666666666665,0.0,3.0,0.0,5.0,2.0,0.0,0.0,3.0,3.5,2.8,2.8333333333333335,4.0,0.0,0.0,9.0,3.0,0.0,2.0,6.0,6.0,0.0,15.0,0.0,1.0,2.0,0.0,0.0,6.0,6.0,5.0,12.0,1.0,0.0,0.0,0.0,0.22580645161290322,0.41935483870967744,0.12903225806451613
482,3.40625,1.1717642664217887,128,0.5,5.0,1105395950,1105397453,4.5,0.7863092448835511,0.017395833333333333,125.81140575406984,0.0,3.807017543859649,3.9342105263157894,2.9,3.7777777777777777,3.1636363636363636,3.576923076923077,0.0,3.0306122448979593,3.411764705882353,0.0,3.6666666666666665,4.3,4.0,3.0555555555555554,3.25,4.0,3.7837837837837838,1.8333333333333333,3.0,0.0,57.0,38.0,5.0,9.0,55.0,13.0,0.0,49.0,17.0,0.0,6.0,5.0,3.0,9.0,26.0,24.0,37.0,3.0,1.0,0.0,0.0,0.53125,0.1875,0.1796875
483,3.618818681318681,0.9599777794782899,728,0.5,5.0,1178209415,1416133267,4.5,0.9434160030148837,2753.7482870370372,0.2642709693026164,0.0,3.488986784140969,3.640096618357488,3.828125,3.5,3.61094674556213,3.8383838383838382,3.7,3.835249042145594,3.8152173913043477,4.333333333333333,2.8297872340425534,3.7738095238095237,3.4791666666666665,3.745614035087719,3.649390243902439,3.456953642384106,3.4766666666666666,3.75,3.75,0.0,227.0,207.0,96.0,89.0,338.0,99.0,5.0,261.0,138.0,3.0,47.0,42.0,48.0,57.0,164.0,151.0,150.0,28.0,10.0,0.0,0.0,0.5164835164835165,0.09752747252747253,0.11538461538461539
484,3.8145454545454545,0.8371872837715737,275,1.0,5.0,1342227680,1343273681,4.0,1.0670225869643106,12.106493055555555,20.981966635493965,0.0,3.697674418604651,3.806451612903226,4.642857142857143,4.3604651162790695,3.9050632911392404,3.967391304347826,4.5,3.7954545454545454,3.9696969696969697,3.25,2.8958333333333335,4.0,4.7,3.5,3.778688524590164,3.4318181818181817,3.2589285714285716,4.125,0.0,0.0,43.0,31.0,28.0,43.0,158.0,46.0,1.0,88.0,33.0,2.0,24.0,11.0,20.0,29.0,61.0,22.0,56.0,4.0,0.0,0.0,0.0,0.6690909090909091,0.06545454545454546,0.12
485,3.869565217391304,1.3586205512841112,23,1.0,5.0,837943215,837943384,4.0,0.6855792612545051,0.0019560185185185184,22.95509940047823,0.0,3.909090909090909,3.6,4.0,4.0,3.8,4.6,0.0,4.1,0.0,0.0,3.0,5.0,4.0,0.0,4.666666666666667,3.25,4.545454545454546,4.333333333333333,5.0,0.0,11.0,10.0,1.0,1.0,5.0,5.0,0.0,10.0,0.0,0.0,2.0,1.0,1.0,0.0,3.0,4.0,11.0,3.0,1.0,0.0,0.0,0.6956521739130435,0.13043478260869565,0.5652173913043478
486,4.017857142857143,0.9814844310083011,56,2.0,5.0,839536920,839537372,3.0,0.9246550124329291,0.005231481481481481,55.70856169115276,0.0,3.9473684210526314,4.0,3.0,3.0,3.6666666666666665,4.0,0.0,4.571428571428571,3.5,0.0,3.5,5.0,3.0,3.6,4.142857142857143,3.8461538461538463,4.1,5.0,4.5,0.0,38.0,25.0,1.0,2.0,12.0,17.0,0.0,14.0,6.0,0.0,2.0,1.0,1.0,5.0,7.0,13.0,30.0,4.0,2.0,0.0,0.0,0.6428571428571429,0.05357142857142857,0.42857142857142855
487,3.142857142857143,0.9663158043653398,56,0.5,5.0,1428574138,1429347656,4.5,0.9378084765377642,8.952754629629629,5.6265829997743975,0.0,3.28125,3.4705882352941178,3.4285714285714284,3.4166666666666665,2.760869565217391,3.0,0.0,3.4130434782608696,3.7222222222222223,0.0,3.375,3.25,0.0,3.0833333333333335,3.2,3.5,3.1666666666666665,4.333333333333333,0.0,0.0,16.0,17.0,7.0,6.0,23.0,8.0,0.0,23.0,9.0,0.0,4.0,2.0,0.0,6.0,15.0,11.0,15.0,3.0,0.0,3.0,3.0,0.3392857142857143,0.16071428571428573,0.05357142857142857
488,3.8828828828828827,1.0465418268037812,111,0.5,5.0,1112381806,1112382828,4.5,0.8721879800824219,0.011828703703703704,109.70236324952529,0.0,3.5,4.369565217391305,4.233333333333333,4.088235294117647,3.93859649122807,4.136363636363637,4.25,3.712962962962963,4.125,3.25,4.166666666666667,4.375,3.8333333333333335,3.5,3.890625,3.75,3.9285714285714284,4.1,4.0,0.0,10.0,23.0,15.0,17.0,57.0,11.0,2.0,54.0,20.0,2.0,3.0,4.0,9.0,6.0,32.0,2.0,7.0,5.0,1.0,0.0,0.0,0.6306306306306306,0.06306306306306306,0.24324324324324326
489,3.017746913580247,1.1986248628383533,648,0.5,5.0,1332704542,1385824168,4.5,0.7700453214905644,614.8104861111111,1.0522717859063557,0.0,2.7698412698412698,2.977124183006536,3.5,3.1020408163265305,2.8607142857142858,3.0517241379310347,4.0,3.2611940298507465,3.0572916666666665,3.1666666666666665,2.8771929824561404,3.1666666666666665,3.735294117647059,3.0306122448979593,3.073298429319372,2.888888888888889,2.8125,3.36,2.95,0.0,189.0,153.0,37.0,49.0,280.0,87.0,3.0,268.0,96.0,3.0,57.0,30.0,34.0,49.0,191.0,99.0,168.0,25.0,10.0,0.0,0.0,0.3055555555555556,0.23765432098765432,0.08024691358024691
490,3.15929203539823,0.8870735563136798,113,0.5,4.5,1324370305,1334940537,4.0,1.0130957248359436,122.34064814814815,0.9161618792879401,0.0,2.875,2.85,3.5,3.4,2.75,3.4375,0.0,3.587719298245614,2.8863636363636362,0.0,2.6666666666666665,3.1538461538461537,3.0,3.642857142857143,3.0,3.2142857142857144,3.38,3.6666666666666665,0.0,0.0,28.0,30.0,6.0,5.0,52.0,16.0,0.0,57.0,22.0,0.0,3.0,13.0,1.0,7.0,33.0,14.0,25.0,3.0,0.0,0.0,0.0,0.3008849557522124,0.1504424778761062,0.04424778761061947
491,4.15625,0.7175520555199829,64,2.0,5.0,1522605146,1531431599,3.0,1.2231637034585838,102.15802083333334,0.6204074049016628,0.0,4.25,4.416666666666667,3.7,4.214285714285714,4.019230769230769,4.25,0.0,4.153846153846154,4.3,0.0,0.0,5.0,0.0,5.0,4.130434782608695,4.25,5.0,4.5,0.0,0.0,6.0,12.0,5.0,7.0,52.0,6.0,0.0,26.0,15.0,0.0,0.0,5.0,0.0,2.0,23.0,2.0,1.0,1.0,0.0,0.0,0.0,0.859375,0.046875,0.203125
492,3.8677685950413223,0.8159059255446319,121,2.0,5.0,863975945,863977546,3.0,1.0918151876846551,0.01853009259259259,118.79865001534073,0.0,4.128205128205129,4.074074074074074,4.0,3.2857142857142856,3.8,3.857142857142857,0.0,3.774193548387097,3.7,0.0,4.25,0.0,3.25,3.6,3.5,4.133333333333334,4.023809523809524,5.0,0.0,0.0,39.0,27.0,5.0,14.0,55.0,14.0,0.0,31.0,10.0,0.0,8.0,0.0,4.0,5.0,14.0,15.0,42.0,1.0,0.0,0.0,0.0,0.6115702479338843,0.008264462809917356,0.2644628099173554
493,3.6885245901639343,1.0884389985442051,61,1.0,5.0,1001562338,1001562930,4.0,0.8414399066548336,0.006851851851851852,60.58488136840169,0.0,3.82,3.526315789473684,0.0,0.0,4.0,4.0625,0.0,3.6818181818181817,3.4,0.0,2.4285714285714284,0.0,0.0,0.0,4.2,3.533333333333333,3.6363636363636362,3.75,4.0,0.0,50.0,19.0,0.0,0.0,10.0,16.0,0.0,22.0,5.0,0.0,7.0,0.0,0.0,0.0,5.0,15.0,22.0,4.0,2.0,0.0,0.0,0.6557377049180327,0.14754098360655737,0.2786885245901639
494,4.2272727272727275,1.1925090867905042,22,1.0,5.0,1000384043,1001666641,4.0,0.7736889513737589,14.84488425925926,1.3884607574298866,0.0,4.352941176470588,4.2727272727272725,0.0,0.0,1.5,4.0,0.0,4.666666666666667,2.0,0.0,5.0,0.0,0.0,0.0,0.0,4.444444444444445,4.0,4.333333333333333,4.0,0.0,17.0,11.0,0.0,0.0,2.0,5.0,0.0,6.0,1.0,0.0,2.0,0.0,0.0,0.0,0.0,9.0,4.0,3.0,1.0,0.0,0.0,0.7272727272727273,0.09090909090909091,0.6818181818181818
495,4.009433962264151,1.146844179619465,265,0.5,5.0,1458634556,1458637139,4.5,0.8020248370611943,0.029895833333333333,257.3075756043289,0.0,3.86046511627907,3.6315789473684212,3.75,3.4285714285714284,3.9895833333333335,4.228070175438597,3.75,4.303030303030303,3.130434782608696,4.25,3.4583333333333335,3.933333333333333,4.2,4.475,4.176470588235294,3.8452380952380953,4.032467532467533,4.266666666666667,5.0,0.0,86.0,57.0,8.0,7.0,96.0,57.0,2.0,132.0,23.0,2.0,12.0,15.0,5.0,20.0,34.0,42.0,77.0,15.0,1.0,0.0,0.0,0.7245283018867924,0.09056603773584905,0.32452830188679244
496,3.413793103448276,1.0094992174096713,29,1.0,5.0,1415165412,1415521047,4.0,0.9013075307386721,4.116145833333333,5.6683294309274155,0.0,3.2777777777777777,2.9166666666666665,2.625,3.0,2.8333333333333335,4.5,0.0,3.6,3.8,0.0,2.5,3.8333333333333335,3.8333333333333335,5.0,3.3181818181818183,3.3,5.0,2.0,0.0,0.0,9.0,12.0,4.0,2.0,6.0,3.0,0.0,15.0,5.0,0.0,1.0,3.0,3.0,1.0,11.0,5.0,1.0,1.0,0.0,0.0,0.0,0.4482758620689655,0.10344827586206896,0.13793103448275862
497,3.5686274509803924,1.0955346085046207,51,2.0,5.0,1429127139,1432417926,3.0,0.8364458819396319,38.0878125,1.3047545190716416,0.0,2.8461538461538463,2.75,4.0,3.375,3.5,3.8636363636363638,0.0,3.9827586206896552,2.3333333333333335,0.0,4.333333333333333,3.6666666666666665,4.0,3.4285714285714284,3.7222222222222223,3.0555555555555554,3.3214285714285716,4.125,0.0,0.0,13.0,12.0,3.0,4.0,11.0,11.0,0.0,29.0,9.0,0.0,3.0,3.0,1.0,7.0,9.0,9.0,14.0,4.0,0.0,0.0,0.0,0.5294117647058824,0.19607843137254902,0.23529411764705882
498,4.057142857142857,1.027356892649263,35,2.0,5.0,839196963,839197444,3.0,0.8870305459791199,0.005567129629629629,34.80622921006895,0.0,3.4615384615384617,3.769230769230769,5.0,4.333333333333333,4.230769230769231,3.8333333333333335,0.0,4.428571428571429,0.0,0.0,0.0,5.0,5.0,4.0,4.25,3.0,3.857142857142857,5.0,3.0,0.0,13.0,13.0,2.0,3.0,13.0,6.0,0.0,14.0,0.0,0.0,0.0,2.0,2.0,2.0,4.0,4.0,14.0,3.0,1.0,0.0,0.0,0.6285714285714286,0.05714285714285714,0.4857142857142857
499,3.8333333333333335,1.1351041971825928,27,0.5,5.0,1289959850,1289960550,4.5,0.8096482890116549,0.008101851851851851,26.78300803673938,0.0,3.7857142857142856,3.7857142857142856,3.5,3.5,3.5714285714285716,3.5,4.5,4.1,3.6666666666666665,0.0,3.8,0.0,4.3,3.0,4.0,2.3333333333333335,4.0,0.0,4.357142857142857,0.0,7.0,7.0,1.0,2.0,7.0,1.0,1.0,10.0,3.0,0.0,5.0,0.0,5.0,1.0,1.0,3.0,6.0,0.0,7.0,0.0,0.0,0.6296296296296297,0.07407407407407407,0.2962962962962963
500,3.244186046511628,1.3366863903533808,86,1.0,5.0,1005527309,1005528355,4.0,0.6960461285876249,0.012106481481481482,84.97129657159847,0.0,3.75,3.611111111111111,3.5652173913043477,3.5789473684210527,3.211267605633803,3.2857142857142856,0.0,3.1481481481481484,3.7142857142857144,0.0,3.3333333333333335,3.5,3.4545454545454546,4.5,3.111111111111111,3.8333333333333335,3.25,4.0,0.0,0.0,8.0,18.0,23.0,19.0,71.0,7.0,0.0,27.0,14.0,0.0,3.0,2.0,11.0,2.0,27.0,6.0,8.0,1.0,0.0,0.0,0.0,0.5348837209302325,0.2441860465116279,0.3488372093023256
501,3.2,0.967658842962558,45,1.0,5.0,844973340,844974425,4.0,0.9366287804306317,0.01255787037037037,44.44190432645596,0.0,3.3076923076923075,3.2142857142857144,2.75,2.6666666666666665,3.3333333333333335,3.090909090909091,0.0,2.9375,2.0,0.0,3.5,0.0,2.0,3.0,3.25,3.6,3.3333333333333335,3.0,0.0,0.0,13.0,14.0,4.0,6.0,15.0,11.0,0.0,16.0,2.0,0.0,2.0,0.0,2.0,4.0,8.0,5.0,18.0,2.0,0.0,0.0,0.0,0.28888888888888886,0.13333333333333333,0.17777777777777778
502,3.4285714285714284,1.6853296812356273,35,0.5,5.0,1111757227,1111758076,4.5,0.5601206379473284,0.00982638888888889,34.659423030636454,0.0,2.5,3.75,4.0,3.375,3.2,4.416666666666667,0.0,3.2941176470588234,3.3333333333333335,0.0,3.5,0.0,4.0,2.0,1.9166666666666667,4.055555555555555,2.9444444444444446,5.0,5.0,0.0,5.0,6.0,3.0,4.0,15.0,6.0,0.0,17.0,3.0,0.0,5.0,0.0,4.0,2.0,6.0,9.0,9.0,1.0,1.0,0.0,0.0,0.5428571428571428,0.2571428571428571,0.37142857142857144
503,3.3421052631578947,1.0897568484766642,95,0.5,5.0,1335214342,1335232865,4.5,0.8405078745967091,0.21438657407407408,78.22879635542255,0.0,2.892857142857143,2.909090909090909,3.3,2.75,2.92,3.8,3.5,3.6048387096774195,2.75,0.0,3.0555555555555554,3.0,3.125,3.45,3.2142857142857144,3.3461538461538463,3.375,3.7,0.0,0.0,14.0,11.0,5.0,6.0,25.0,20.0,1.0,62.0,4.0,0.0,9.0,3.0,4.0,10.0,14.0,13.0,28.0,5.0,0.0,0.0,0.0,0.4421052631578947,0.14736842105263157,0.08421052631578947
504,3.82183908045977,0.5954137290048971,87,2.0,5.0,1063644399,1077909293,3.0,1.4379928929947225,165.10293981481482,0.523771584638988,0.0,3.4166666666666665,4.0625,4.166666666666667,3.7,3.7604166666666665,4.027777777777778,3.625,3.9245283018867925,3.75,0.0,3.5,4.0,4.0,4.0,3.736111111111111,3.75,3.875,4.25,4.0,0.0,6.0,8.0,3.0,5.0,48.0,18.0,4.0,53.0,10.0,0.0,1.0,1.0,2.0,5.0,36.0,2.0,16.0,2.0,1.0,0.0,0.0,0.6666666666666666,0.022988505747126436,0.011494252873563218
505,4.17741935483871,0.9268979366393241,31,2.0,5.0,1298779438,1298780266,3.0,0.973806611465837,0.009583333333333333,30.705736690053655,0.0,4.2,4.0,4.375,4.5,3.772727272727273,4.333333333333333,0.0,4.0,4.5,0.0,4.4375,0.0,4.625,4.375,3.0,3.9285714285714284,4.590909090909091,0.0,0.0,0.0,10.0,2.0,4.0,5.0,11.0,3.0,0.0,10.0,6.0,0.0,16.0,0.0,4.0,4.0,2.0,7.0,11.0,0.0,0.0,0.0,0.0,0.7096774193548387,0.03225806451612903,0.45161290322580644
506,3.261904761904762,1.1594684191898987,42,0.5,5.0,1424486885,1424487747,4.5,0.7939857679347044,0.009976851851851851,41.58511150328894,0.0,2.3333333333333335,2.3333333333333335,2.0,3.0,3.0277777777777777,3.5,3.5,3.326923076923077,2.5,0.0,4.5,5.0,3.0,2.0,3.375,4.166666666666667,3.1,3.0,4.0,0.0,3.0,3.0,1.0,1.0,18.0,6.0,1.0,26.0,5.0,0.0,2.0,1.0,1.0,3.0,20.0,3.0,5.0,1.0,1.0,3.0,3.0,0.35714285714285715,0.14285714285714285,0.19047619047619047
507,3.380952380952381,0.6690433824641326,21,3.0,5.0,838964549,838964765,2.0,1.3003167607994324,0.0025,20.947630922693268,0.0,3.375,3.2,3.0,4.0,3.5,3.0,0.0,3.3333333333333335,3.0,0.0,3.0,3.0,3.0,3.0,3.6666666666666665,3.3333333333333335,3.5,3.3333333333333335,3.0,0.0,8.0,5.0,1.0,2.0,4.0,4.0,0.0,9.0,1.0,0.0,2.0,2.0,1.0,1.0,6.0,3.0,8.0,3.0,2.0,0.0,0.0,0.2857142857142857,0.0,0.09523809523809523
508,2.1458333333333335,1.0578810513666361,24,1.0,4.5,1268297455,1268298460,3.5,0.8636465713120612,0.011631944444444445,23.724043246953837,0.0,1.75,2.7857142857142856,1.5,2.0,2.34375,0.0,0.0,1.9545454545454546,1.6666666666666667,0.0,1.75,0.0,1.8333333333333333,0.0,1.7,3.75,2.0,4.5,3.0,0.0,2.0,7.0,1.0,2.0,16.0,0.0,0.0,11.0,3.0,0.0,2.0,0.0,3.0,0.0,5.0,4.0,1.0,1.0,2.0,0.0,0.0,0.16666666666666666,0.75,0.16666666666666666
509,3.21627408993576,0.6779106960639856,467,1.0,5.0,1435992276,1444255616,4.0,1.2854946011923032,95.64050925925926,4.832342084903242,0.0,3.1693548387096775,3.258522727272727,3.3513513513513513,3.19140625,3.1425339366515836,3.230769230769231,4.0,3.31875,3.2716535433070866,3.5,2.7954545454545454,3.3541666666666665,3.2755102040816326,3.2916666666666665,3.2298387096774195,3.2294117647058824,3.093220338983051,3.2142857142857144,3.5,0.0,124.0,176.0,111.0,128.0,221.0,39.0,1.0,160.0,127.0,2.0,22.0,48.0,49.0,24.0,124.0,85.0,59.0,7.0,6.0,3.0,3.0,0.1841541755888651,0.08565310492505353,0.017130620985010708
510,2.9027777777777777,1.1670282038838806,108,0.5,4.5,1141158702,1141160613,4.0,0.7892484136774961,0.022118055555555554,105.66294119645345,0.0,2.5714285714285716,2.9411764705882355,3.5,3.1666666666666665,2.883720930232558,3.0416666666666665,4.0,2.951923076923077,2.7777777777777777,4.0,2.2,4.0,3.5,2.5416666666666665,2.9473684210526314,2.272727272727273,2.5,3.9,2.1666666666666665,0.0,28.0,17.0,1.0,3.0,43.0,24.0,1.0,52.0,9.0,2.0,10.0,1.0,1.0,12.0,19.0,11.0,25.0,5.0,3.0,0.0,0.0,0.23148148148148148,0.23148148148148148,0.09259259259259259
511,4.125,0.5847322162373837,52,3.0,5.0,1450093982,1522156052,2.0,1.4604249315082891,834.0517361111112,0.06227159079049077,0.0,4.068181818181818,4.166666666666667,4.5,3.8333333333333335,4.3125,4.8,0.0,4.216666666666667,4.0,0.0,3.375,4.416666666666667,3.5,4.125,4.3,3.9761904761904763,3.9375,4.666666666666667,4.0,0.0,22.0,18.0,1.0,3.0,8.0,5.0,0.0,30.0,6.0,0.0,4.0,6.0,1.0,4.0,5.0,21.0,16.0,3.0,1.0,0.0,0.0,0.75,0.0,0.21153846153846154
512,3.78,0.9100347604933134,50,2.0,5.0,841449201,841449636,3.0,0.9900649354994353,0.0050347222222222225,49.74952496113318,0.0,3.6315789473684212,3.3333333333333335,3.6666666666666665,3.4,3.4615384615384617,4.333333333333333,0.0,3.7916666666666665,3.4,0.0,5.0,4.0,3.6666666666666665,4.4,3.8,3.5,4.0476190476190474,4.8,3.0,0.0,19.0,12.0,3.0,5.0,13.0,9.0,0.0,24.0,5.0,0.0,2.0,3.0,3.0,5.0,10.0,8.0,21.0,5.0,2.0,0.0,0.0,0.54,0.04,0.28
513,3.890625,0.8398768630944005,32,2.0,5.0,1159980339,1159980754,3.0,1.0639691636919897,0.004803240740740741,31.84703104302252,0.0,3.85,3.8,4.0,4.0,3.8333333333333335,4.5,0.0,4.333333333333333,3.5,0.0,2.8333333333333335,4.5,4.0,4.0,3.6666666666666665,3.857142857142857,3.8333333333333335,4.375,3.6666666666666665,0.0,10.0,10.0,1.0,1.0,9.0,3.0,0.0,12.0,4.0,0.0,3.0,1.0,1.0,2.0,6.0,7.0,9.0,4.0,3.0,3.0,3.0,0.65625,0.03125,0.15625
514,3.3110831234256928,0.9499218923990044,397,0.5,5.0,1533871404,1537799250,4.5,0.9524518035480373,45.46118055555556,8.544767809446656,3.0,3.3469387755102042,3.4066666666666667,3.8333333333333335,3.638888888888889,3.3758620689655174,3.5851063829787235,3.6,3.647727272727273,3.2142857142857144,4.0,2.6988636363636362,3.7083333333333335,3.6,3.0689655172413794,3.478723404255319,3.26056338028169,3.318681318681319,3.55,3.9166666666666665,2.0,98.0,75.0,24.0,36.0,145.0,47.0,5.0,132.0,49.0,2.0,88.0,12.0,20.0,29.0,47.0,71.0,91.0,10.0,6.0,0.0,0.0,0.4760705289672544,0.19395465994962216,0.05289672544080604
515,4.846153846153846,0.3396831102433789,26,4.0,5.0,1513601957,1513678313,1.0,2.274365279681695,0.88375,13.80225613802256,0.0,4.785714285714286,4.857142857142857,5.0,5.0,5.0,4.85,0.0,4.923076923076923,4.0,0.0,4.5,5.0,0.0,4.625,5.0,4.9,4.6875,4.8,0.0,0.0,14.0,7.0,1.0,1.0,1.0,10.0,0.0,13.0,1.0,0.0,1.0,4.0,0.0,4.0,2.0,10.0,8.0,5.0,0.0,0.0,0.0,1.0,0.0,0.8076923076923077
516,3.6923076923076925,0.8375789285425352,26,2.0,5.0,994624770,994625299,3.0,1.0665768710848678,0.006122685185185185,25.84177892302914,0.0,4.0,4.0,5.0,5.0,3.5384615384615383,3.4,0.0,3.8,4.0,0.0,0.0,0.0,0.0,0.0,3.5,4.0,3.6666666666666665,3.25,3.0,0.0,5.0,9.0,1.0,1.0,13.0,5.0,0.0,10.0,3.0,0.0,0.0,0.0,0.0,0.0,6.0,4.0,3.0,4.0,1.0,0.0,0.0,0.5384615384615384,0.038461538461538464,0.19230769230769232
517,2.38625,1.3475814918560518,400,0.5,5.0,1487952883,1492339529,4.5,0.6908073953873406,50.77136574074074,7.726278692416756,1.75,1.8214285714285714,2.4110169491525424,2.611111111111111,2.7216981132075473,2.2443181818181817,2.022727272727273,1.75,2.4685714285714284,2.9166666666666665,1.25,1.3,2.6363636363636362,2.9537037037037037,2.1153846153846154,2.5,2.1944444444444446,1.8055555555555556,2.54,2.25,2.0,70.0,118.0,63.0,106.0,176.0,44.0,2.0,175.0,66.0,2.0,10.0,22.0,54.0,26.0,100.0,36.0,54.0,25.0,6.0,0.0,0.0,0.1975,0.4775,0.2025
518,3.5416666666666665,1.187952812218554,24,0.5,5.0,1056907448,1056907754,4.5,0.7764259610392534,0.0035416666666666665,23.91529997924019,0.0,3.857142857142857,3.5714285714285716,4.0,4.0,3.9285714285714284,4.166666666666667,0.0,3.3636363636363638,4.0,0.0,4.333333333333333,4.0,3.1666666666666665,4.0,2.875,3.5,4.0,2.5,0.0,0.0,7.0,7.0,2.0,2.0,7.0,3.0,0.0,11.0,2.0,0.0,3.0,1.0,3.0,3.0,4.0,7.0,7.0,1.0,0.0,0.0,0.0,0.5833333333333334,0.125,0.125
519,4.326923076923077,0.6919871052600285,26,3.0,5.0,1518379626,1522552943,2.0,1.2626468200788141,48.30228009259259,0.527358977133927,0.0,4.285714285714286,3.75,0.0,0.0,4.142857142857143,4.590909090909091,0.0,4.666666666666667,0.0,0.0,0.0,4.0,0.0,5.0,4.111111111111111,4.0,4.75,5.0,0.0,0.0,7.0,2.0,0.0,0.0,14.0,11.0,0.0,12.0,0.0,0.0,0.0,1.0,0.0,1.0,9.0,1.0,4.0,1.0,0.0,0.0,0.0,0.8076923076923077,0.0,0.46153846153846156
520,3.881720430107527,0.8183630644169958,186,1.0,5.0,1326607856,1326688307,4.0,1.0888939666087614,0.9311458333333333,96.31587464264524,0.0,3.893939393939394,3.9461538461538463,4.2,4.208333333333333,3.9347826086956523,3.88,3.5,3.8461538461538463,4.103448275862069,4.5,3.8214285714285716,3.5,3.6,3.95,3.9782608695652173,3.8615384615384616,4.014705882352941,3.9166666666666665,3.1666666666666665,0.0,66.0,65.0,10.0,12.0,92.0,25.0,1.0,52.0,29.0,1.0,14.0,4.0,5.0,10.0,23.0,65.0,34.0,6.0,3.0,2.0,2.0,0.6505376344086021,0.053763440860215055,0.1935483870967742
521,3.6,0.5905234531480936,40,3.0,5.0,852713082,852713493,2.0,1.4481767352593227,0.004756944444444445,39.810623077720564,0.0,3.6,3.6666666666666665,4.0,4.0,3.5714285714285716,3.5555555555555554,0.0,3.7,3.75,0.0,0.0,0.0,4.0,3.4,3.7,3.2,3.625,0.0,0.0,0.0,10.0,9.0,1.0,3.0,14.0,9.0,0.0,20.0,4.0,0.0,0.0,0.0,2.0,5.0,10.0,5.0,16.0,0.0,0.0,0.0,0.0,0.55,0.0,0.05
522,3.83,1.0626599790882214,200,0.5,5.0,1253342770,1449731619,4.5,0.860096690336084,2273.019085648148,0.08795000941823466,0.0,3.914473684210526,3.789473684210526,3.6818181818181817,2.2,3.683098591549296,4.031914893617022,4.25,3.7873563218390807,3.7142857142857144,3.5,4.375,3.9523809523809526,3.7857142857142856,4.0,3.772727272727273,4.028846153846154,3.9622641509433962,3.7,4.75,0.0,76.0,57.0,11.0,10.0,71.0,47.0,2.0,87.0,21.0,1.0,4.0,21.0,7.0,20.0,22.0,52.0,53.0,10.0,2.0,0.0,0.0,0.66,0.09,0.18
523,4.693333333333333,0.44942405585591655,75,3.0,5.0,1503125806,1507987988,2.0,1.8200877616145814,56.27525462962963,1.3094660248127645,0.0,4.782608695652174,4.637931034482759,4.604166666666667,4.392857142857143,4.4523809523809526,4.833333333333333,0.0,4.743589743589744,4.732142857142857,0.0,5.0,4.916666666666667,4.75,5.0,4.777777777777778,4.666666666666667,4.730769230769231,4.75,0.0,0.0,23.0,29.0,24.0,14.0,21.0,12.0,0.0,39.0,28.0,0.0,4.0,6.0,4.0,3.0,18.0,12.0,13.0,4.0,0.0,0.0,0.0,0.96,0.0,0.6
524,3.4580152671755724,1.076029324627089,131,1.0,5.0,851608466,852404913,4.0,0.8503189325802681,9.218136574074075,12.820341463469887,0.0,3.5428571428571427,3.8085106382978724,4.0,3.2,3.4,2.857142857142857,0.0,3.4545454545454546,4.0,3.0,3.1666666666666665,5.0,3.5,3.1666666666666665,3.466666666666667,3.4,3.5555555555555554,4.0,3.8,0.0,70.0,47.0,2.0,5.0,35.0,21.0,0.0,44.0,12.0,1.0,6.0,1.0,2.0,6.0,15.0,30.0,45.0,11.0,5.0,0.0,0.0,0.45038167938931295,0.15267175572519084,0.25190839694656486
525,3.542,0.7295893373689101,500,0.5,4.5,1476475797,1476482591,4.0,1.2054156857555054,0.07863425925925926,463.5491555250338,3.0,3.508130081300813,3.5205479452054793,3.3214285714285716,3.326530612244898,3.5462555066079293,3.7906976744186047,3.564516129032258,3.6769662921348316,3.51875,3.5,3.8333333333333335,3.4347826086956523,3.5403225806451615,3.8823529411764706,3.565891472868217,3.5063291139240507,3.6164383561643834,3.7083333333333335,3.75,1.0,123.0,146.0,84.0,98.0,227.0,43.0,31.0,178.0,80.0,1.0,9.0,46.0,62.0,17.0,129.0,79.0,73.0,12.0,2.0,0.0,0.0,0.422,0.06,0.008
526,4.189655172413793,0.6057298497991402,58,2.5,5.0,1502131848,1502138891,2.5,1.4169727981388527,0.0815162037037037,53.62841518358786,0.0,4.0,4.277777777777778,3.8333333333333335,3.8333333333333335,4.2,4.3076923076923075,0.0,4.211111111111111,3.75,0.0,4.0,3.5,0.0,3.75,4.153846153846154,4.166666666666667,4.0,4.333333333333333,0.0,0.0,7.0,9.0,3.0,3.0,25.0,13.0,0.0,45.0,2.0,0.0,1.0,1.0,0.0,2.0,13.0,3.0,6.0,3.0,0.0,0.0,0.0,0.8275862068965517,0.0,0.20689655172413793
527,4.119760479041916,0.9365560803719639,167,1.0,5.0,1033173260,1033176405,4.0,0.9647331378743675,0.03640046296296296,161.1346250488581,0.0,4.395348837209302,4.216867469879518,3.9411764705882355,4.076923076923077,3.980769230769231,3.6666666666666665,4.0,3.9285714285714284,4.142857142857143,4.0,4.333333333333333,4.333333333333333,4.0,3.909090909090909,3.909090909090909,4.351351351351352,4.25,3.625,4.0,0.0,43.0,83.0,17.0,39.0,52.0,9.0,1.0,56.0,28.0,1.0,21.0,3.0,20.0,11.0,22.0,37.0,32.0,8.0,3.0,0.0,0.0,0.8323353293413174,0.05389221556886228,0.41317365269461076
528,3.4726027397260273,1.2662565425927939,73,0.5,5.0,1391734359,1391736916,4.5,0.7319269616101997,0.029594907407407407,70.90167159414099,0.0,3.8035714285714284,2.875,2.75,2.6666666666666665,3.03125,3.8846153846153846,4.5,3.5641025641025643,2.125,4.0,4.0,3.5555555555555554,0.0,3.142857142857143,3.142857142857143,3.357142857142857,4.0,4.125,0.0,0.0,28.0,16.0,4.0,3.0,16.0,26.0,1.0,39.0,4.0,1.0,2.0,9.0,0.0,7.0,7.0,7.0,25.0,4.0,0.0,0.0,0.0,0.4931506849315068,0.1917808219178082,0.2328767123287671
529,3.2,1.1902380714238083,25,1.0,5.0,855583215,855583519,4.0,0.7750507616756931,0.0035185185185185185,24.91234545119026,0.0,3.888888888888889,3.5454545454545454,3.0,3.0,2.5833333333333335,0.0,0.0,4.0,3.2,0.0,0.0,0.0,3.0,4.0,3.0,4.25,3.875,0.0,0.0,0.0,9.0,11.0,2.0,4.0,12.0,0.0,0.0,2.0,5.0,0.0,0.0,0.0,2.0,2.0,3.0,4.0,8.0,0.0,0.0,0.0,0.0,0.36,0.2,0.28
530,3.7777777777777777,0.8006407690254357,27,2.0,5.0,843226667,843227185,3.0,1.1103206010561557,0.0059953703703703705,26.839089716744517,0.0,3.5,3.5,0.0,3.0,3.8,4.0,0.0,3.8666666666666667,5.0,0.0,4.0,4.0,0.0,3.0,3.8,3.5,3.8461538461538463,4.0,5.0,0.0,8.0,6.0,0.0,1.0,10.0,3.0,0.0,15.0,1.0,0.0,1.0,1.0,0.0,1.0,10.0,4.0,13.0,2.0,1.0,0.0,0.0,0.6296296296296297,0.037037037037037035,0.18518518518518517
531,3.772727272727273,1.109775532079227,22,2.0,5.0,1032961510,1032961914,3.0,0.8265996240486957,0.004675925925925926,21.89760840514262,0.0,3.9,4.0,0.0,3.0,2.5,4.5,0.0,4.0,3.0,0.0,3.0,0.0,3.0,0.0,3.0,4.0,4.4,0.0,3.0,0.0,10.0,14.0,0.0,1.0,6.0,2.0,0.0,5.0,4.0,0.0,3.0,0.0,1.0,0.0,2.0,5.0,5.0,0.0,1.0,0.0,0.0,0.5454545454545454,0.13636363636363635,0.36363636363636365
532,4.28,0.7835033829029766,50,2.0,5.0,1025523148,1025570575,3.0,1.1318575789876932,0.5489236111111111,32.28048151718263,0.0,4.357142857142857,4.5,0.0,0.0,3.75,4.090909090909091,0.0,4.296296296296297,4.0,4.0,4.5,0.0,0.0,4.333333333333333,4.0,4.555555555555555,4.285714285714286,5.0,3.0,0.0,28.0,8.0,0.0,0.0,4.0,22.0,0.0,27.0,1.0,1.0,6.0,0.0,0.0,3.0,5.0,9.0,21.0,5.0,1.0,0.0,0.0,0.84,0.02,0.46
533,4.381578947368421,0.8006265327543257,38,3.0,5.0,1424753506,1424754175,2.0,1.110338151977121,0.007743055555555556,37.70802467008924,0.0,4.458333333333333,4.4375,5.0,5.0,4.285714285714286,4.333333333333333,0.0,4.166666666666667,5.0,0.0,4.431818181818182,4.0,3.0,4.0,4.5,4.291666666666667,4.5,5.0,5.0,0.0,12.0,8.0,3.0,3.0,14.0,6.0,0.0,12.0,5.0,0.0,22.0,1.0,1.0,5.0,4.0,12.0,13.0,1.0,1.0,3.0,3.0,0.7368421052631579,0.0,0.5789473684210527
534,3.8048076923076923,0.6763810260690817,520,1.5,5.0,1459787995,1487277900,3.5,1.2880273556698447,318.1701967592593,1.6292248000593261,0.0,3.743197278911565,3.725296442687747,3.9226190476190474,3.897590361445783,3.886574074074074,3.816666666666667,0.0,3.825242718446602,3.799107142857143,4.5,4.15625,3.5253164556962027,4.0227272727272725,3.7954545454545454,3.9375,3.6951219512195124,3.784,3.861111111111111,3.7142857142857144,0.0,294.0,253.0,84.0,83.0,216.0,60.0,0.0,103.0,112.0,1.0,32.0,79.0,22.0,22.0,56.0,164.0,125.0,18.0,7.0,0.0,0.0,0.6288461538461538,0.04807692307692308,0.032692307692307694
535,2.6666666666666665,1.493279966205689,30,1.0,5.0,939028383,939029986,4.0,0.6276360848127943,0.01855324074074074,29.453541356544665,0.0,2.1666666666666665,1.0,5.0,0.0,2.5555555555555554,2.75,0.0,2.6363636363636362,1.0,0.0,3.0,0.0,3.0,3.5,2.5555555555555554,4.0,1.8,0.0,0.0,0.0,6.0,2.0,1.0,0.0,18.0,4.0,0.0,11.0,1.0,0.0,2.0,0.0,2.0,2.0,9.0,1.0,5.0,0.0,0.0,0.0,0.0,0.3,0.4666666666666667,0.5
536,3.4,1.3549529275577936,40,1.0,5.0,832839783,832840726,4.0,0.6873074592719275,0.010914351851851852,39.568139404417074,0.0,3.3,4.0,0.0,0.0,3.5384615384615383,2.8,0.0,3.652173913043478,0.0,0.0,2.75,5.0,0.0,3.0,2.75,2.8333333333333335,3.4285714285714284,5.0,3.3333333333333335,0.0,10.0,6.0,0.0,0.0,13.0,5.0,0.0,23.0,0.0,0.0,4.0,1.0,0.0,2.0,4.0,6.0,14.0,3.0,3.0,0.0,0.0,0.45,0.225,0.425
537,4.0638297872340425,1.168504345383614,47,0.5,5.0,1424137997,1459504338,4.5,0.7883299758800476,409.332650462963,0.11454121417579531,0.0,4.0,4.4,0.0,0.0,3.9,4.5,5.0,4.045454545454546,4.5625,0.0,5.0,3.857142857142857,0.0,4.5,2.8333333333333335,3.1666666666666665,4.678571428571429,3.1666666666666665,4.5,0.0,17.0,10.0,0.0,0.0,15.0,18.0,1.0,22.0,8.0,0.0,1.0,7.0,0.0,2.0,3.0,6.0,14.0,3.0,1.0,100.0,83.0,0.723404255319149,0.0851063829787234,0.425531914893617
538,4.472972972972973,0.5886182731375841,37,2.5,5.0,1307845456,1307847413,2.5,1.4521833634237624,0.022650462962962963,36.18049503717872,0.0,4.666666666666667,4.583333333333333,4.75,4.636363636363637,4.476190476190476,4.5,0.0,4.333333333333333,4.571428571428571,0.0,0.0,4.5,4.6923076923076925,4.0,4.333333333333333,5.0,0.0,2.5,4.5,0.0,3.0,12.0,8.0,11.0,21.0,1.0,0.0,12.0,7.0,0.0,0.0,5.0,13.0,1.0,12.0,2.0,0.0,1.0,1.0,0.0,0.0,0.918918918918919,0.0,0.3783783783783784
539,3.8026315789473686,1.0367534675559718,38,0.5,5.0,1332474425,1332475301,4.5,0.8796982182513217,0.010138888888888888,37.61858930290114,0.0,3.75,4.333333333333333,4.5,4.333333333333333,3.810344827586207,3.7,0.0,3.9444444444444446,4.5,0.0,4.25,4.5,3.5,0.0,4.333333333333333,3.0,2.0,3.5,0.0,0.0,12.0,15.0,10.0,12.0,29.0,5.0,0.0,9.0,8.0,0.0,2.0,1.0,1.0,0.0,6.0,3.0,1.0,1.0,0.0,0.0,0.0,0.5,0.07894736842105263,0.21052631578947367
540,4.0,0.8263938705413375,42,2.0,5.0,1179107805,1180330457,3.0,1.0794544651031108,14.151064814814815,2.772082392448887,0.0,4.204545454545454,3.9375,3.5,3.75,3.769230769230769,4.388888888888889,0.0,3.9545454545454546,3.642857142857143,5.0,3.7,4.166666666666667,4.0,3.8333333333333335,3.1666666666666665,4.458333333333333,3.9166666666666665,5.0,0.0,0.0,22.0,16.0,1.0,2.0,13.0,9.0,0.0,11.0,7.0,1.0,5.0,3.0,1.0,6.0,3.0,12.0,18.0,1.0,0.0,0.0,0.0,0.6666666666666666,0.047619047619047616,0.23809523809523808
541,3.3908045977011496,1.0821632280167528,87,1.0,5.0,835642917,835645373,4.0,0.8459068733491587,0.028425925925925927,84.59530026109661,0.0,3.2413793103448274,3.5217391304347827,3.6666666666666665,3.1818181818181817,3.135135135135135,3.2666666666666666,0.0,3.838709677419355,2.857142857142857,0.0,3.6,3.0,3.4,3.8,3.473684210526316,3.2222222222222223,3.5714285714285716,5.0,3.4,0.0,29.0,23.0,9.0,11.0,37.0,15.0,0.0,31.0,7.0,0.0,5.0,2.0,5.0,5.0,19.0,9.0,28.0,3.0,5.0,0.0,0.0,0.41379310344827586,0.13793103448275862,0.25287356321839083
542,3.5088495575221237,1.3412785426415705,113,0.5,5.0,1163386465,1163388903,4.5,0.6938284102718988,0.028217592592592593,109.89891713005697,0.0,3.2037037037037037,3.760869565217391,4.230769230769231,4.0625,3.425925925925926,3.3863636363636362,2.5,3.858974358974359,3.7,0.0,2.625,2.8,4.555555555555555,3.7,4.0588235294117645,3.6739130434782608,3.3529411764705883,5.0,3.5,0.0,27.0,23.0,13.0,16.0,54.0,22.0,1.0,39.0,15.0,0.0,8.0,5.0,9.0,10.0,17.0,23.0,34.0,1.0,1.0,0.0,0.0,0.5663716814159292,0.168141592920354,0.23008849557522124
543,4.453947368421052,1.2940315080629408,76,0.5,5.0,1230602062,1408809486,4.5,0.7173439009205306,2062.585925925926,0.03682909397916105,0.0,4.733333333333333,5.0,5.0,5.0,4.333333333333333,4.846153846153846,0.0,4.130434782608695,5.0,0.0,5.0,5.0,5.0,4.5,4.181818181818182,4.909090909090909,5.0,3.5,4.0,0.0,15.0,11.0,7.0,8.0,48.0,13.0,0.0,23.0,7.0,0.0,6.0,4.0,3.0,4.0,22.0,11.0,12.0,2.0,1.0,1.0,1.0,0.868421052631579,0.10526315789473684,0.8157894736842105
544,4.363636363636363,0.9534625892455925,22,2.0,5.0,850688537,850688776,3.0,0.9492506048232067,0.002766203703703704,21.93931139556089,0.0,4.25,4.333333333333333,3.0,3.0,4.333333333333333,4.0,5.0,4.625,3.0,0.0,5.0,0.0,0.0,3.5,4.5,4.333333333333333,4.125,0.0,0.0,0.0,8.0,6.0,1.0,1.0,6.0,1.0,1.0,8.0,1.0,0.0,1.0,0.0,0.0,2.0,4.0,3.0,8.0,0.0,0.0,0.0,0.0,0.7727272727272727,0.045454545454545456,0.6363636363636364
545,3.369565217391304,0.8818548543778183,23,1.5,5.0,1240358341,1240360306,3.5,1.01848047656054,0.022743055555555555,22.488541843490072,0.0,3.5625,2.7,0.0,3.0,2.875,4.375,0.0,3.1,2.5,0.0,3.0,3.5,0.0,3.6666666666666665,2.8333333333333335,3.6,3.8333333333333335,3.8333333333333335,2.5,0.0,8.0,5.0,0.0,3.0,8.0,4.0,0.0,5.0,1.0,0.0,1.0,1.0,0.0,3.0,3.0,5.0,9.0,3.0,1.0,0.0,0.0,0.34782608695652173,0.08695652173913043,0.08695652173913043
546,3.4375,1.206792942616589,64,1.0,5.0,973588258,973588771,4.0,0.7652321705975101,0.0059375,63.62224293258777,0.0,3.5,3.3,2.0,2.3333333333333335,3.5,3.1666666666666665,0.0,3.0555555555555554,4.0,0.0,3.7142857142857144,0.0,2.0,2.6666666666666665,3.75,3.1176470588235294,3.5,2.0,0.0,0.0,18.0,10.0,1.0,3.0,12.0,6.0,0.0,18.0,2.0,0.0,21.0,0.0,2.0,3.0,4.0,17.0,18.0,2.0,0.0,0.0,0.0,0.53125,0.25,0.28125
547,4.142857142857143,0.9636241116594314,21,2.0,5.0,942722850,942723549,3.0,0.9401817700802522,0.008090277777777778,20.831467640271413,0.0,3.6666666666666665,0.0,0.0,0.0,4.8,3.6666666666666665,3.5,4.0,5.0,5.0,0.0,0.0,3.0,4.5,4.166666666666667,5.0,4.2,2.6666666666666665,0.0,0.0,3.0,0.0,0.0,0.0,5.0,3.0,2.0,12.0,2.0,1.0,0.0,0.0,1.0,2.0,6.0,2.0,5.0,3.0,0.0,0.0,0.0,0.7142857142857143,0.047619047619047616,0.47619047619047616
548,4.096153846153846,1.0489921903353785,26,1.0,5.0,1488243190,1494880303,4.0,0.8703279346991128,76.8184375,0.33411105176713424,0.0,4.0,3.9285714285714284,0.0,0.0,3.9375,4.3,3.5,4.269230769230769,4.0,0.0,0.0,5.0,0.0,3.5,3.4,3.6,4.875,4.75,0.0,0.0,12.0,7.0,0.0,0.0,8.0,5.0,1.0,13.0,1.0,0.0,0.0,1.0,0.0,1.0,5.0,5.0,4.0,2.0,0.0,0.0,0.0,0.6923076923076923,0.07692307692307693,0.4230769230769231
549,3.6666666666666665,1.3994046353122223,21,1.0,5.0,1464282580,1464282746,4.0,0.6669313782611918,0.0019212962962962964,20.959730148095097,0.0,3.8333333333333335,2.875,0.0,1.0,0.0,4.571428571428571,0.0,4.111111111111111,3.1666666666666665,0.0,0.0,4.5,0.0,5.0,0.0,3.4285714285714284,4.857142857142857,3.0,0.0,0.0,15.0,8.0,0.0,1.0,0.0,7.0,0.0,9.0,3.0,0.0,0.0,2.0,0.0,2.0,0.0,7.0,7.0,3.0,0.0,0.0,0.0,0.5714285714285714,0.23809523809523808,0.47619047619047616
550,4.107142857142857,0.8537189109045078,28,0.5,5.0,1488629921,1488728600,4.5,1.048526970123303,1.1421180555555555,13.071175011751738,0.0,4.233333333333333,4.178571428571429,3.875,4.166666666666667,4.166666666666667,4.25,0.0,3.9583333333333335,4.0,0.0,0.0,4.428571428571429,0.0,5.0,4.0,4.4,4.25,4.0,0.0,0.0,15.0,14.0,4.0,3.0,6.0,6.0,0.0,12.0,2.0,0.0,0.0,7.0,0.0,1.0,3.0,15.0,8.0,3.0,0.0,0.0,0.0,0.8928571428571429,0.03571428571428571,0.17857142857142858
551,3.7154471544715446,0.925683842952059,123,0.5,5.0,1504316369,1506129024,4.5,0.9749592984928598,20.97980324074074,5.59604645468404,0.0,3.75,3.5727272727272728,3.8333333333333335,4.3,3.7142857142857144,3.9107142857142856,4.0,3.723404255319149,3.0357142857142856,4.0,4.166666666666667,3.84375,0.0,3.9583333333333335,4.090909090909091,3.6805555555555554,3.8333333333333335,4.090909090909091,0.0,0.0,78.0,55.0,6.0,5.0,21.0,28.0,1.0,47.0,14.0,1.0,3.0,16.0,0.0,12.0,11.0,36.0,54.0,11.0,0.0,0.0,0.0,0.6991869918699187,0.0975609756097561,0.08130081300813008
552,3.11968085106383,1.1103720551273921,188,0.5,5.0,1111472912,1112151515,4.5,0.8261922404468843,7.854201388888889,21.232857910361137,0.0,2.8583333333333334,3.0272727272727273,3.423076923076923,3.0,3.1904761904761907,3.3653846153846154,0.0,3.3395061728395063,3.0961538461538463,3.6666666666666665,2.6666666666666665,4.0,3.8214285714285716,3.25,3.1515151515151514,3.0606060606060606,3.1,3.5,2.375,0.0,60.0,55.0,13.0,19.0,84.0,26.0,0.0,81.0,26.0,3.0,12.0,1.0,14.0,14.0,33.0,33.0,40.0,13.0,4.0,0.0,0.0,0.3191489361702128,0.21808510638297873,0.09574468085106383
553,4.337349397590361,0.6444341142832768,83,3.0,5.0,1219555208,1230775318,2.0,1.3433022222023985,129.86238425925927,0.6342540713270496,0.0,4.277777777777778,3.9285714285714284,0.0,0.0,4.023809523809524,4.4361702127659575,4.75,4.421568627450981,4.0,4.0,0.0,0.0,0.0,4.214285714285714,4.045454545454546,4.375,4.371428571428571,4.0,0.0,0.0,18.0,7.0,0.0,0.0,21.0,47.0,4.0,51.0,1.0,1.0,0.0,0.0,0.0,7.0,11.0,4.0,35.0,1.0,0.0,0.0,0.0,0.7831325301204819,0.0,0.39759036144578314
554,4.0,1.2702898738620105,89,1.0,5.0,944898646,944903769,4.0,0.7297725970794854,0.05929398148148148,84.01822492706752,0.0,3.727272727272727,3.7142857142857144,3.642857142857143,4.0,3.757575757575758,4.5,0.0,4.181818181818182,3.466666666666667,0.0,3.142857142857143,3.5,3.909090909090909,4.0,4.357142857142857,4.5,4.2727272727272725,4.5,3.0,0.0,11.0,14.0,14.0,19.0,33.0,6.0,0.0,44.0,15.0,0.0,7.0,2.0,33.0,3.0,28.0,6.0,11.0,4.0,2.0,0.0,0.0,0.7528089887640449,0.15730337078651685,0.5617977528089888
555,3.4550173010380623,1.0866532738896508,578,1.0,5.0,978744095,980126214,4.0,0.8427061400354691,15.996747685185186,34.006505874285594,0.0,3.3943661971830985,3.5555555555555554,4.0,3.8620689655172415,3.4893617021276597,3.6774193548387095,3.0,3.6789473684210527,3.5813953488372094,3.0,2.926829268292683,4.0,3.4545454545454546,3.6333333333333333,3.5806451612903225,3.287878787878788,3.392,3.888888888888889,3.272727272727273,0.0,142.0,99.0,8.0,29.0,282.0,62.0,1.0,190.0,43.0,2.0,82.0,1.0,11.0,30.0,93.0,132.0,125.0,18.0,11.0,0.0,0.0,0.4740484429065744,0.15916955017301038,0.2508650519031142
556,4.078125,0.509733880600709,32,2.5,5.0,1534320935,1534321287,2.5,1.640059756913625,0.004074074074074074,31.87015861305791,0.0,4.125,4.153846153846154,5.0,4.416666666666667,4.333333333333333,0.0,0.0,3.7857142857142856,4.038461538461538,0.0,4.0,4.090909090909091,4.5,4.0,3.5,4.25,3.625,0.0,0.0,0.0,12.0,26.0,2.0,6.0,3.0,0.0,0.0,7.0,26.0,0.0,2.0,11.0,2.0,3.0,4.0,4.0,4.0,0.0,0.0,0.0,0.0,0.84375,0.0,0.125
557,3.8518518518518516,1.0173004889904875,27,0.5,5.0,1452797268,1453467942,4.5,0.8950143760373076,7.7624305555555555,3.0813368310099145,0.0,3.8214285714285716,3.875,3.5,4.333333333333333,3.5,4.833333333333333,0.0,3.9166666666666665,4.625,0.0,4.5,4.5,0.5,5.0,4.0,3.25,4.75,3.75,0.0,0.0,14.0,16.0,4.0,3.0,7.0,3.0,0.0,6.0,4.0,0.0,1.0,1.0,1.0,1.0,3.0,8.0,6.0,2.0,0.0,0.0,0.0,0.5925925925925926,0.07407407407407407,0.14814814814814814
558,3.9285714285714284,1.0763092299342036,56,1.0,5.0,1035415303,1035416409,4.0,0.8501165973643976,0.012800925925925926,55.29220853427194,0.0,4.2,4.166666666666667,4.333333333333333,4.5,3.9411764705882355,3.6,0.0,3.967741935483871,3.8461538461538463,0.0,3.25,0.0,5.0,4.2,3.9285714285714284,4.0,3.888888888888889,4.5,0.0,0.0,10.0,12.0,3.0,6.0,17.0,10.0,0.0,31.0,13.0,0.0,4.0,0.0,2.0,5.0,14.0,3.0,18.0,4.0,0.0,0.0,0.0,0.6785714285714286,0.08928571428571429,0.4107142857142857
559,3.2857142857142856,0.8673594616799155,140,1.0,5.0,845475789,868277238,4.0,1.0337418918334669,263.9056597222222,0.5284900297970334,0.0,3.2542372881355934,3.4146341463414633,3.857142857142857,3.4782608695652173,3.1311475409836067,3.2777777777777777,0.0,3.5714285714285716,3.4210526315789473,0.0,3.2,3.3333333333333335,3.5833333333333335,3.0,3.4615384615384617,3.4444444444444446,3.2195121951219514,3.4,3.0,0.0,59.0,41.0,14.0,23.0,61.0,18.0,0.0,42.0,19.0,0.0,5.0,3.0,12.0,6.0,26.0,27.0,41.0,5.0,2.0,0.0,0.0,0.32142857142857145,0.12142857142857143,0.12857142857142856
560,3.567685589519651,0.5717678576018698,458,0.5,4.5,1469647239,1478041012,4.0,1.4886094782353527,97.15015046296297,4.666319897011535,4.0,3.6233766233766236,3.519047619047619,3.4857142857142858,3.25,3.5091463414634148,3.808641975308642,3.4545454545454546,3.6146341463414635,3.5267857142857144,4.5,3.7045454545454546,3.3541666666666665,3.4411764705882355,3.697674418604651,3.38125,3.5544554455445545,3.6705426356589146,3.65625,3.272727272727273,1.0,154.0,105.0,35.0,22.0,164.0,81.0,11.0,205.0,56.0,2.0,22.0,24.0,17.0,43.0,80.0,101.0,129.0,16.0,11.0,0.0,0.0,0.4585152838427948,0.017467248908296942,0.002183406113537118
561,3.372277227722772,0.8486823133682265,505,1.0,5.0,1491090690,1491095811,4.0,1.0540936474820257,0.059270833333333335,476.7430425803914,0.0,3.313008130081301,3.3,3.0428571428571427,3.159090909090909,3.3555555555555556,3.4770114942528734,0.0,3.4877300613496933,3.3972602739726026,3.8333333333333335,3.4878048780487805,2.93,3.55,3.576923076923077,3.272727272727273,3.257042253521127,3.2275641025641026,3.8088235294117645,3.5,0.0,246.0,175.0,35.0,44.0,180.0,87.0,0.0,163.0,73.0,6.0,41.0,50.0,10.0,39.0,55.0,142.0,156.0,34.0,6.0,0.0,0.0,0.3603960396039604,0.10891089108910891,0.047524752475247525
562,4.093073593073593,0.6764643303328614,231,1.0,5.0,1368890721,1368897729,4.0,1.2878891675182444,0.0811111111111111,213.66906474820144,0.0,3.95,4.013513513513513,4.363636363636363,4.03125,4.144578313253012,4.1875,4.0,4.206140350877193,4.119047619047619,3.75,4.0625,3.875,4.2,4.025,4.175925925925926,3.9558823529411766,4.077464788732394,3.9375,3.25,0.0,50.0,37.0,11.0,16.0,83.0,40.0,1.0,114.0,21.0,2.0,56.0,8.0,5.0,20.0,54.0,34.0,71.0,8.0,2.0,0.0,0.0,0.7186147186147186,0.004329004329004329,0.19913419913419914
563,3.300469483568075,0.7096702431532441,213,1.0,5.0,1439932328,1450727682,4.0,1.235070707434573,124.94622685185185,1.6911979447430994,0.0,3.576923076923077,3.129032258064516,3.7058823529411766,3.485294117647059,3.2464788732394365,3.388888888888889,0.0,3.345744680851064,3.206896551724138,0.0,3.4166666666666665,3.2777777777777777,3.9130434782608696,3.5,3.25,3.45,3.090909090909091,3.75,0.0,0.0,13.0,31.0,17.0,34.0,142.0,9.0,0.0,94.0,29.0,0.0,6.0,9.0,23.0,3.0,118.0,10.0,11.0,4.0,0.0,0.0,0.0,0.24882629107981222,0.07981220657276995,0.03286384976525822
564,3.5796178343949046,0.8076349497066032,157,1.0,5.0,1478451457,1481817955,4.0,1.101764536858408,38.96409722222222,3.928526125011512,0.0,3.296875,3.5,1.0,2.1666666666666665,3.6503496503496504,3.6041666666666665,0.0,3.3846153846153846,3.3333333333333335,0.0,3.5,2.0,3.5,3.2,3.4705882352941178,3.2222222222222223,3.3214285714285716,2.5,4.0,0.0,32.0,15.0,1.0,3.0,143.0,24.0,0.0,39.0,6.0,0.0,1.0,3.0,1.0,5.0,51.0,9.0,14.0,3.0,1.0,0.0,0.0,0.4394904458598726,0.07643312101910828,0.10191082802547771
565,3.6551724137931036,0.8567322497625797,29,2.0,5.0,846533209,846533485,3.0,1.0452245131782247,0.0031944444444444446,28.907656098573998,0.0,3.125,3.3333333333333335,3.0,3.5,3.2857142857142856,3.3333333333333335,0.0,4.1,3.0,0.0,0.0,3.0,3.0,4.666666666666667,3.7142857142857144,5.0,3.8333333333333335,4.5,5.0,0.0,8.0,6.0,1.0,2.0,14.0,9.0,0.0,10.0,1.0,0.0,0.0,1.0,1.0,3.0,7.0,1.0,12.0,2.0,1.0,0.0,0.0,0.5517241379310345,0.06896551724137931,0.1724137931034483
566,3.5405405405405403,1.0228778792545066,74,1.0,5.0,849005083,849008838,4.0,0.8905687951248208,0.04346064814814815,70.91786367921912,0.0,3.3043478260869565,3.0952380952380953,2.0,2.5,3.5806451612903225,3.6666666666666665,0.0,3.727272727272727,3.1666666666666665,0.0,5.0,2.5,2.0,4.333333333333333,3.8333333333333335,3.3,3.5454545454545454,4.5,3.0,0.0,23.0,21.0,3.0,4.0,31.0,9.0,0.0,33.0,6.0,0.0,1.0,2.0,3.0,3.0,24.0,10.0,22.0,6.0,5.0,0.0,0.0,0.5675675675675675,0.14864864864864866,0.20270270270270271
567,2.2454545454545456,1.2210763539276364,385,0.5,5.0,1525282012,1525374553,4.5,0.7569585187312922,1.0710763888888888,185.89367445135548,2.6666666666666665,1.9006849315068493,2.0566666666666666,2.364864864864865,2.1160714285714284,2.329896907216495,2.0161290322580645,2.5,2.6033333333333335,2.106060606060606,4.0,2.175,1.9296875,1.8,2.6041666666666665,2.7142857142857144,2.1092436974789917,2.2828947368421053,2.475,2.5833333333333335,3.0,146.0,150.0,74.0,56.0,97.0,31.0,1.0,150.0,66.0,1.0,20.0,64.0,10.0,24.0,28.0,119.0,76.0,20.0,6.0,432.0,192.0,0.10649350649350649,0.509090909090909,0.13506493506493505
568,4.130434782608695,0.8688732424597103,23,2.0,5.0,1243575788,1253767289,3.0,1.0321267593903896,117.9571875,0.1933468711169722,0.0,3.0,3.625,0.0,2.75,3.8181818181818183,4.833333333333333,0.0,4.233333333333333,3.5,0.0,5.0,0.0,5.0,5.0,4.0,3.25,4.3,4.5,4.5,0.0,1.0,4.0,0.0,2.0,11.0,3.0,0.0,15.0,1.0,0.0,1.0,0.0,2.0,1.0,4.0,2.0,5.0,3.0,1.0,0.0,0.0,0.7391304347826086,0.043478260869565216,0.34782608695652173
569,4.0,0.7254762501100116,20,3.0,5.0,849190587,849190739,2.0,1.2114218911406955,0.0017592592592592592,19.96487660597098,0.0,4.090909090909091,4.0,4.0,4.0,3.857142857142857,4.142857142857143,0.0,4.2,4.0,0.0,0.0,4.0,4.0,3.0,3.75,4.333333333333333,4.0,3.0,4.0,0.0,11.0,10.0,2.0,2.0,7.0,7.0,0.0,5.0,1.0,0.0,0.0,1.0,2.0,1.0,4.0,3.0,11.0,1.0,1.0,0.0,0.0,0.75,0.0,0.25
570,3.4162303664921465,0.6615758136285562,191,0.5,4.5,1181475833,1181556014,4.0,1.3130669095640826,0.9280208333333333,99.06531957426117,0.0,3.4527027027027026,3.4765625,3.5,3.2857142857142856,3.2096774193548385,3.433333333333333,0.0,3.5542168674698793,3.2884615384615383,0.0,3.2916666666666665,3.625,3.25,3.45,3.4342105263157894,3.5754716981132075,3.5327868852459017,3.5,3.0,0.0,74.0,64.0,8.0,14.0,62.0,30.0,0.0,83.0,26.0,0.0,12.0,4.0,2.0,20.0,38.0,53.0,61.0,10.0,1.0,0.0,0.0,0.33507853403141363,0.03664921465968586,0.010471204188481676
571,2.5714285714285716,1.1984546033510974,112,1.0,5.0,966900003,966901472,4.0,0.7701462934623703,0.017002314814814814,110.1275762783234,0.0,2.7,3.3333333333333335,4.0,0.0,2.6315789473684212,4.0,0.0,3.3636363636363638,2.909090909090909,1.0,2.5,0.0,3.0,3.1,3.5,2.5454545454545454,2.75,0.0,0.0,0.0,10.0,6.0,1.0,0.0,19.0,1.0,0.0,11.0,11.0,1.0,104.0,0.0,1.0,10.0,4.0,22.0,40.0,0.0,0.0,0.0,0.0,0.20535714285714285,0.5446428571428571,0.2857142857142857
572,4.122580645161291,1.0403263965272005,155,1.0,5.0,945886771,979924065,4.0,0.876941902814355,393.95016203703705,0.39245458009323375,0.0,3.90625,3.967741935483871,3.6666666666666665,4.0,3.875,4.3478260869565215,0.0,4.188235294117647,3.2857142857142856,3.0,4.333333333333333,4.0,2.6666666666666665,4.285714285714286,3.977272727272727,3.933333333333333,4.178571428571429,4.55,4.666666666666667,0.0,32.0,31.0,6.0,6.0,56.0,23.0,0.0,85.0,7.0,2.0,3.0,1.0,3.0,14.0,44.0,15.0,28.0,20.0,6.0,0.0,0.0,0.7806451612903226,0.08387096774193549,0.49032258064516127
573,4.212374581939799,0.9723772399647261,299,0.5,5.0,1186588677,1415676012,4.5,0.9325076686939878,2651.4737847222223,0.11272495951597594,0.0,4.170068027210885,4.117924528301887,4.416666666666667,4.351851851851852,4.328125,4.283333333333333,4.25,4.140449438202247,4.157894736842105,4.25,4.326923076923077,4.303571428571429,4.111111111111111,4.37037037037037,3.814814814814815,4.138888888888889,4.193396226415095,4.323529411764706,3.5,0.0,147.0,106.0,24.0,27.0,96.0,60.0,4.0,89.0,38.0,2.0,26.0,28.0,9.0,27.0,27.0,72.0,106.0,17.0,3.0,31.0,22.0,0.8294314381270903,0.056856187290969896,0.29431438127090304
574,3.9565217391304346,0.928256472668725,23,2.0,5.0,834634383,834634527,3.0,0.9725200147825098,0.0016666666666666668,22.961730449251245,0.0,3.625,4.125,4.5,3.6666666666666665,3.875,3.5,0.0,4.0,3.0,0.0,5.0,4.0,4.5,5.0,4.0,4.0,3.8,4.5,0.0,0.0,8.0,8.0,2.0,3.0,8.0,6.0,0.0,9.0,2.0,0.0,1.0,2.0,2.0,1.0,3.0,3.0,10.0,2.0,0.0,0.0,0.0,0.7391304347826086,0.08695652173913043,0.30434782608695654
575,3.1666666666666665,1.2071217242444348,36,1.0,5.0,926510261,926510724,4.0,0.7650396909882569,0.005358796296296296,35.80811162405167,0.0,3.6666666666666665,4.0,1.0,1.0,3.3333333333333335,3.8333333333333335,1.0,3.6363636363636362,4.0,0.0,2.25,0.0,0.0,3.0,3.142857142857143,4.0,3.7142857142857144,3.0,0.0,0.0,3.0,2.0,1.0,1.0,24.0,6.0,1.0,11.0,2.0,0.0,4.0,0.0,0.0,1.0,7.0,1.0,7.0,1.0,0.0,0.0,0.0,0.3888888888888889,0.2222222222222222,0.2777777777777778
576,3.1,1.391704747876919,20,1.0,5.0,1358151480,1358151542,4.0,0.6703739472729159,0.0007175925925925926,19.985658439545695,0.0,3.1666666666666665,3.5,3.5,4.0,3.2,4.75,0.0,3.1,3.8,0.0,3.125,0.0,0.0,3.5,2.3333333333333335,2.857142857142857,3.4166666666666665,0.0,0.0,0.0,9.0,6.0,2.0,1.0,10.0,2.0,0.0,5.0,5.0,0.0,4.0,0.0,0.0,1.0,3.0,7.0,6.0,0.0,0.0,0.0,0.0,0.45,0.3,0.25
577,3.5652173913043477,0.857194615414523,161,1.0,5.0,945964946,945978676,4.0,1.0447196253469726,0.15891203703703705,138.9233995805453,0.0,3.557142857142857,3.610169491525424,3.5,3.1818181818181817,3.4571428571428573,3.6,0.0,3.7142857142857144,3.3333333333333335,0.0,3.090909090909091,0.0,2.75,3.7142857142857144,3.7083333333333335,3.3777777777777778,3.388888888888889,4.086956521739131,3.75,0.0,70.0,59.0,2.0,11.0,35.0,20.0,0.0,84.0,9.0,0.0,11.0,0.0,4.0,7.0,24.0,45.0,36.0,23.0,4.0,0.0,0.0,0.5031055900621118,0.08074534161490683,0.15527950310559005
578,3.962962962962963,1.1173967507450069,27,0.5,5.0,1300989485,1300996817,4.5,0.8214248965163022,0.08486111111111111,24.88797849187044,0.0,3.3333333333333335,5.0,0.0,3.5,3.9,5.0,0.0,4.157894736842105,3.3333333333333335,0.0,1.8333333333333333,0.0,0.0,5.0,4.321428571428571,0.0,3.0,0.0,0.0,0.0,3.0,1.0,0.0,1.0,10.0,1.0,0.0,19.0,3.0,0.0,3.0,0.0,0.0,1.0,14.0,0.0,6.0,0.0,0.0,0.0,0.0,0.7407407407407407,0.07407407407407407,0.2222222222222222
579,3.9726027397260273,0.9570295876612466,73,1.0,5.0,958879296,977366005,4.0,0.9460473118946192,213.96653935185185,0.3395877340729546,0.0,3.95,4.0,3.7777777777777777,3.75,3.967741935483871,3.6,0.0,4.181818181818182,3.875,0.0,3.5,5.0,3.6153846153846154,4.0,4.304347826086956,3.909090909090909,4.285714285714286,4.4,0.0,0.0,20.0,16.0,18.0,20.0,31.0,5.0,0.0,33.0,8.0,0.0,2.0,2.0,13.0,5.0,23.0,11.0,14.0,5.0,0.0,0.0,0.0,0.684931506849315,0.0547945205479452,0.3698630136986301
580,3.529816513761468,1.0439892381982658,436,0.5,5.0,1167673406,1212343035,4.5,0.8741340972533598,517.0095949074074,0.8416832512106917,0.0,3.7784431137724552,3.5714285714285716,3.3333333333333335,3.2045454545454546,3.335,3.75531914893617,2.875,3.458128078817734,3.642857142857143,2.142857142857143,3.725806451612903,4.166666666666667,2.875,3.6818181818181817,3.4274193548387095,3.664335664335664,3.803125,3.590909090909091,3.269230769230769,0.0,167.0,119.0,18.0,22.0,100.0,94.0,4.0,203.0,35.0,7.0,31.0,12.0,8.0,44.0,62.0,143.0,160.0,22.0,13.0,0.0,0.0,0.5091743119266054,0.10550458715596331,0.10091743119266056
581,4.375,0.477036793721514,40,3.0,5.0,1447007073,1447007480,2.0,1.7329917448602317,0.004710648148148148,39.81245752070685,0.0,4.285714285714286,4.428571428571429,4.3,4.416666666666667,4.357142857142857,4.5,0.0,4.375,4.35,0.0,4.5,4.5,0.0,4.5,4.222222222222222,4.277777777777778,4.125,4.6,0.0,0.0,7.0,14.0,5.0,6.0,7.0,5.0,0.0,24.0,10.0,0.0,1.0,4.0,0.0,3.0,9.0,9.0,8.0,5.0,0.0,0.0,0.0,0.875,0.0,0.175
582,4.026785714285714,0.6702756750169893,56,2.5,5.0,1446792609,1463474277,2.5,1.2982365047136455,193.07486111111112,0.2885484481575337,0.0,4.078125,4.173076923076923,3.875,4.2,3.875,4.1875,0.0,3.975,4.35,0.0,4.0,4.304347826086956,0.0,4.071428571428571,3.8333333333333335,3.9375,3.9285714285714284,3.8333333333333335,4.5,0.0,32.0,26.0,8.0,5.0,8.0,8.0,0.0,20.0,10.0,0.0,2.0,23.0,0.0,7.0,3.0,24.0,21.0,3.0,1.0,0.0,0.0,0.7321428571428571,0.0,0.125
583,3.294642857142857,0.8077847694567123,56,0.5,5.0,1481474136,1481474578,4.5,1.1015827029114802,0.005115740740740741,55.71497662421409,0.0,3.0,3.388888888888889,3.4545454545454546,3.5,3.3555555555555556,3.1,0.0,3.25,3.5,0.0,2.8333333333333335,4.0,3.3333333333333335,0.0,3.44,0.0,3.25,4.0,0.0,0.0,1.0,9.0,11.0,13.0,45.0,5.0,0.0,14.0,8.0,0.0,3.0,2.0,9.0,0.0,25.0,0.0,2.0,1.0,0.0,0.0,0.0,0.3392857142857143,0.10714285714285714,0.03571428571428571
584,4.108433734939759,1.104448302765784,83,1.0,5.0,834987019,834988340,4.0,0.8302556429393375,0.015289351851851853,81.75009404817547,0.0,4.275862068965517,4.473684210526316,4.8,4.4,3.71875,3.6153846153846154,0.0,4.32258064516129,4.285714285714286,0.0,3.75,5.0,4.6,4.8,4.352941176470588,4.230769230769231,4.448275862068965,5.0,5.0,0.0,29.0,19.0,5.0,10.0,32.0,13.0,0.0,31.0,7.0,0.0,4.0,3.0,5.0,5.0,17.0,13.0,29.0,3.0,1.0,0.0,0.0,0.7349397590361446,0.07228915662650602,0.5421686746987951
585,4.336065573770492,0.5825326276656803,61,2.5,5.0,1307416266,1307581877,2.5,1.465131422976928,1.9167939814814814,20.913372828963816,0.0,4.277777777777778,4.166666666666667,4.0,5.0,4.3125,4.453125,4.5,4.363636363636363,4.0,4.0,0.0,4.0,0.0,4.111111111111111,4.25,3.25,4.340909090909091,4.5,0.0,0.0,9.0,3.0,2.0,1.0,16.0,32.0,1.0,44.0,1.0,1.0,0.0,2.0,0.0,9.0,2.0,4.0,22.0,2.0,0.0,0.0,0.0,0.9016393442622951,0.0,0.3114754098360656
586,4.365384615384615,0.6206229114496793,208,2.5,5.0,1529899127,1529903653,2.5,1.3876883236869295,0.05238425925925926,197.64643776257617,5.0,4.421052631578948,4.482905982905983,4.61,4.509433962264151,4.4603174603174605,4.2272727272727275,0.0,4.0,4.5777777777777775,0.0,4.2,4.416666666666667,4.5,3.7777777777777777,4.142857142857143,4.4,4.24,3.8333333333333335,4.333333333333333,1.0,114.0,117.0,50.0,53.0,63.0,22.0,0.0,50.0,45.0,0.0,5.0,36.0,6.0,9.0,21.0,70.0,50.0,9.0,3.0,0.0,0.0,0.8605769230769231,0.0,0.3557692307692308
587,3.9757575757575756,0.9169908047489284,165,1.0,5.0,953136939,953142295,4.0,0.9832930596131367,0.06199074074074074,155.36858625049044,0.0,4.125,4.111111111111111,4.333333333333333,3.888888888888889,3.8434782608695652,4.25,0.0,4.2368421052631575,3.8333333333333335,3.5,3.0,0.0,3.5714285714285716,4.222222222222222,4.132075471698113,4.2272727272727275,4.2631578947368425,3.7142857142857144,4.4,0.0,24.0,27.0,3.0,9.0,115.0,20.0,0.0,76.0,12.0,2.0,2.0,0.0,7.0,9.0,53.0,22.0,19.0,7.0,5.0,0.0,0.0,0.8242424242424242,0.05454545454545454,0.30303030303030304
588,3.25,1.066003581778052,56,1.0,5.0,839316049,839317568,4.0,0.8576302985922982,0.01758101851851852,55.03247307180472,0.0,2.909090909090909,2.8181818181818183,3.0,3.0,3.25,3.4,0.0,3.3333333333333335,1.0,0.0,3.3333333333333335,3.0,3.0,3.4,3.0,2.6666666666666665,3.3076923076923075,4.0,3.0,0.0,22.0,11.0,1.0,1.0,12.0,20.0,0.0,30.0,1.0,0.0,3.0,2.0,1.0,5.0,5.0,6.0,26.0,4.0,2.0,0.0,0.0,0.3392857142857143,0.19642857142857142,0.21428571428571427
589,4.025,0.9736924170788859,40,1.0,5.0,856038815,856046112,4.0,0.9313654302603949,0.08445601851851851,36.88485223646435,0.0,4.0,4.166666666666667,0.0,3.3333333333333335,3.9,4.375,5.0,4.038461538461538,4.5,0.0,5.0,4.0,0.0,3.0,4.571428571428571,4.333333333333333,4.066666666666666,4.333333333333333,5.0,0.0,5.0,6.0,0.0,3.0,10.0,8.0,1.0,26.0,2.0,0.0,1.0,1.0,0.0,2.0,7.0,3.0,15.0,3.0,1.0,0.0,0.0,0.725,0.05,0.4
590,3.355769230769231,0.8341538301907905,728,0.5,5.0,1258415115,1297830498,4.5,1.0704875018237212,456.1965625,1.5923129343300781,0.0,3.2830578512396693,3.329081632653061,3.78125,3.35,3.0353159851301115,3.5450819672131146,3.75,3.676271186440678,3.3271604938271606,3.840909090909091,3.0568181818181817,3.5652173913043477,3.7857142857142856,3.360294117647059,3.4358974358974357,3.1965811965811968,3.26,3.989130434782609,3.7,0.0,242.0,196.0,32.0,70.0,269.0,122.0,2.0,295.0,81.0,22.0,44.0,23.0,35.0,68.0,117.0,117.0,200.0,46.0,25.0,0.0,0.0,0.3447802197802198,0.09065934065934066,0.050824175824175824
591,3.2777777777777777,1.1560614116133205,54,1.0,5.0,970524400,972086497,4.0,0.7961394170334171,18.07982638888889,2.8302144316914135,0.0,3.8,4.3076923076923075,3.8,4.0,3.6666666666666665,3.0,0.0,3.04,3.5,0.0,2.8,0.0,3.0,3.6,3.125,3.6363636363636362,2.5625,4.0,5.0,0.0,15.0,13.0,5.0,4.0,18.0,3.0,0.0,25.0,2.0,0.0,5.0,0.0,1.0,5.0,8.0,11.0,16.0,1.0,1.0,0.0,0.0,0.4444444444444444,0.2777777777777778,0.2222222222222222
592,3.5851063829787235,0.9990272092916467,94,1.0,5.0,837349824,837354433,4.0,0.9098955799688777,0.05334490740740741,89.23952576118845,0.0,3.7,3.8275862068965516,3.8333333333333335,3.7777777777777777,3.4473684210526314,3.6666666666666665,0.0,4.0,3.2857142857142856,0.0,3.3333333333333335,5.0,3.8,4.0,4.071428571428571,3.8666666666666667,3.606060606060606,4.666666666666667,3.8333333333333335,0.0,40.0,29.0,6.0,9.0,38.0,18.0,0.0,25.0,14.0,0.0,6.0,3.0,5.0,4.0,14.0,15.0,33.0,3.0,6.0,0.0,0.0,0.48936170212765956,0.07446808510638298,0.2553191489361702
593,3.266990291262136,1.0909959786337498,103,1.0,5.0,1181007064,1181008767,4.0,0.8396333975427434,0.019710648148148147,101.00904622998081,0.0,2.9642857142857144,2.9696969696969697,3.142857142857143,3.0,2.9318181818181817,3.8125,0.0,3.723404255319149,2.78125,4.0,4.0,3.1666666666666665,3.5,3.6,3.3461538461538463,3.0833333333333335,3.375,3.4166666666666665,0.0,0.0,28.0,33.0,7.0,12.0,44.0,16.0,0.0,47.0,16.0,1.0,1.0,6.0,7.0,5.0,39.0,12.0,16.0,6.0,0.0,0.0,0.0,0.4174757281553398,0.21359223300970873,0.10679611650485436
594,3.9245689655172415,1.358682129647072,232,0.5,5.0,1108798565,1138587710,4.5,0.6855503194804682,344.7817708333333,0.670943408731121,0.0,4.380952380952381,4.269230769230769,4.6,4.357142857142857,4.166666666666667,4.068181818181818,4.5,3.721590909090909,3.3947368421052633,0.0,1.7073170731707317,4.625,4.4375,2.033333333333333,4.523255813953488,4.3,3.4444444444444446,3.642857142857143,4.0,0.0,84.0,39.0,5.0,14.0,90.0,22.0,1.0,88.0,19.0,0.0,41.0,4.0,8.0,15.0,86.0,35.0,63.0,7.0,1.0,0.0,0.0,0.7974137931034483,0.12931034482758622,0.25
595,4.2,0.8335087534664906,20,2.0,5.0,938806929,938869480,3.0,1.0712272341170888,0.7239699074074074,11.601130573141504,0.0,4.0,4.333333333333333,4.5,4.5,4.0,4.333333333333333,0.0,4.4,5.0,0.0,0.0,0.0,4.0,4.0,4.333333333333333,4.5,4.4,0.0,0.0,0.0,3.0,3.0,2.0,2.0,7.0,3.0,0.0,10.0,3.0,0.0,0.0,0.0,1.0,2.0,6.0,4.0,5.0,0.0,0.0,0.0,0.0,0.85,0.05,0.4
596,3.495133819951338,0.6878568123117378,411,1.0,5.0,1535627133,1535836102,4.0,1.2692661716864382,2.418622685185185,120.22385558403218,3.0,3.3911917098445596,3.5221518987341773,3.979591836734694,3.7934782608695654,3.478448275862069,3.3879310344827585,4.25,3.5437956204379564,3.5256410256410255,4.0,3.6,3.510869565217391,3.725,3.7162162162162162,3.5476190476190474,3.5,3.446236559139785,3.15,3.0,2.0,193.0,158.0,49.0,46.0,116.0,58.0,2.0,137.0,78.0,2.0,20.0,46.0,20.0,37.0,63.0,134.0,93.0,10.0,4.0,0.0,0.0,0.35523114355231145,0.046228710462287104,0.0364963503649635
597,3.9774266365688487,1.0483495608490168,443,1.0,5.0,940360674,941814564,4.0,0.8708149801186525,16.827430555555555,24.849346551623395,0.0,3.559055118110236,3.7341772151898733,4.0,4.25,3.9904761904761905,3.973333333333333,5.0,4.098958333333333,3.9411764705882355,4.181818181818182,4.375,0.0,3.823529411764706,4.0,3.893617021276596,3.85,3.6517857142857144,4.666666666666667,4.0,0.0,127.0,79.0,9.0,20.0,210.0,75.0,2.0,192.0,34.0,11.0,16.0,0.0,17.0,38.0,94.0,40.0,112.0,21.0,8.0,0.0,0.0,0.7246049661399548,0.10158013544018059,0.40857787810383744
598,3.8095238095238093,1.6843113613298348,21,0.5,5.0,1430616732,1430617010,4.5,0.5604403030055847,0.0032175925925925926,20.932647269203258,0.0,4.3,3.6875,1.0,1.0,3.5,3.375,0.0,4.875,3.375,0.0,0.5,5.0,1.0,3.3333333333333335,3.6818181818181817,5.0,3.25,0.0,0.0,0.0,5.0,8.0,2.0,2.0,9.0,4.0,0.0,8.0,4.0,0.0,1.0,2.0,1.0,3.0,11.0,4.0,6.0,0.0,0.0,0.0,0.0,0.7142857142857143,0.23809523809523808,0.7142857142857143
599,2.6420500403551253,0.8153003923907163,2478,0.5,5.0,1498456035,1519558046,4.5,1.0925374973215656,244.23623842592593,10.10454252562875,3.0,2.7361477572559365,2.766816143497758,2.914110429447853,2.397590361445783,2.422051282051282,2.8126491646778042,3.0673076923076925,2.8232673267326733,2.652,3.3035714285714284,2.3979591836734695,2.9326923076923075,2.6159420289855073,2.8282208588957056,2.6662125340599454,2.7607655502392343,2.7035175879396984,2.8988095238095237,2.6530612244897958,4.0,758.0,446.0,163.0,166.0,975.0,419.0,52.0,1010.0,250.0,28.0,196.0,52.0,69.0,163.0,367.0,418.0,597.0,84.0,49.0,323.0,271.0,0.07667473769168684,0.27602905569007263,0.039951573849878935
600,2.991480996068152,1.0723160516067036,763,0.5,5.0,1237707766,1237859423,4.5,0.8530122901835746,1.7552893518518518,276.92191365933365,0.0,2.659090909090909,3.170967741935484,3.217741935483871,2.965217391304348,3.0652741514360313,2.896103896103896,3.8333333333333335,2.9448051948051948,3.511904761904762,3.0,2.9,2.6363636363636362,3.3278688524590163,2.8625,3.0,2.938775510204082,2.6956521739130435,2.5454545454545454,3.409090909090909,0.0,132.0,155.0,62.0,115.0,383.0,77.0,12.0,308.0,126.0,4.0,65.0,11.0,61.0,40.0,168.0,98.0,138.0,22.0,11.0,1.0,1.0,0.2529488859764089,0.23722149410222804,0.1127129750982962
601,4.425742574257426,0.4548963542053365,101,3.5,5.0,1441639169,1521467863,1.5,1.8021383496600796,923.9432175925926,0.10919589233042759,4.75,4.364864864864865,4.4375,4.571428571428571,4.555555555555555,4.35,4.5588235294117645,4.0,4.428571428571429,4.526315789473684,0.0,4.5,4.5,0.0,4.583333333333333,4.375,4.3,4.4,4.5625,4.0,2.0,37.0,40.0,21.0,18.0,20.0,17.0,1.0,49.0,19.0,0.0,1.0,10.0,0.0,12.0,16.0,20.0,25.0,8.0,1.0,0.0,0.0,0.9603960396039604,0.0,0.3069306930693069
602,3.3925925925925924,0.9780905575409111,135,1.0,5.0,840875507,840876779,4.0,0.9275658644863441,0.014722222222222222,133.04133588831095,0.0,3.5714285714285716,3.206896551724138,4.0,3.0,3.3,3.7142857142857144,3.0,3.2941176470588234,3.7142857142857144,3.5,3.6666666666666665,4.0,4.0,3.4545454545454546,3.24,3.3333333333333335,3.6862745098039214,4.0,2.5,0.0,42.0,29.0,2.0,8.0,40.0,28.0,1.0,68.0,7.0,2.0,3.0,2.0,2.0,11.0,25.0,15.0,51.0,7.0,6.0,0.0,0.0,0.4,0.1259259259259259,0.1925925925925926
603,3.5079533404029695,1.1536383642752084,943,1.0,5.0,953924711,1002403751,4.0,0.797678204892964,561.1,1.6776374310620885,0.0,3.176470588235294,3.0588235294117645,2.25,3.125,3.3046153846153845,3.7430555555555554,3.857142857142857,3.6099815157116453,3.5531914893617023,4.260869565217392,3.4415584415584415,0.0,3.53125,3.5256410256410255,3.449074074074074,3.2151898734177213,3.556701030927835,3.5161290322580645,3.9473684210526314,0.0,153.0,102.0,4.0,16.0,325.0,144.0,28.0,541.0,47.0,23.0,77.0,0.0,32.0,78.0,216.0,79.0,194.0,31.0,19.0,0.0,0.0,0.5970307529162248,0.1792152704135737,0.2704135737009544
604,3.48,0.7450849046595397,100,1.0,5.0,832079767,832081130,4.0,1.18331305468398,0.015775462962962963,98.44695372765288,0.0,3.625,3.6315789473684212,3.4285714285714284,3.6153846153846154,3.2413793103448274,3.6315789473684212,0.0,3.4871794871794872,3.4166666666666665,0.0,3.6363636363636362,3.5,3.25,3.75,3.0714285714285716,3.588235294117647,3.6666666666666665,3.0,3.5,0.0,32.0,19.0,7.0,13.0,29.0,19.0,0.0,39.0,12.0,0.0,22.0,2.0,4.0,4.0,14.0,17.0,30.0,2.0,2.0,0.0,0.0,0.44,0.04,0.1
605,3.2104072398190047,0.818718686697297,221,1.0,5.0,1277094764,1277177012,4.0,1.0884724720195922,0.9519444444444445,113.22043546321332,0.0,3.2246376811594204,3.2641509433962264,2.9423076923076925,3.207547169811321,3.258426966292135,3.0454545454545454,3.0,3.1186440677966103,3.152173913043478,0.0,2.8666666666666667,3.6785714285714284,3.076923076923077,3.4375,3.330508474576271,3.2884615384615383,2.92,2.7777777777777777,3.3333333333333335,0.0,69.0,106.0,26.0,53.0,89.0,11.0,1.0,59.0,138.0,0.0,15.0,14.0,26.0,8.0,59.0,26.0,25.0,9.0,3.0,0.0,0.0,0.23529411764705882,0.11764705882352941,0.08597285067873303
606,3.6573991031390136,0.7241205012691343,1115,0.5,5.0,1171228846,1368460577,4.5,1.2134147839545475,2282.7746643518517,0.48822680162118504,0.0,3.1788079470198674,3.503401360544218,3.7142857142857144,3.4489795918367347,3.5653206650831355,3.654135338345865,3.8,3.7879656160458453,3.597938144329897,3.8125,3.3461538461538463,3.0625,3.727272727272727,3.791208791208791,3.740845070422535,3.5569620253164556,3.5251256281407035,3.792307692307692,3.411764705882353,0.0,151.0,147.0,42.0,49.0,421.0,133.0,5.0,698.0,97.0,8.0,52.0,16.0,44.0,91.0,355.0,79.0,199.0,65.0,17.0,7.0,7.0,0.5497757847533632,0.04035874439461883,0.03497757847533632
607,3.786096256684492,0.9656571952001531,187,1.0,5.0,963078392,997847387,4.0,0.9383880712335252,402.4189236111111,0.4635379974893413,0.0,3.7222222222222223,3.466666666666667,3.3333333333333335,3.4210526315789473,3.327272727272727,3.814814814814815,0.0,4.012195121951219,3.5714285714285716,0.0,4.114285714285714,5.0,3.6,4.647058823529412,3.5172413793103448,3.25,4.114754098360656,4.166666666666667,4.0,0.0,72.0,45.0,6.0,19.0,55.0,27.0,0.0,82.0,21.0,0.0,35.0,1.0,5.0,17.0,29.0,36.0,61.0,6.0,2.0,0.0,0.0,0.5935828877005348,0.06951871657754011,0.29411764705882354
608,3.1341756919374246,1.0792620249470206,831,0.5,5.0,1117161730,1189563917,4.5,0.8479879609834174,837.988275462963,0.9904786804576561,0.0,3.3303249097472922,3.2209944751381214,3.118181818181818,2.460227272727273,2.7366197183098593,3.613013698630137,3.0,3.4375,3.0,3.75,3.3195876288659796,4.0,2.757575757575758,3.550724637681159,2.8867924528301887,3.2964071856287425,3.5366795366795367,3.5789473684210527,2.6363636363636362,0.0,277.0,181.0,55.0,88.0,355.0,146.0,6.0,280.0,111.0,4.0,97.0,12.0,33.0,69.0,106.0,167.0,259.0,19.0,11.0,0.0,0.0,0.3369434416365824,0.19374247894103488,0.06257521058965103
609,3.27027027027027,0.45022516889074815,37,3.0,4.0,847220802,847221080,1.0,1.8174377628271645,0.0032175925925925926,36.881330902881935,0.0,3.090909090909091,3.2,3.0,3.0,3.2857142857142856,3.5,3.0,3.3684210526315788,3.0,0.0,3.5,3.0,0.0,0.0,3.2,3.0,3.2857142857142856,3.5,4.0,0.0,11.0,10.0,1.0,2.0,7.0,6.0,2.0,19.0,1.0,0.0,2.0,1.0,0.0,0.0,5.0,5.0,14.0,4.0,1.0,0.0,0.0,0.2702702702702703,0.0,0.0
610,3.6885560675883258,0.8574220363116731,1302,0.5,5.0,1479541963,1495959411,4.5,1.0444714682485816,190.01675925925926,6.8161558443824735,0.0,3.6005802707930368,3.7059925093632957,3.9015151515151514,3.6517857142857144,3.7311435523114356,3.8003663003663,4.2,3.874739039665971,3.5927152317880795,4.35,3.5066006600660065,3.6280487804878048,3.9285714285714284,3.7666666666666666,3.73109243697479,3.6593625498007967,3.573529411764706,3.776595744680851,3.742424242424242,0.0,517.0,267.0,66.0,56.0,411.0,273.0,5.0,479.0,151.0,10.0,303.0,82.0,14.0,120.0,119.0,251.0,510.0,47.0,33.0,3.0,3.0,0.4715821812596006,0.052995391705069124,0.14823348694316435
